id,dishName,city,state,tasteProfile,famousSpot,img,description
1,Banarasi Paan & Malaiyyo,Varanasi,Uttar Pradesh,Sweet / Creamy,Godowlia Ghats,https://images.unsplash.com/photo-1599785209707-a456fc1337bb?auto=format&fit=crop&w=800&q=80,A winter milk-foam delicacy garnished with pistachios and flavored with saffron.
2,Lucknowi Galouti Kebab,Lucknow,Uttar Pradesh,Spicy / Melt-in-mouth,Tunday Kababi,https://images.unsplash.com/photo-1544025162-d76694265947?auto=format&fit=crop&w=800&q=80,Legendary minced mutton kebabs marinated with over 160 traditional spices.
3,Mumbai Vada Pav & Pav Bhaji,Mumbai,Maharashtra,Spicy / Zesty,Juhu Beach Stalls,https://images.unsplash.com/photo-1626777552726-4a6b54c97e46?auto=format&fit=crop&w=800&q=80,The ultimate iconic Mumbai street snack combining spiced potato fritters in soft bread rolls.
4,Rajasthani Dal Baati Churma,Jaipur,Rajasthan,Rich / Savory & Sweet,Chokhi Dhani,https://images.unsplash.com/photo-1626777552726-4a6b54c97e46?auto=format&fit=crop&w=800&q=80,"Hard wheat rolls baked over cow-dung embers, served with spiced lentils and sweetened crumbled wheat."
5,Mysore Masala Dosa,Mysuru,Karnataka,Crispy / Spicy,MTR & Local Cafes,https://images.unsplash.com/photo-1589301760014-d929f3979dbc?auto=format&fit=crop&w=800&q=80,Crispy fermented crepe smeared with red garlic-chutney and stuffed with potato masala.
6,Hyderabadi Dum Biryani,Hyderabad,Telangana,Aromatic / Spicy,Paradise Circle,https://images.unsplash.com/photo-1563379091339-03b21ab4a4f8?auto=format&fit=crop&w=800&q=80,Basmati rice and tender meat slow-cooked together in a sealed copper pot with rich saffron and mint.
7,Kachori Sabzi,Varanasi,Uttar Pradesh,Spicy / Savory,Kachori Gali,https://images.unsplash.com/photo-1626777552726-4a6b54c97e46?auto=format&fit=crop&w=800&q=80,Crisp lentil-stuffed puris served with tangy potato curry as a classic breakfast.
8,Tamatar Chaat,Varanasi,Uttar Pradesh,Tangy / Spicy,Kashi Chaat Bhandar,https://images.unsplash.com/photo-1626777552726-4a6b54c97e46?auto=format&fit=crop&w=800&q=80,Tomatoes and potatoes pan-fried in ghee with spices and topped with fried gram.
9,Baati Chokha,Varanasi,Uttar Pradesh,Smoky / Earthy,Assi Ghat eateries,https://images.unsplash.com/photo-1626777552726-4a6b54c97e46?auto=format&fit=crop&w=800&q=80,"Roasted wheat balls served with mashed roasted brinjal, potato and tomato."
10,Thandai,Varanasi,Uttar Pradesh,Sweet / Cooling,Godowlia thandai shops,https://images.unsplash.com/photo-1599785209707-a456fc1337bb?auto=format&fit=crop&w=800&q=80,"Chilled milk drink flavored with almonds, fennel, rose petals and spices."
11,Blue Lassi,Varanasi,Uttar Pradesh,Sweet / Creamy,Blue Lassi Shop,https://images.unsplash.com/photo-1599785209707-a456fc1337bb?auto=format&fit=crop&w=800&q=80,Thick curd lassi topped with malai and served in earthen cups.
12,Rabri Jalebi,Varanasi,Uttar Pradesh,Sweet / Rich,Kachori Gali sweet shops,https://images.unsplash.com/photo-1599785209707-a456fc1337bb?auto=format&fit=crop&w=800&q=80,Hot crisp jalebis served with thickened sweetened milk rabri.
13,Dahi Vada,Varanasi,Uttar Pradesh,Tangy / Cool,Godowlia chaat lanes,https://images.unsplash.com/photo-1626777552726-4a6b54c97e46?auto=format&fit=crop&w=800&q=80,Soft lentil dumplings soaked in yogurt with sweet and tangy chutneys.
14,Lal Peda,Varanasi,Uttar Pradesh,Sweet / Milky,Ram Bhandar,https://images.unsplash.com/photo-1599785209707-a456fc1337bb?auto=format&fit=crop&w=800&q=80,"Dark caramelized khoya sweet, a Varanasi specialty."
15,Malpua,Varanasi,Uttar Pradesh,Sweet / Fried,Local sweet shops,https://images.unsplash.com/photo-1599785209707-a456fc1337bb?auto=format&fit=crop&w=800&q=80,Syrup-soaked fried pancake often served with rabri.
16,Awadhi Dum Biryani,Lucknow,Uttar Pradesh,Aromatic / Mild,Idrees Biryani,https://images.unsplash.com/photo-1563379091339-03b21ab4a4f8?auto=format&fit=crop&w=800&q=80,Fragrant slow-cooked rice and meat with subtle Awadhi spices.
17,Kakori Kebab,Lucknow,Uttar Pradesh,Spicy / Melt-in-mouth,Old Lucknow kebab lanes,https://images.unsplash.com/photo-1544025162-d76694265947?auto=format&fit=crop&w=800&q=80,"Silky minced-meat kebab from Kakori, infused with raw papaya and spices."
18,Nihari Kulcha,Lucknow,Uttar Pradesh,Rich / Spicy,Raheem's Kulcha Nihari,https://images.unsplash.com/photo-1544025162-d76694265947?auto=format&fit=crop&w=800&q=80,Slow-cooked overnight meat stew served with soft flaky kulcha.
19,Basket Chaat,Lucknow,Uttar Pradesh,Tangy / Crunchy,Royal Cafe,https://images.unsplash.com/photo-1626777552726-4a6b54c97e46?auto=format&fit=crop&w=800&q=80,"Fried potato basket filled with chutneys, curd and crisp toppings."
20,Makhan Malai,Lucknow,Uttar Pradesh,Sweet / Airy,Chowk lanes,https://images.unsplash.com/photo-1599785209707-a456fc1337bb?auto=format&fit=crop&w=800&q=80,Winter milk-foam dessert flavored with saffron and cardamom.
21,Sheermal,Lucknow,Uttar Pradesh,Sweet / Buttery,Chowk bakeries,https://images.unsplash.com/photo-1599785209707-a456fc1337bb?auto=format&fit=crop&w=800&q=80,"Saffron-flavored, slightly sweet oven-baked flatbread."
22,Shami Kebab,Lucknow,Uttar Pradesh,Savory / Soft,Old Lucknow kebab lanes,https://images.unsplash.com/photo-1544025162-d76694265947?auto=format&fit=crop&w=800&q=80,"Minced meat and chana dal patties, shallow fried until golden."
23,Prakash Kulfi Falooda,Lucknow,Uttar Pradesh,Sweet / Cold,"Prakash Kulfi, Aminabad",https://images.unsplash.com/photo-1599785209707-a456fc1337bb?auto=format&fit=crop&w=800&q=80,Dense kulfi served with falooda noodles and rose syrup.
24,Rumali Roti with Korma,Lucknow,Uttar Pradesh,Rich / Mild,Chowk restaurants,https://images.unsplash.com/photo-1544025162-d76694265947?auto=format&fit=crop&w=800&q=80,Paper-thin handkerchief bread paired with rich mutton korma.
25,Lucknowi Paratha,Lucknow,Uttar Pradesh,Savory / Flaky,Chowk eateries,https://images.unsplash.com/photo-1626777552726-4a6b54c97e46?auto=format&fit=crop&w=800&q=80,Layered flaky flatbread cooked with ghee and eaten with kebabs.
26,Dum Pukht Mutton Korma,Lucknow,Uttar Pradesh,Rich / Aromatic,Awadhi restaurants,https://images.unsplash.com/photo-1544025162-d76694265947?auto=format&fit=crop&w=800&q=80,Tender mutton cooked sealed on low heat with yogurt and browned onions.
27,Mutton Biryani Wahid Style,Lucknow,Uttar Pradesh,Aromatic / Spicy,Wahid Biryani,https://images.unsplash.com/photo-1563379091339-03b21ab4a4f8?auto=format&fit=crop&w=800&q=80,Popular local biryani with tender mutton and light spices.
28,Butter Chicken,Delhi,Delhi,Rich / Creamy,"Moti Mahal, Daryaganj",https://images.unsplash.com/photo-1544025162-d76694265947?auto=format&fit=crop&w=800&q=80,"Tandoori chicken in a buttery tomato gravy, invented in Old Delhi."
29,Chole Bhature,Delhi,Delhi,Spicy / Tangy,"Sita Ram Diwan Chand, Paharganj",https://images.unsplash.com/photo-1626777552726-4a6b54c97e46?auto=format&fit=crop&w=800&q=80,Spiced chickpea curry with fluffy deep-fried bread.
30,Paranthe Wali Gali Parathas,Delhi,Delhi,Savory / Stuffed,"Paranthe Wali Gali, Chandni Chowk",https://images.unsplash.com/photo-1626777552726-4a6b54c97e46?auto=format&fit=crop&w=800&q=80,Stuffed flatbreads fried in ghee with a variety of fillings.
31,Daulat Ki Chaat,Delhi,Delhi,Sweet / Airy,Chandni Chowk lanes,https://images.unsplash.com/photo-1599785209707-a456fc1337bb?auto=format&fit=crop&w=800&q=80,Winter milk-foam dessert topped with khoya and pistachios.
32,Karim's Mutton Burra,Delhi,Delhi,Smoky / Spicy,"Karim's, Jama Masjid",https://images.unsplash.com/photo-1544025162-d76694265947?auto=format&fit=crop&w=800&q=80,Charcoal-grilled marinated mutton chops in Mughlai style.
33,Old Delhi Nihari,Delhi,Delhi,Rich / Spicy,"Karim's, Jama Masjid",https://images.unsplash.com/photo-1544025162-d76694265947?auto=format&fit=crop&w=800&q=80,Slow-cooked meat stew eaten with khameeri roti.
34,Old Famous Jalebi,Delhi,Delhi,Sweet / Crisp,"Old Famous Jalebi Wala, Chandni Chowk",https://images.unsplash.com/photo-1599785209707-a456fc1337bb?auto=format&fit=crop&w=800&q=80,Large fresh jalebis fried in pure ghee and soaked in syrup.
35,Natraj Dahi Bhalla,Delhi,Delhi,Tangy / Sweet,"Natraj Dahi Bhalle Wala, Chandni Chowk",https://images.unsplash.com/photo-1626777552726-4a6b54c97e46?auto=format&fit=crop&w=800&q=80,Soft lentil dumplings in creamy yogurt with chutneys.
36,Aloo Tikki Chaat,Delhi,Delhi,Tangy / Spicy,Bishan Swaroop Chaat Bhandar,https://images.unsplash.com/photo-1626777552726-4a6b54c97e46?auto=format&fit=crop&w=800&q=80,"Crisp potato patties topped with chole, curd and chutneys."
37,Momos,Delhi,Delhi,Savory / Spicy,Majnu Ka Tilla,https://images.unsplash.com/photo-1626777552726-4a6b54c97e46?auto=format&fit=crop&w=800&q=80,Steamed dumplings served with fiery red chili chutney.
38,Roshan Di Kulfi Falooda,Delhi,Delhi,Sweet / Cold,"Roshan Di Kulfi, Karol Bagh",https://images.unsplash.com/photo-1599785209707-a456fc1337bb?auto=format&fit=crop&w=800&q=80,"Creamy kulfi with falooda, rabri and rose syrup."
39,Pani Puri (Gol Gappe),Delhi,Delhi,Tangy / Spicy,Chandni Chowk street stalls,https://images.unsplash.com/photo-1626777552726-4a6b54c97e46?auto=format&fit=crop&w=800&q=80,Crisp hollow puris filled with spiced tangy water and potato.
40,Bedmi Puri Aloo,Delhi,Delhi,Spicy / Savory,Old Delhi breakfast stalls,https://images.unsplash.com/photo-1626777552726-4a6b54c97e46?auto=format&fit=crop&w=800&q=80,Lentil-stuffed puri served with spicy potato curry.
41,Ram Ladoo,Delhi,Delhi,Savory / Tangy,"Street carts, Lajpat Nagar",https://images.unsplash.com/photo-1599785209707-a456fc1337bb?auto=format&fit=crop&w=800&q=80,Fried moong dal fritters topped with grated radish and green chutney.
42,Tandoori Chicken,Delhi,Delhi,Smoky / Spicy,"Moti Mahal, Daryaganj",https://images.unsplash.com/photo-1544025162-d76694265947?auto=format&fit=crop&w=800&q=80,Yogurt and spice-marinated chicken roasted in a clay oven.
43,Agra Petha,Agra,Uttar Pradesh,Sweet / Translucent,Panchhi Petha,https://images.unsplash.com/photo-1599785209707-a456fc1337bb?auto=format&fit=crop&w=800&q=80,"Candied ash gourd sweet, Agra's most famous confection."
44,Bedai Sabzi,Agra,Uttar Pradesh,Spicy / Savory,Deviram Sweets,https://images.unsplash.com/photo-1626777552726-4a6b54c97e46?auto=format&fit=crop&w=800&q=80,"Spiced lentil-stuffed puri paired with aloo sabzi, a local breakfast."
45,Dalmoth,Agra,Uttar Pradesh,Salty / Crunchy,Agra namkeen shops,https://images.unsplash.com/photo-1626777552726-4a6b54c97e46?auto=format&fit=crop&w=800&q=80,Crisp fried lentil snack tossed with spices and nuts.
46,Agra Chaat,Agra,Uttar Pradesh,Tangy / Spicy,Sadar Bazaar,https://images.unsplash.com/photo-1626777552726-4a6b54c97e46?auto=format&fit=crop&w=800&q=80,"Street chaat with potato tikki, curd and tamarind chutney."
47,Gajak,Agra,Uttar Pradesh,Sweet / Crunchy,Sadar Bazaar sweet shops,https://images.unsplash.com/photo-1599785209707-a456fc1337bb?auto=format&fit=crop&w=800&q=80,Sesame and jaggery brittle enjoyed in winter.
48,Mughlai Paratha,Agra,Uttar Pradesh,Rich / Savory,Kinari Bazaar,https://images.unsplash.com/photo-1626777552726-4a6b54c97e46?auto=format&fit=crop&w=800&q=80,Egg and minced-meat stuffed flatbread fried on a griddle.
49,Rabri Jalebi,Agra,Uttar Pradesh,Sweet / Rich,Local halwai shops,https://images.unsplash.com/photo-1599785209707-a456fc1337bb?auto=format&fit=crop&w=800&q=80,Crisp jalebis paired with creamy thickened milk.
50,Tandoori Mutton,Agra,Uttar Pradesh,Smoky / Spicy,Mughlai eateries,https://images.unsplash.com/photo-1544025162-d76694265947?auto=format&fit=crop&w=800&q=80,Marinated mutton roasted in a tandoor.
51,Thaggu Ke Laddu,Kanpur,Uttar Pradesh,Sweet / Rich,"Thaggu Ke Laddu, Kanpur",https://images.unsplash.com/photo-1599785209707-a456fc1337bb?auto=format&fit=crop&w=800&q=80,"Famous boondi laddus with a distinctive rich, ghee-laden taste."
52,Kanpur Aloo Tikki,Kanpur,Uttar Pradesh,Spicy / Tangy,Parade chaat lanes,https://images.unsplash.com/photo-1626777552726-4a6b54c97e46?auto=format&fit=crop&w=800&q=80,Crisp fried potato patties topped with chole and chutneys.
53,Kachori Sabzi,Kanpur,Uttar Pradesh,Spicy / Savory,Local breakfast stalls,https://images.unsplash.com/photo-1626777552726-4a6b54c97e46?auto=format&fit=crop&w=800&q=80,Crisp lentil kachoris served with aloo sabzi.
54,Malai Makkhan,Kanpur,Uttar Pradesh,Sweet / Airy,Winter street stalls,https://images.unsplash.com/photo-1599785209707-a456fc1337bb?auto=format&fit=crop&w=800&q=80,Frothy milk-cream dessert flavored with saffron.
55,Kanpur Lassi,Kanpur,Uttar Pradesh,Sweet / Creamy,Local lassi shops,https://images.unsplash.com/photo-1599785209707-a456fc1337bb?auto=format&fit=crop&w=800&q=80,Thick chilled lassi topped with malai.
56,Bun Makhan,Kanpur,Uttar Pradesh,Buttery / Soft,Kanpur tea stalls,https://images.unsplash.com/photo-1626777552726-4a6b54c97e46?auto=format&fit=crop&w=800&q=80,Soft buttered bun dunked in hot chai.
57,Kachori Sabzi,Prayagraj,Uttar Pradesh,Spicy / Savory,Loknath Gali,https://images.unsplash.com/photo-1626777552726-4a6b54c97e46?auto=format&fit=crop&w=800&q=80,"Crisp kachoris with spicy potato curry, a beloved breakfast."
58,Imarti,Prayagraj,Uttar Pradesh,Sweet / Crisp,Civil Lines sweet shops,https://images.unsplash.com/photo-1599785209707-a456fc1337bb?auto=format&fit=crop&w=800&q=80,Flower-shaped lentil batter sweet fried and soaked in syrup.
59,Tamatar Chaat,Prayagraj,Uttar Pradesh,Tangy / Spicy,Chowk chaat corners,https://images.unsplash.com/photo-1626777552726-4a6b54c97e46?auto=format&fit=crop&w=800&q=80,Spicy tomato-based chaat with fried gram and coriander.
60,Allahabadi Amrood,Prayagraj,Uttar Pradesh,Sweet / Juicy,Local fruit sellers,https://images.unsplash.com/photo-1599785209707-a456fc1337bb?auto=format&fit=crop&w=800&q=80,Fragrant Allahabad guavas known for their sweetness.
61,Litti Chokha,Prayagraj,Uttar Pradesh,Smoky / Earthy,Local dhabas,https://images.unsplash.com/photo-1626777552726-4a6b54c97e46?auto=format&fit=crop&w=800&q=80,Roasted stuffed wheat balls served with mashed vegetables.
62,Samosa Chole,Prayagraj,Uttar Pradesh,Spicy / Savory,Civil Lines stalls,https://images.unsplash.com/photo-1626777552726-4a6b54c97e46?auto=format&fit=crop&w=800&q=80,Crispy samosa topped with spicy chickpea curry.
63,Mathura Peda,Mathura,Uttar Pradesh,Sweet / Milky,Brijwasi Mithai Wala,https://images.unsplash.com/photo-1599785209707-a456fc1337bb?auto=format&fit=crop&w=800&q=80,Caramelized khoya sweet made in Mathura for generations.
64,Kachori Aloo Sabzi,Mathura,Uttar Pradesh,Spicy / Savory,Holi Gate lanes,https://images.unsplash.com/photo-1626777552726-4a6b54c97e46?auto=format&fit=crop&w=800&q=80,Crisp fried kachoris with a spiced potato curry.
65,Kulhad Doodh,Mathura,Uttar Pradesh,Sweet / Creamy,Vishram Ghat,https://images.unsplash.com/photo-1599785209707-a456fc1337bb?auto=format&fit=crop&w=800&q=80,Thick sweetened milk served in an earthen cup.
66,Rabri,Mathura,Uttar Pradesh,Sweet / Rich,Local sweet shops,https://images.unsplash.com/photo-1599785209707-a456fc1337bb?auto=format&fit=crop&w=800&q=80,Slowly reduced sweetened milk garnished with nuts.
67,Mathura Lassi,Mathura,Uttar Pradesh,Sweet / Creamy,Local lassi shops,https://images.unsplash.com/photo-1599785209707-a456fc1337bb?auto=format&fit=crop&w=800&q=80,Thick curd lassi topped with malai in clay cups.
68,Jalebi,Mathura,Uttar Pradesh,Sweet / Crisp,Local halwai shops,https://images.unsplash.com/photo-1599785209707-a456fc1337bb?auto=format&fit=crop&w=800&q=80,Deep-fried spiral sweet soaked in sugar syrup.
69,Meerut Gajak,Meerut,Uttar Pradesh,Sweet / Crunchy,Gajak Bazaar,https://images.unsplash.com/photo-1599785209707-a456fc1337bb?auto=format&fit=crop&w=800&q=80,"Sesame and jaggery sweet, a winter delicacy."
70,Revdi,Meerut,Uttar Pradesh,Sweet / Crunchy,Gajak Bazaar,https://images.unsplash.com/photo-1599785209707-a456fc1337bb?auto=format&fit=crop&w=800&q=80,Small sesame and sugar candies enjoyed during winters.
71,Nankhatai,Meerut,Uttar Pradesh,Sweet / Buttery,Local bakeries,https://images.unsplash.com/photo-1599785209707-a456fc1337bb?auto=format&fit=crop&w=800&q=80,Crumbly Indian shortbread baked with ghee.
72,Meerut Chaat,Meerut,Uttar Pradesh,Tangy / Spicy,Abu Lane,https://images.unsplash.com/photo-1626777552726-4a6b54c97e46?auto=format&fit=crop&w=800&q=80,Spiced potato and lentil chaat with chutneys.
73,Kulcha Chole,Meerut,Uttar Pradesh,Spicy / Savory,Local eateries,https://images.unsplash.com/photo-1626777552726-4a6b54c97e46?auto=format&fit=crop&w=800&q=80,Soft kulcha served with spicy chickpea curry.
74,Gorakhpur Litti Chokha,Gorakhpur,Uttar Pradesh,Smoky / Earthy,Local eateries,https://images.unsplash.com/photo-1626777552726-4a6b54c97e46?auto=format&fit=crop&w=800&q=80,Wheat balls stuffed with sattu and roasted over coal.
75,Tamatar Ki Chutney,Gorakhpur,Uttar Pradesh,Tangy / Spicy,Home-style eateries,https://images.unsplash.com/photo-1626777552726-4a6b54c97e46?auto=format&fit=crop&w=800&q=80,Roasted tomato chutney served with parathas.
76,Gorakhpuri Kheer,Gorakhpur,Uttar Pradesh,Sweet / Creamy,Local sweet shops,https://images.unsplash.com/photo-1599785209707-a456fc1337bb?auto=format&fit=crop&w=800&q=80,Rice pudding cooked slowly with milk and cardamom.
77,Samosa,Gorakhpur,Uttar Pradesh,Spicy / Savory,Tea stalls,https://images.unsplash.com/photo-1626777552726-4a6b54c97e46?auto=format&fit=crop&w=800&q=80,Crisp potato-filled pastry with chutneys.
78,Ayodhya Peda,Ayodhya,Uttar Pradesh,Sweet / Milky,Hanuman Garhi sweet shops,https://images.unsplash.com/photo-1599785209707-a456fc1337bb?auto=format&fit=crop&w=800&q=80,Rich khoya sweet offered as prasad.
79,Kachori Sabzi,Ayodhya,Uttar Pradesh,Spicy / Savory,Local breakfast stalls,https://images.unsplash.com/photo-1626777552726-4a6b54c97e46?auto=format&fit=crop&w=800&q=80,Lentil kachori with aloo sabzi.
80,Malai Puri,Ayodhya,Uttar Pradesh,Sweet / Creamy,Local halwai shops,https://images.unsplash.com/photo-1599785209707-a456fc1337bb?auto=format&fit=crop&w=800&q=80,Puri served with fresh malai and sugar.
81,Rabri,Ayodhya,Uttar Pradesh,Sweet / Rich,Local sweet shops,https://images.unsplash.com/photo-1599785209707-a456fc1337bb?auto=format&fit=crop&w=800&q=80,Thickened milk dessert with nuts.
82,Sattvik Thali,Ayodhya,Uttar Pradesh,Mild / Balanced,Temple-area restaurants,https://images.unsplash.com/photo-1626777552726-4a6b54c97e46?auto=format&fit=crop&w=800&q=80,Vegetarian meal cooked without onion or garlic.
83,Bareilly Kebab,Bareilly,Uttar Pradesh,Spicy / Melt-in-mouth,Local kebab shops,https://images.unsplash.com/photo-1544025162-d76694265947?auto=format&fit=crop&w=800&q=80,Spiced minced meat kebabs fried on a griddle.
84,Bareilly Sohan Halwa,Bareilly,Uttar Pradesh,Sweet / Rich,Local sweet shops,https://images.unsplash.com/photo-1599785209707-a456fc1337bb?auto=format&fit=crop&w=800&q=80,Chewy wheat-based halwa with dry fruits.
85,Kachori Chole,Bareilly,Uttar Pradesh,Spicy / Savory,Local eateries,https://images.unsplash.com/photo-1626777552726-4a6b54c97e46?auto=format&fit=crop&w=800&q=80,Fried kachori served with chickpea curry.
86,Bareilly Jalebi,Bareilly,Uttar Pradesh,Sweet / Crisp,Local halwai shops,https://images.unsplash.com/photo-1599785209707-a456fc1337bb?auto=format&fit=crop&w=800&q=80,Crisp jalebis soaked in warm syrup.
87,Aligarh Ka Kebab,Aligarh,Uttar Pradesh,Spicy / Savory,Local eateries,https://images.unsplash.com/photo-1544025162-d76694265947?auto=format&fit=crop&w=800&q=80,Smoky seekh-style kebabs popular near the university.
88,Ghaziabad Chole Kulche,Ghaziabad,Uttar Pradesh,Spicy / Tangy,Local chaat corners,https://images.unsplash.com/photo-1626777552726-4a6b54c97e46?auto=format&fit=crop&w=800&q=80,Spicy chickpeas served with soft kulcha.
89,Aloo Tikki,Ghaziabad,Uttar Pradesh,Spicy / Crisp,Street stalls,https://images.unsplash.com/photo-1626777552726-4a6b54c97e46?auto=format&fit=crop&w=800&q=80,Crisp potato patties topped with chutneys.
90,Bread Pakoda,Ghaziabad,Uttar Pradesh,Savory / Spicy,Tea stalls,https://images.unsplash.com/photo-1626777552726-4a6b54c97e46?auto=format&fit=crop&w=800&q=80,Deep-fried stuffed bread fritters.
91,Chaat Papdi,Ghaziabad,Uttar Pradesh,Tangy / Crunchy,Local chaat stalls,https://images.unsplash.com/photo-1626777552726-4a6b54c97e46?auto=format&fit=crop&w=800&q=80,"Fried dough wafers with curd, chutney and chickpeas."
92,Bundelkhandi Bafauri,Jhansi,Uttar Pradesh,Savory / Steamed,Local eateries,https://images.unsplash.com/photo-1626777552726-4a6b54c97e46?auto=format&fit=crop&w=800&q=80,Steamed lentil dumplings served with chutney.
93,Jhansi Ka Khoya Peda,Jhansi,Uttar Pradesh,Sweet / Milky,Local sweet shops,https://images.unsplash.com/photo-1599785209707-a456fc1337bb?auto=format&fit=crop&w=800&q=80,Milk fudge sweet from Bundelkhand.
94,Kadhi Chawal,Jhansi,Uttar Pradesh,Tangy / Comforting,Home-style thalis,https://images.unsplash.com/photo-1626777552726-4a6b54c97e46?auto=format&fit=crop&w=800&q=80,Yogurt gravy with fritters served with rice.
95,Petha,Jhansi,Uttar Pradesh,Sweet / Translucent,Local sweet shops,https://images.unsplash.com/photo-1599785209707-a456fc1337bb?auto=format&fit=crop&w=800&q=80,Candied ash gourd sweet.
96,Kafuli,Dehradun,Uttarakhand,Earthy / Mild,Garhwali restaurants,https://images.unsplash.com/photo-1626777552726-4a6b54c97e46?auto=format&fit=crop&w=800&q=80,Spinach and fenugreek curry thickened with lentil paste.
97,Chainsoo,Dehradun,Uttarakhand,Earthy / Rich,Garhwali restaurants,https://images.unsplash.com/photo-1626777552726-4a6b54c97e46?auto=format&fit=crop&w=800&q=80,Black gram dal roasted and ground before cooking.
98,Bhatt Ki Churkani,Dehradun,Uttarakhand,Earthy / Tangy,Garhwali restaurants,https://images.unsplash.com/photo-1626777552726-4a6b54c97e46?auto=format&fit=crop&w=800&q=80,Black soybean curry cooked in a thick gravy.
99,Aloo Ke Gutke,Dehradun,Uttarakhand,Spicy / Earthy,Local dhabas,https://images.unsplash.com/photo-1626777552726-4a6b54c97e46?auto=format&fit=crop&w=800&q=80,Boiled potatoes tempered with jakhya and red chili.
100,Jhangora Kheer,Dehradun,Uttarakhand,Sweet / Creamy,Local restaurants,https://images.unsplash.com/photo-1599785209707-a456fc1337bb?auto=format&fit=crop&w=800&q=80,Pudding made from barnyard millet and milk.
101,Momos,Dehradun,Uttarakhand,Savory / Spicy,Paltan Bazaar,https://images.unsplash.com/photo-1626777552726-4a6b54c97e46?auto=format&fit=crop&w=800&q=80,Steamed dumplings with fiery chutney.
102,Phaanu,Dehradun,Uttarakhand,Earthy / Mild,Garhwali restaurants,https://images.unsplash.com/photo-1626777552726-4a6b54c97e46?auto=format&fit=crop&w=800&q=80,Lentil curry made from soaked and ground lentils.
103,Mandua Roti,Dehradun,Uttarakhand,Earthy / Nutty,Traditional eateries,https://images.unsplash.com/photo-1626777552726-4a6b54c97e46?auto=format&fit=crop&w=800&q=80,Finger millet flatbread served with ghee and dal.
104,Kachori Aloo,Haridwar,Uttarakhand,Spicy / Savory,Mohan Puri Wale,https://images.unsplash.com/photo-1626777552726-4a6b54c97e46?auto=format&fit=crop&w=800&q=80,Crisp kachoris with spiced aloo curry.
105,Puri Aloo,Haridwar,Uttarakhand,Spicy / Savory,Chotiwala Restaurant,https://images.unsplash.com/photo-1626777552726-4a6b54c97e46?auto=format&fit=crop&w=800&q=80,Classic breakfast of puris with potato curry.
106,Rabri,Haridwar,Uttarakhand,Sweet / Rich,Har Ki Pauri stalls,https://images.unsplash.com/photo-1599785209707-a456fc1337bb?auto=format&fit=crop&w=800&q=80,Thickened milk dessert with nuts.
107,Kulhad Lassi,Haridwar,Uttarakhand,Sweet / Creamy,Har Ki Pauri stalls,https://images.unsplash.com/photo-1599785209707-a456fc1337bb?auto=format&fit=crop&w=800&q=80,Creamy lassi served in earthen cups.
108,Jalebi,Haridwar,Uttarakhand,Sweet / Crisp,Local halwai shops,https://images.unsplash.com/photo-1599785209707-a456fc1337bb?auto=format&fit=crop&w=800&q=80,Golden syrup-soaked spirals.
109,Bal Mithai,Nainital,Uttarakhand,Sweet / Fudgy,Mall Road sweet shops,https://images.unsplash.com/photo-1599785209707-a456fc1337bb?auto=format&fit=crop&w=800&q=80,"Chocolate-like fudge coated with sugar balls, a Kumaoni sweet."
110,Singori,Nainital,Uttarakhand,Sweet / Milky,Mall Road sweet shops,https://images.unsplash.com/photo-1599785209707-a456fc1337bb?auto=format&fit=crop&w=800&q=80,Khoya sweet wrapped in a maalu leaf.
111,Kumaoni Raita,Nainital,Uttarakhand,Cool / Tangy,Local restaurants,https://images.unsplash.com/photo-1626777552726-4a6b54c97e46?auto=format&fit=crop&w=800&q=80,Grated cucumber in spiced curd with mustard seeds.
112,Bhatt Ki Dal,Nainital,Uttarakhand,Earthy / Mild,Local restaurants,https://images.unsplash.com/photo-1626777552726-4a6b54c97e46?auto=format&fit=crop&w=800&q=80,Black soybean dal cooked with Kumaoni spices.
113,Mandua Ki Roti,Nainital,Uttarakhand,Earthy / Nutty,Local restaurants,https://images.unsplash.com/photo-1626777552726-4a6b54c97e46?auto=format&fit=crop&w=800&q=80,Finger millet flatbread served with ghee.
114,Momos,Nainital,Uttarakhand,Savory / Spicy,Mall Road stalls,https://images.unsplash.com/photo-1626777552726-4a6b54c97e46?auto=format&fit=crop&w=800&q=80,Steamed dumplings with hot chutney.
115,Maggi and Chai,Nainital,Uttarakhand,Comforting / Spicy,Lake-side stalls,https://images.unsplash.com/photo-1626777552726-4a6b54c97e46?auto=format&fit=crop&w=800&q=80,Hill-station favourite combining instant noodles and tea.
116,Siddu,Shimla,Himachal Pradesh,Savory / Soft,Mall Road stalls,https://images.unsplash.com/photo-1626777552726-4a6b54c97e46?auto=format&fit=crop&w=800&q=80,Steamed wheat buns filled with walnuts or poppy seeds.
117,Chha Gosht,Shimla,Himachal Pradesh,Spicy / Rich,Local restaurants,https://images.unsplash.com/photo-1544025162-d76694265947?auto=format&fit=crop&w=800&q=80,Mutton cooked in a yogurt and spice gravy.
118,Babru,Shimla,Himachal Pradesh,Savory / Fried,Local stalls,https://images.unsplash.com/photo-1626777552726-4a6b54c97e46?auto=format&fit=crop&w=800&q=80,Deep-fried stuffed bread served with chutney.
119,Aktori,Shimla,Himachal Pradesh,Earthy / Mild,Local restaurants,https://images.unsplash.com/photo-1626777552726-4a6b54c97e46?auto=format&fit=crop&w=800&q=80,Buckwheat pancakes served with ghee and chutney.
120,Himachali Dham,Shimla,Himachal Pradesh,Rich / Mild,Traditional feasts,https://images.unsplash.com/photo-1626777552726-4a6b54c97e46?auto=format&fit=crop&w=800&q=80,"Festival meal of rice, dals, madra and sweet rice."
121,Chana Madra,Shimla,Himachal Pradesh,Tangy / Rich,Local restaurants,https://images.unsplash.com/photo-1626777552726-4a6b54c97e46?auto=format&fit=crop&w=800&q=80,Chickpeas cooked in a yogurt-based gravy.
122,Mittha,Shimla,Himachal Pradesh,Sweet / Rich,Local restaurants,https://images.unsplash.com/photo-1599785209707-a456fc1337bb?auto=format&fit=crop&w=800&q=80,Sweetened rice dish served during feasts.
123,Tudkiya Bhath,Shimla,Himachal Pradesh,Spicy / Aromatic,Local restaurants,https://images.unsplash.com/photo-1626777552726-4a6b54c97e46?auto=format&fit=crop&w=800&q=80,Spiced rice cooked with lentils and vegetables.
124,Tibetan Momos,Dharamshala,Himachal Pradesh,Savory / Mild,McLeod Ganj cafes,https://images.unsplash.com/photo-1626777552726-4a6b54c97e46?auto=format&fit=crop&w=800&q=80,Steamed dumplings served with chili dip.
125,Thukpa,Dharamshala,Himachal Pradesh,Warm / Savory,McLeod Ganj cafes,https://images.unsplash.com/photo-1626777552726-4a6b54c97e46?auto=format&fit=crop&w=800&q=80,Tibetan noodle soup with vegetables or meat.
126,Tingmo,Dharamshala,Himachal Pradesh,Soft / Mild,McLeod Ganj cafes,https://images.unsplash.com/photo-1626777552726-4a6b54c97e46?auto=format&fit=crop&w=800&q=80,Steamed Tibetan bread served with curries.
127,Butter Tea,Dharamshala,Himachal Pradesh,Salty / Creamy,Tibetan tea shops,https://images.unsplash.com/photo-1626777552726-4a6b54c97e46?auto=format&fit=crop&w=800&q=80,Traditional tea with yak butter and salt.
128,Kangra Dham,Dharamshala,Himachal Pradesh,Rich / Mild,Local restaurants,https://images.unsplash.com/photo-1626777552726-4a6b54c97e46?auto=format&fit=crop&w=800&q=80,"Traditional festive meal with rice, dal and madra."
129,Chana Madra,Dharamshala,Himachal Pradesh,Tangy / Rich,Local restaurants,https://images.unsplash.com/photo-1626777552726-4a6b54c97e46?auto=format&fit=crop&w=800&q=80,Chickpea curry cooked in curd.
130,Sepu Vadi,Dharamshala,Himachal Pradesh,Savory / Earthy,Home-style eateries,https://images.unsplash.com/photo-1626777552726-4a6b54c97e46?auto=format&fit=crop&w=800&q=80,Lentil balls cooked in a spiced yogurt gravy.
131,Himachali Trout Fish,Manali,Himachal Pradesh,Delicate / Spiced,Local riverside restaurants,https://images.unsplash.com/photo-1544025162-d76694265947?auto=format&fit=crop&w=800&q=80,Fresh river trout cooked with mild spices.
132,Siddu,Manali,Himachal Pradesh,Savory / Soft,Local cafes,https://images.unsplash.com/photo-1626777552726-4a6b54c97e46?auto=format&fit=crop&w=800&q=80,Steamed bread with walnut or poppy seed filling.
133,Aktori,Manali,Himachal Pradesh,Earthy / Mild,Local cafes,https://images.unsplash.com/photo-1626777552726-4a6b54c97e46?auto=format&fit=crop&w=800&q=80,Buckwheat pancakes served with ghee.
134,Babru,Manali,Himachal Pradesh,Savory / Fried,Local stalls,https://images.unsplash.com/photo-1626777552726-4a6b54c97e46?auto=format&fit=crop&w=800&q=80,Deep-fried lentil-stuffed bread.
135,Tibetan Thukpa,Manali,Himachal Pradesh,Warm / Savory,Old Manali cafes,https://images.unsplash.com/photo-1626777552726-4a6b54c97e46?auto=format&fit=crop&w=800&q=80,Noodle soup with vegetables or meat.
136,Sidu with Ghee,Manali,Himachal Pradesh,Savory / Rich,Old Manali cafes,https://images.unsplash.com/photo-1626777552726-4a6b54c97e46?auto=format&fit=crop&w=800&q=80,Steamed bread dunked in melted ghee.
137,Rogan Josh,Srinagar,Jammu & Kashmir,Spicy / Rich,Ahdoos Hotel,https://images.unsplash.com/photo-1544025162-d76694265947?auto=format&fit=crop&w=800&q=80,Kashmiri lamb curry colored with Kashmiri chilies and spices.
138,Gushtaba,Srinagar,Jammu & Kashmir,Rich / Creamy,Wazwan restaurants,https://images.unsplash.com/photo-1544025162-d76694265947?auto=format&fit=crop&w=800&q=80,Pounded meatballs in a creamy yogurt gravy.
139,Rista,Srinagar,Jammu & Kashmir,Spicy / Rich,Wazwan restaurants,https://images.unsplash.com/photo-1544025162-d76694265947?auto=format&fit=crop&w=800&q=80,Meatballs cooked in a red chili-based gravy.
140,Yakhni,Srinagar,Jammu & Kashmir,Mild / Creamy,Local restaurants,https://images.unsplash.com/photo-1544025162-d76694265947?auto=format&fit=crop&w=800&q=80,Lamb cooked in a yogurt gravy with fennel.
141,Dum Aloo Kashmiri,Srinagar,Jammu & Kashmir,Spicy / Rich,Local restaurants,https://images.unsplash.com/photo-1626777552726-4a6b54c97e46?auto=format&fit=crop&w=800&q=80,Baby potatoes fried and simmered in a spiced yogurt gravy.
142,Haak,Srinagar,Jammu & Kashmir,Earthy / Mild,Local homes and eateries,https://images.unsplash.com/photo-1626777552726-4a6b54c97e46?auto=format&fit=crop&w=800&q=80,Kashmiri collard greens cooked simply with mustard oil.
143,Noon Chai,Srinagar,Jammu & Kashmir,Salty / Creamy,Local tea stalls,https://images.unsplash.com/photo-1626777552726-4a6b54c97e46?auto=format&fit=crop&w=800&q=80,Pink salted tea with baking soda and milk.
144,Kahwa,Srinagar,Jammu & Kashmir,Sweet / Aromatic,Local tea stalls,https://images.unsplash.com/photo-1599785209707-a456fc1337bb?auto=format&fit=crop&w=800&q=80,"Green tea with saffron, cardamom and almonds."
145,Harissa,Srinagar,Jammu & Kashmir,Rich / Savory,Old Srinagar winter shops,https://images.unsplash.com/photo-1544025162-d76694265947?auto=format&fit=crop&w=800&q=80,Slow-cooked meat and rice porridge eaten in winter.
146,Modur Pulao,Srinagar,Jammu & Kashmir,Sweet / Aromatic,Local restaurants,https://images.unsplash.com/photo-1563379091339-03b21ab4a4f8?auto=format&fit=crop&w=800&q=80,Sweet saffron rice with dry fruits.
147,Tabak Maaz,Srinagar,Jammu & Kashmir,Crispy / Spicy,Wazwan restaurants,https://images.unsplash.com/photo-1544025162-d76694265947?auto=format&fit=crop&w=800&q=80,Fried lamb ribs cooked in milk and spices.
148,Kashmiri Girda,Srinagar,Jammu & Kashmir,Soft / Buttery,Lal Chowk bakeries,https://images.unsplash.com/photo-1626777552726-4a6b54c97e46?auto=format&fit=crop&w=800&q=80,Traditional bread eaten with tea for breakfast.
149,Lavasa,Srinagar,Jammu & Kashmir,Soft / Mild,Local bakeries,https://images.unsplash.com/photo-1626777552726-4a6b54c97e46?auto=format&fit=crop&w=800&q=80,"Thin, soft Kashmiri bread."
150,Shufta,Srinagar,Jammu & Kashmir,Sweet / Rich,Local sweet shops,https://images.unsplash.com/photo-1599785209707-a456fc1337bb?auto=format&fit=crop&w=800&q=80,Dessert made with dry fruits and paneer.
151,Kalari Kulcha,Jammu,Jammu & Kashmir,Savory / Cheesy,Local shops,https://images.unsplash.com/photo-1626777552726-4a6b54c97e46?auto=format&fit=crop&w=800&q=80,Crispy fried bread filled with local Kalari cheese.
152,Dogri Rajma Madra,Jammu,Jammu & Kashmir,Rich / Tangy,Local restaurants,https://images.unsplash.com/photo-1626777552726-4a6b54c97e46?auto=format&fit=crop&w=800&q=80,Kidney beans cooked in yogurt gravy.
153,Patisa,Jammu,Jammu & Kashmir,Sweet / Flaky,Local sweet shops,https://images.unsplash.com/photo-1599785209707-a456fc1337bb?auto=format&fit=crop&w=800&q=80,Flaky layered sweet made with gram flour and sugar.
154,Ambal,Jammu,Jammu & Kashmir,Tangy / Sweet,Dogri thalis,https://images.unsplash.com/photo-1626777552726-4a6b54c97e46?auto=format&fit=crop&w=800&q=80,Pumpkin curry with a sweet-sour taste.
155,Khatta Meetha Kaddu,Jammu,Jammu & Kashmir,Sweet / Tangy,Dogri thalis,https://images.unsplash.com/photo-1599785209707-a456fc1337bb?auto=format&fit=crop&w=800&q=80,Sweet and sour pumpkin curry.
156,Jammu Mutton Tikka,Jammu,Jammu & Kashmir,Spicy / Smoky,Local grills,https://images.unsplash.com/photo-1544025162-d76694265947?auto=format&fit=crop&w=800&q=80,Grilled mutton pieces cooked in a tandoor.
157,Kashmiri Pulao,Jammu,Jammu & Kashmir,Sweet / Aromatic,Local restaurants,https://images.unsplash.com/photo-1563379091339-03b21ab4a4f8?auto=format&fit=crop&w=800&q=80,Rice with nuts and mild spices.
158,Dal Chawal Jammu Style,Jammu,Jammu & Kashmir,Comforting / Mild,Local eateries,https://images.unsplash.com/photo-1626777552726-4a6b54c97e46?auto=format&fit=crop&w=800&q=80,Lentils and rice served as everyday comfort food.
159,Thukpa,Leh,Ladakh,Warm / Savory,Old Town cafes,https://images.unsplash.com/photo-1626777552726-4a6b54c97e46?auto=format&fit=crop&w=800&q=80,Ladakhi noodle soup with vegetables or meat.
160,Skyu,Leh,Ladakh,Hearty / Mild,Local homes and cafes,https://images.unsplash.com/photo-1626777552726-4a6b54c97e46?auto=format&fit=crop&w=800&q=80,Wheat pasta pieces cooked with root vegetables.
161,Chutagi,Leh,Ladakh,Hearty / Mild,Local homes and cafes,https://images.unsplash.com/photo-1626777552726-4a6b54c97e46?auto=format&fit=crop&w=800&q=80,Ladakhi pasta pieces cooked in a vegetable stew.
162,Butter Tea (Gur Gur Chai),Leh,Ladakh,Salty / Creamy,Local tea houses,https://images.unsplash.com/photo-1626777552726-4a6b54c97e46?auto=format&fit=crop&w=800&q=80,Tea churned with butter and salt.
163,Khambir,Leh,Ladakh,Soft / Nutty,Local bakeries,https://images.unsplash.com/photo-1626777552726-4a6b54c97e46?auto=format&fit=crop&w=800&q=80,Traditional Ladakhi bread eaten with butter or jam.
164,Tsampa,Leh,Ladakh,Nutty / Earthy,Local homes,https://images.unsplash.com/photo-1626777552726-4a6b54c97e46?auto=format&fit=crop&w=800&q=80,Roasted barley flour porridge.
165,Momos Ladakhi,Leh,Ladakh,Savory / Mild,Main Bazaar,https://images.unsplash.com/photo-1626777552726-4a6b54c97e46?auto=format&fit=crop&w=800&q=80,Steamed dumplings filled with meat or vegetables.
166,Apricot Jam & Bread,Leh,Ladakh,Sweet / Tangy,Local bakeries,https://images.unsplash.com/photo-1599785209707-a456fc1337bb?auto=format&fit=crop&w=800&q=80,Made with locally grown apricots.
167,Amritsari Kulcha,Amritsar,Punjab,Savory / Buttery,Kulcha Land,https://images.unsplash.com/photo-1626777552726-4a6b54c97e46?auto=format&fit=crop&w=800&q=80,"Stuffed tandoor bread with potato, served with chole and butter."
168,Amritsari Fish Fry,Amritsar,Punjab,Spicy / Crispy,Makhan Fish Shop,https://images.unsplash.com/photo-1544025162-d76694265947?auto=format&fit=crop&w=800&q=80,Gram-flour battered fish fried with ajwain and spices.
169,Amritsari Lassi,Amritsar,Punjab,Sweet / Creamy,Ahuja Milk Bhandar,https://images.unsplash.com/photo-1599785209707-a456fc1337bb?auto=format&fit=crop&w=800&q=80,Thick lassi topped with a generous layer of malai.
170,Dal Makhani & Phirni,Amritsar,Punjab,Rich / Creamy,Kesar Da Dhaba,https://images.unsplash.com/photo-1626777552726-4a6b54c97e46?auto=format&fit=crop&w=800&q=80,Slow-cooked black lentils paired with cool rice pudding.
171,Golden Temple Langar,Amritsar,Punjab,Mild / Comforting,Golden Temple,https://images.unsplash.com/photo-1626777552726-4a6b54c97e46?auto=format&fit=crop&w=800&q=80,"Free community meal of dal, roti and kheer."
172,Chole Kulche,Amritsar,Punjab,Spicy / Tangy,Local dhabas,https://images.unsplash.com/photo-1626777552726-4a6b54c97e46?auto=format&fit=crop&w=800&q=80,Tangy chickpea curry with soft kulcha.
173,Papdi Chaat,Amritsar,Punjab,Tangy / Crunchy,Local chaat stalls,https://images.unsplash.com/photo-1626777552726-4a6b54c97e46?auto=format&fit=crop&w=800&q=80,"Crisp fried wafers with curd, chutneys and chickpeas."
174,Gurdas Ram Jalebi,Amritsar,Punjab,Sweet / Crisp,Gurdas Ram Jalebi Wala,https://images.unsplash.com/photo-1599785209707-a456fc1337bb?auto=format&fit=crop&w=800&q=80,"Large ghee-fried jalebis, an Amritsar icon."
175,Amritsari Chicken,Amritsar,Punjab,Spicy / Rich,Beera Chicken House,https://images.unsplash.com/photo-1544025162-d76694265947?auto=format&fit=crop&w=800&q=80,Dhaba-style chicken with a rich spiced gravy.
176,Aloo Puri Chana,Amritsar,Punjab,Spicy / Savory,Breakfast stalls,https://images.unsplash.com/photo-1626777552726-4a6b54c97e46?auto=format&fit=crop&w=800&q=80,Puris with potato curry and chana.
177,Makki Di Roti Sarson Da Saag,Amritsar,Punjab,Earthy / Buttery,Winter dhabas,https://images.unsplash.com/photo-1626777552726-4a6b54c97e46?auto=format&fit=crop&w=800&q=80,Cornflour flatbread with spiced mustard greens and butter.
178,Meethi Lassi,Amritsar,Punjab,Sweet / Cooling,Local dairy shops,https://images.unsplash.com/photo-1599785209707-a456fc1337bb?auto=format&fit=crop&w=800&q=80,Sweetened yogurt drink poured over ice.
179,Butter Chicken,Ludhiana,Punjab,Rich / Creamy,Local dhabas,https://images.unsplash.com/photo-1544025162-d76694265947?auto=format&fit=crop&w=800&q=80,Tandoori chicken in a rich tomato-butter gravy.
180,Sarson Da Saag,Ludhiana,Punjab,Earthy / Rich,Local dhabas,https://images.unsplash.com/photo-1626777552726-4a6b54c97e46?auto=format&fit=crop&w=800&q=80,Mustard greens cooked slowly and served with white butter.
181,Chole Bhature,Ludhiana,Punjab,Spicy / Tangy,Local chaat corners,https://images.unsplash.com/photo-1626777552726-4a6b54c97e46?auto=format&fit=crop&w=800&q=80,Chickpea curry with fluffy deep-fried bread.
182,Chicken Tikka,Ludhiana,Punjab,Smoky / Spicy,Local grills,https://images.unsplash.com/photo-1544025162-d76694265947?auto=format&fit=crop&w=800&q=80,Boneless chicken marinated in yogurt and spices.
183,Ludhiana Kulfi,Ludhiana,Punjab,Sweet / Cold,Local dairy shops,https://images.unsplash.com/photo-1599785209707-a456fc1337bb?auto=format&fit=crop&w=800&q=80,Dense milk-based frozen dessert.
184,Paneer Paratha,Ludhiana,Punjab,Savory / Buttery,Local dhabas,https://images.unsplash.com/photo-1589301760014-d929f3979dbc?auto=format&fit=crop&w=800&q=80,Stuffed flatbread served with butter and curd.
185,Punjabi Kadhi Pakora,Ludhiana,Punjab,Tangy / Comforting,Home-style eateries,https://images.unsplash.com/photo-1626777552726-4a6b54c97e46?auto=format&fit=crop&w=800&q=80,Yogurt curry with gram-flour fritters.
186,Jalandhar Pinni,Jalandhar,Punjab,Sweet / Nutty,Local sweet shops,https://images.unsplash.com/photo-1599785209707-a456fc1337bb?auto=format&fit=crop&w=800&q=80,"Winter sweet of flour, ghee and dry fruits."
187,Kulcha Chole,Jalandhar,Punjab,Spicy / Savory,Local eateries,https://images.unsplash.com/photo-1626777552726-4a6b54c97e46?auto=format&fit=crop&w=800&q=80,Soft kulcha with spicy chickpeas.
188,Aloo Tikki,Jalandhar,Punjab,Spicy / Crisp,Street stalls,https://images.unsplash.com/photo-1626777552726-4a6b54c97e46?auto=format&fit=crop&w=800&q=80,Crisp potato patties with chutneys.
189,Sweet Lassi,Jalandhar,Punjab,Sweet / Creamy,Local dairy shops,https://images.unsplash.com/photo-1599785209707-a456fc1337bb?auto=format&fit=crop&w=800&q=80,Chilled lassi topped with malai.
190,Tandoori Chicken,Jalandhar,Punjab,Smoky / Spicy,Local grills,https://images.unsplash.com/photo-1544025162-d76694265947?auto=format&fit=crop&w=800&q=80,Charcoal-roasted marinated chicken.
191,Patiala Shahi Lassi,Patiala,Punjab,Sweet / Rich,Local dairy shops,https://images.unsplash.com/photo-1599785209707-a456fc1337bb?auto=format&fit=crop&w=800&q=80,Rich thick lassi with cream and dry fruits.
192,Patiala Kulcha,Patiala,Punjab,Savory / Buttery,Local dhabas,https://images.unsplash.com/photo-1626777552726-4a6b54c97e46?auto=format&fit=crop&w=800&q=80,Stuffed kulcha served with butter and chole.
193,Patiala Dal Makhani,Patiala,Punjab,Rich / Creamy,Local dhabas,https://images.unsplash.com/photo-1626777552726-4a6b54c97e46?auto=format&fit=crop&w=800&q=80,Slow-cooked black lentils with butter and cream.
194,Patiala Pinni,Patiala,Punjab,Sweet / Nutty,Local sweet shops,https://images.unsplash.com/photo-1599785209707-a456fc1337bb?auto=format&fit=crop&w=800&q=80,Ghee-laden winter sweet with nuts.
195,Keema Naan,Patiala,Punjab,Savory / Spicy,Local restaurants,https://images.unsplash.com/photo-1544025162-d76694265947?auto=format&fit=crop&w=800&q=80,Naan stuffed with spiced mince.
196,Patiala Halwa,Patiala,Punjab,Sweet / Rich,Local sweet shops,https://images.unsplash.com/photo-1599785209707-a456fc1337bb?auto=format&fit=crop&w=800&q=80,Wheat-based halwa with ghee and nuts.
197,Chole Bhature,Chandigarh,Chandigarh,Spicy / Tangy,Sector 17 Plaza eateries,https://images.unsplash.com/photo-1626777552726-4a6b54c97e46?auto=format&fit=crop&w=800&q=80,Spicy chickpeas with puffy fried bread.
198,Aloo Paratha,Chandigarh,Chandigarh,Savory / Buttery,Local dhabas,https://images.unsplash.com/photo-1626777552726-4a6b54c97e46?auto=format&fit=crop&w=800&q=80,Stuffed flatbread with butter and curd.
199,Amritsari Kulcha,Chandigarh,Chandigarh,Savory / Buttery,Sector 22 market,https://images.unsplash.com/photo-1626777552726-4a6b54c97e46?auto=format&fit=crop&w=800&q=80,Tandoori bread stuffed with potatoes and spices.
200,Butter Chicken,Chandigarh,Chandigarh,Rich / Creamy,"Pal Dhaba, Sector 28",https://images.unsplash.com/photo-1544025162-d76694265947?auto=format&fit=crop&w=800&q=80,Creamy tomato chicken curry with tandoori chicken.
201,Gol Gappe,Chandigarh,Chandigarh,Tangy / Spicy,Sector 17 stalls,https://images.unsplash.com/photo-1626777552726-4a6b54c97e46?auto=format&fit=crop&w=800&q=80,Hollow puris filled with tangy spiced water.
202,Rajma Chawal,Chandigarh,Chandigarh,Comforting / Mild,Local dhabas,https://images.unsplash.com/photo-1626777552726-4a6b54c97e46?auto=format&fit=crop&w=800&q=80,Kidney beans curry served with rice.
203,Matar Kulcha,Chandigarh,Chandigarh,Tangy / Spicy,Street carts,https://images.unsplash.com/photo-1626777552726-4a6b54c97e46?auto=format&fit=crop&w=800&q=80,Peas curry with soft kulcha.
204,Chandigarh Lassi,Chandigarh,Chandigarh,Sweet / Creamy,Local dairy shops,https://images.unsplash.com/photo-1599785209707-a456fc1337bb?auto=format&fit=crop&w=800&q=80,Thick chilled lassi with malai.
205,Haryanvi Bajra Khichdi,Gurugram,Haryana,Earthy / Rustic,Local dhabas,https://images.unsplash.com/photo-1563379091339-03b21ab4a4f8?auto=format&fit=crop&w=800&q=80,Millet and lentil porridge served with ghee.
206,Kadhi Pakora,Gurugram,Haryana,Tangy / Comforting,Local dhabas,https://images.unsplash.com/photo-1626777552726-4a6b54c97e46?auto=format&fit=crop&w=800&q=80,Gram-flour fritters in tangy yogurt gravy.
207,Sarson Saag,Gurugram,Haryana,Earthy / Rich,Winter dhabas,https://images.unsplash.com/photo-1626777552726-4a6b54c97e46?auto=format&fit=crop&w=800&q=80,Mustard greens with white butter.
208,Bathua Raita,Gurugram,Haryana,Cool / Earthy,Local dhabas,https://images.unsplash.com/photo-1626777552726-4a6b54c97e46?auto=format&fit=crop&w=800&q=80,Chenopodium leaves in spiced curd.
209,Gulgule,Gurugram,Haryana,Sweet / Fried,Local homes and stalls,https://images.unsplash.com/photo-1599785209707-a456fc1337bb?auto=format&fit=crop&w=800&q=80,Sweet jaggery fritters fried in ghee.
210,Churma,Gurugram,Haryana,Sweet / Rich,Local homes,https://images.unsplash.com/photo-1599785209707-a456fc1337bb?auto=format&fit=crop&w=800&q=80,Crumbled wheat sweet with ghee and jaggery.
211,Haryanvi Kachri Chutney,Gurugram,Haryana,Tangy / Spicy,Local homes,https://images.unsplash.com/photo-1626777552726-4a6b54c97e46?auto=format&fit=crop&w=800&q=80,Wild cucumber chutney.
212,Rohtak Revdi,Rohtak,Haryana,Sweet / Crunchy,Local sweet shops,https://images.unsplash.com/photo-1599785209707-a456fc1337bb?auto=format&fit=crop&w=800&q=80,Sesame and jaggery candies.
213,Kadhi Pakora,Rohtak,Haryana,Tangy / Comforting,Local eateries,https://images.unsplash.com/photo-1626777552726-4a6b54c97e46?auto=format&fit=crop&w=800&q=80,Yogurt curry with gram-flour fritters.
214,Bajra Roti with Saag,Rohtak,Haryana,Earthy / Rustic,Local eateries,https://images.unsplash.com/photo-1626777552726-4a6b54c97e46?auto=format&fit=crop&w=800&q=80,Millet flatbread with spiced greens.
215,Haryanvi Lassi,Rohtak,Haryana,Sweet / Creamy,Local dairy shops,https://images.unsplash.com/photo-1599785209707-a456fc1337bb?auto=format&fit=crop&w=800&q=80,Traditional thick lassi in large glasses.
216,Singhare Ki Kheer,Rohtak,Haryana,Sweet / Creamy,Local sweet shops,https://images.unsplash.com/photo-1599785209707-a456fc1337bb?auto=format&fit=crop&w=800&q=80,Rice pudding with water chestnut.
217,Haryanvi Churma,Hisar,Haryana,Sweet / Rich,Local homes,https://images.unsplash.com/photo-1599785209707-a456fc1337bb?auto=format&fit=crop&w=800&q=80,Coarse wheat sweet with jaggery and ghee.
218,Hara Dhania Cholia,Hisar,Haryana,Savory / Fresh,Local homes,https://images.unsplash.com/photo-1626777552726-4a6b54c97e46?auto=format&fit=crop&w=800&q=80,Fresh green chickpea curry.
219,Bajra Khichdi,Hisar,Haryana,Earthy / Mild,Local dhabas,https://images.unsplash.com/photo-1563379091339-03b21ab4a4f8?auto=format&fit=crop&w=800&q=80,Millet and mung dal porridge.
220,Kachri Sabzi,Hisar,Haryana,Tangy / Spicy,Local homes,https://images.unsplash.com/photo-1626777552726-4a6b54c97e46?auto=format&fit=crop&w=800&q=80,Wild cucumber curry.
221,Lassi Kulhad,Hisar,Haryana,Sweet / Creamy,Local dairy shops,https://images.unsplash.com/photo-1599785209707-a456fc1337bb?auto=format&fit=crop&w=800&q=80,Curd drink served in clay cups.
222,Karnal Kachori,Karnal,Haryana,Spicy / Savory,Local eateries,https://images.unsplash.com/photo-1626777552726-4a6b54c97e46?auto=format&fit=crop&w=800&q=80,Crisp fried kachori with aloo curry.
223,Pyaaz Kachori,Jaipur,Rajasthan,Spicy / Savory,Rawat Mishthan Bhandar,https://images.unsplash.com/photo-1626777552726-4a6b54c97e46?auto=format&fit=crop&w=800&q=80,Crisp onion-stuffed kachori served with chutney.
224,Mawa Kachori,Jaipur,Rajasthan,Sweet / Rich,Rawat Mishthan Bhandar,https://images.unsplash.com/photo-1599785209707-a456fc1337bb?auto=format&fit=crop&w=800&q=80,"Kachori stuffed with khoya, dry fruits and dunked in syrup."
225,Ghewar,Jaipur,Rajasthan,Sweet / Crisp,Laxmi Misthan Bhandar (LMB),https://images.unsplash.com/photo-1599785209707-a456fc1337bb?auto=format&fit=crop&w=800&q=80,Honeycomb-like disc sweet soaked in syrup and topped with rabri.
226,Laal Maas,Jaipur,Rajasthan,Fiery / Rich,Local restaurants,https://images.unsplash.com/photo-1544025162-d76694265947?auto=format&fit=crop&w=800&q=80,Mutton cooked with fiery Mathania chilies.
227,Mirchi Vada,Jaipur,Rajasthan,Spicy / Crisp,Local chaat stalls,https://images.unsplash.com/photo-1589301760014-d929f3979dbc?auto=format&fit=crop&w=800&q=80,Large chili stuffed with potato and fried in gram flour.
228,Ker Sangri,Jaipur,Rajasthan,Tangy / Earthy,Local Rajasthani restaurants,https://images.unsplash.com/photo-1626777552726-4a6b54c97e46?auto=format&fit=crop&w=800&q=80,Desert berries and beans cooked in spices.
229,Gatte Ki Sabzi,Jaipur,Rajasthan,Tangy / Spicy,Local Rajasthani restaurants,https://images.unsplash.com/photo-1626777552726-4a6b54c97e46?auto=format&fit=crop&w=800&q=80,Gram flour dumplings in yogurt gravy.
230,Lassiwala Lassi,Jaipur,Rajasthan,Sweet / Creamy,"Lassiwala, MI Road",https://images.unsplash.com/photo-1599785209707-a456fc1337bb?auto=format&fit=crop&w=800&q=80,Thick lassi in clay cups.
231,Masala Chai,Jaipur,Rajasthan,Sweet / Spicy,Local tea stalls,https://images.unsplash.com/photo-1599785209707-a456fc1337bb?auto=format&fit=crop&w=800&q=80,Milk tea with ginger and cardamom.
232,Bajre Ki Roti with Lehsun Chutney,Jaipur,Rajasthan,Earthy / Spicy,Local Rajasthani restaurants,https://images.unsplash.com/photo-1626777552726-4a6b54c97e46?auto=format&fit=crop&w=800&q=80,Millet bread with garlic chutney.
233,Dal Pakwan,Jaipur,Rajasthan,Spicy / Crisp,Local breakfast stalls,https://images.unsplash.com/photo-1626777552726-4a6b54c97e46?auto=format&fit=crop&w=800&q=80,Crisp fried bread with spiced chana dal.
234,Rajasthani Samosa,Jaipur,Rajasthan,Spicy / Crisp,Local sweet shops,https://images.unsplash.com/photo-1626777552726-4a6b54c97e46?auto=format&fit=crop&w=800&q=80,Large potato-filled samosa with chutney.
235,Mirchi Bada,Jodhpur,Rajasthan,Spicy / Crisp,Janta Sweet Home,https://images.unsplash.com/photo-1626777552726-4a6b54c97e46?auto=format&fit=crop&w=800&q=80,Large chilies stuffed with potato and fried in besan batter.
236,Makhaniya Lassi,Jodhpur,Rajasthan,Sweet / Rich,Shri Mishrilal Hotel,https://images.unsplash.com/photo-1599785209707-a456fc1337bb?auto=format&fit=crop&w=800&q=80,Saffron-flavored lassi with a layer of butter.
237,Pyaaz Kachori,Jodhpur,Rajasthan,Spicy / Savory,Janta Sweet Home,https://images.unsplash.com/photo-1626777552726-4a6b54c97e46?auto=format&fit=crop&w=800&q=80,Onion-filled kachori with spicy chutney.
238,Mawa Kachori,Jodhpur,Rajasthan,Sweet / Rich,Local sweet shops,https://images.unsplash.com/photo-1599785209707-a456fc1337bb?auto=format&fit=crop&w=800&q=80,Khoya-stuffed sweet kachori with syrup.
239,Laal Maas,Jodhpur,Rajasthan,Fiery / Rich,Local restaurants,https://images.unsplash.com/photo-1544025162-d76694265947?auto=format&fit=crop&w=800&q=80,Mutton in a blazing red chili gravy.
240,Kadhi Kachori,Jodhpur,Rajasthan,Tangy / Savory,Local eateries,https://images.unsplash.com/photo-1626777552726-4a6b54c97e46?auto=format&fit=crop&w=800&q=80,Kachori served with tangy yogurt curry.
241,Gulab Jamun Ki Sabzi,Jodhpur,Rajasthan,Sweet / Rich,Local restaurants,https://images.unsplash.com/photo-1599785209707-a456fc1337bb?auto=format&fit=crop&w=800&q=80,Fried gulab jamun in a spicy tomato gravy.
242,Besan Gatte,Jodhpur,Rajasthan,Tangy / Spicy,Local eateries,https://images.unsplash.com/photo-1626777552726-4a6b54c97e46?auto=format&fit=crop&w=800&q=80,Steamed gram flour dumplings in curd gravy.
243,Laal Maas,Udaipur,Rajasthan,Fiery / Rich,Local restaurants,https://images.unsplash.com/photo-1544025162-d76694265947?auto=format&fit=crop&w=800&q=80,Fiery mutton curry with red chilies.
244,Safed Maas,Udaipur,Rajasthan,Mild / Creamy,Local restaurants,https://images.unsplash.com/photo-1544025162-d76694265947?auto=format&fit=crop&w=800&q=80,White mutton curry with cashews and cream.
245,Dal Bati Churma,Udaipur,Rajasthan,Rich / Savory & Sweet,Local thali restaurants,https://images.unsplash.com/photo-1626777552726-4a6b54c97e46?auto=format&fit=crop&w=800&q=80,Baked wheat balls with dal and sweet crumbled wheat.
246,Mirchi Vada,Udaipur,Rajasthan,Spicy / Crisp,Local chaat stalls,https://images.unsplash.com/photo-1589301760014-d929f3979dbc?auto=format&fit=crop&w=800&q=80,Chili fritters stuffed with potato.
247,Gatte Ki Sabzi,Udaipur,Rajasthan,Tangy / Spicy,Local Rajasthani restaurants,https://images.unsplash.com/photo-1626777552726-4a6b54c97e46?auto=format&fit=crop&w=800&q=80,Gram flour dumplings in curd-based gravy.
248,Panchmel Dal,Udaipur,Rajasthan,Rich / Spicy,Local Rajasthani restaurants,https://images.unsplash.com/photo-1626777552726-4a6b54c97e46?auto=format&fit=crop&w=800&q=80,Five-lentil dal cooked with ghee and spices.
249,Ker Sangri,Udaipur,Rajasthan,Tangy / Earthy,Local Rajasthani restaurants,https://images.unsplash.com/photo-1626777552726-4a6b54c97e46?auto=format&fit=crop&w=800&q=80,Desert bean and berry curry.
250,Bajra Roti with Garlic Chutney,Udaipur,Rajasthan,Earthy / Spicy,Local Rajasthani restaurants,https://images.unsplash.com/photo-1626777552726-4a6b54c97e46?auto=format&fit=crop&w=800&q=80,Millet flatbread with a garlic chili chutney.
251,Kesar Kulfi,Udaipur,Rajasthan,Sweet / Cold,Local dessert shops,https://images.unsplash.com/photo-1599785209707-a456fc1337bb?auto=format&fit=crop&w=800&q=80,Saffron-flavored kulfi.
252,Poha Jalebi,Udaipur,Rajasthan,Sweet / Savory,Local breakfast stalls,https://images.unsplash.com/photo-1599785209707-a456fc1337bb?auto=format&fit=crop&w=800&q=80,Flattened rice with jalebi.
253,Bikaneri Bhujia,Bikaner,Rajasthan,Spicy / Crunchy,Local namkeen shops,https://images.unsplash.com/photo-1626777552726-4a6b54c97e46?auto=format&fit=crop&w=800&q=80,Fine gram flour noodle snack.
254,Bikaneri Rasgulla,Bikaner,Rajasthan,Sweet / Spongy,Local sweet shops,https://images.unsplash.com/photo-1599785209707-a456fc1337bb?auto=format&fit=crop&w=800&q=80,Soft cottage cheese balls in light syrup.
255,Bikaneri Papad,Bikaner,Rajasthan,Spicy / Crisp,Local shops,https://images.unsplash.com/photo-1626777552726-4a6b54c97e46?auto=format&fit=crop&w=800&q=80,Thin lentil papads flavored with pepper.
256,Kachori,Bikaner,Rajasthan,Spicy / Savory,Local shops,https://images.unsplash.com/photo-1626777552726-4a6b54c97e46?auto=format&fit=crop&w=800&q=80,Crisp kachori with sweet and spicy chutneys.
257,Moong Dal Halwa,Bikaner,Rajasthan,Sweet / Rich,Local sweet shops,https://images.unsplash.com/photo-1599785209707-a456fc1337bb?auto=format&fit=crop&w=800&q=80,Slow-cooked lentil halwa with ghee.
258,Rajasthani Kadhi,Bikaner,Rajasthan,Tangy / Comforting,Local eateries,https://images.unsplash.com/photo-1626777552726-4a6b54c97e46?auto=format&fit=crop&w=800&q=80,Yogurt curry with gram flour.
259,Sohan Halwa,Ajmer,Rajasthan,Sweet / Chewy,Local sweet shops,https://images.unsplash.com/photo-1599785209707-a456fc1337bb?auto=format&fit=crop&w=800&q=80,Dense ghee-rich wheat halwa.
260,Kadhi Kachori,Ajmer,Rajasthan,Tangy / Savory,Local eateries,https://images.unsplash.com/photo-1626777552726-4a6b54c97e46?auto=format&fit=crop&w=800&q=80,Kachori with tangy kadhi.
261,Pushkar Malpua,Ajmer,Rajasthan,Sweet / Rich,"Sarvatha Sweets, Pushkar",https://images.unsplash.com/photo-1599785209707-a456fc1337bb?auto=format&fit=crop&w=800&q=80,Fried sweet pancake with rabri.
262,Mawa Kachori,Ajmer,Rajasthan,Sweet / Rich,Local sweet shops,https://images.unsplash.com/photo-1599785209707-a456fc1337bb?auto=format&fit=crop&w=800&q=80,Sweet kachori stuffed with mawa.
263,Sohan Papdi,Ajmer,Rajasthan,Sweet / Flaky,Local sweet shops,https://images.unsplash.com/photo-1599785209707-a456fc1337bb?auto=format&fit=crop&w=800&q=80,Flaky gram-flour sweet.
264,Dal Bati Churma,Ajmer,Rajasthan,Rich / Savory & Sweet,Local restaurants,https://images.unsplash.com/photo-1626777552726-4a6b54c97e46?auto=format&fit=crop&w=800&q=80,Baked wheat balls with lentils.
265,Kota Kachori,Kota,Rajasthan,Spicy / Savory,Local sweet shops,https://images.unsplash.com/photo-1626777552726-4a6b54c97e46?auto=format&fit=crop&w=800&q=80,Crisp kachori popular across Rajasthan.
266,Pyaaz Kachori,Kota,Rajasthan,Spicy / Savory,Local chaat stalls,https://images.unsplash.com/photo-1626777552726-4a6b54c97e46?auto=format&fit=crop&w=800&q=80,Onion kachori with chutneys.
267,Dal Bati,Kota,Rajasthan,Rich / Savory,Local eateries,https://images.unsplash.com/photo-1626777552726-4a6b54c97e46?auto=format&fit=crop&w=800&q=80,Baked wheat balls with lentils.
268,Kesar Lassi,Kota,Rajasthan,Sweet / Creamy,Local dairy shops,https://images.unsplash.com/photo-1599785209707-a456fc1337bb?auto=format&fit=crop&w=800&q=80,Lassi with saffron.
269,Ghotua Laddu,Jaisalmer,Rajasthan,Sweet / Rich,Local sweet shops,https://images.unsplash.com/photo-1599785209707-a456fc1337bb?auto=format&fit=crop&w=800&q=80,Local laddu made with gram flour.
270,Ker Sangri,Jaisalmer,Rajasthan,Tangy / Earthy,Desert restaurants,https://images.unsplash.com/photo-1626777552726-4a6b54c97e46?auto=format&fit=crop&w=800&q=80,Traditional desert beans and berries.
271,Bajre Ki Roti,Jaisalmer,Rajasthan,Earthy / Rustic,Desert restaurants,https://images.unsplash.com/photo-1626777552726-4a6b54c97e46?auto=format&fit=crop&w=800&q=80,Millet flatbread served with dal.
272,Gatte Ki Sabzi,Jaisalmer,Rajasthan,Tangy / Spicy,Desert restaurants,https://images.unsplash.com/photo-1626777552726-4a6b54c97e46?auto=format&fit=crop&w=800&q=80,Gram flour dumplings in gravy.
273,Panchkuta,Jaisalmer,Rajasthan,Tangy / Earthy,Desert restaurants,https://images.unsplash.com/photo-1626777552726-4a6b54c97e46?auto=format&fit=crop&w=800&q=80,Mixed dry desert vegetables curry.
274,Papad Ki Sabzi,Jaisalmer,Rajasthan,Spicy / Savory,Desert restaurants,https://images.unsplash.com/photo-1626777552726-4a6b54c97e46?auto=format&fit=crop&w=800&q=80,Papad cooked in a spicy gravy.
275,Mutton Sula,Jaisalmer,Rajasthan,Smoky / Spicy,Desert camps,https://images.unsplash.com/photo-1544025162-d76694265947?auto=format&fit=crop&w=800&q=80,Marinated mutton roasted over embers.
276,Alwar Ka Mawa,Alwar,Rajasthan,Sweet / Milky,Baba Thakurdas Sweets,https://images.unsplash.com/photo-1599785209707-a456fc1337bb?auto=format&fit=crop&w=800&q=80,Famous milk cake sweet.
277,Kalakand,Alwar,Rajasthan,Sweet / Grainy,Local sweet shops,https://images.unsplash.com/photo-1599785209707-a456fc1337bb?auto=format&fit=crop&w=800&q=80,Milk-based sweet from Alwar.
278,Kadhi Pakora,Alwar,Rajasthan,Tangy / Comforting,Local eateries,https://images.unsplash.com/photo-1626777552726-4a6b54c97e46?auto=format&fit=crop&w=800&q=80,Yogurt curry with fritters.
279,Dhokla,Ahmedabad,Gujarat,Tangy / Soft,Local farsan shops,https://images.unsplash.com/photo-1626777552726-4a6b54c97e46?auto=format&fit=crop&w=800&q=80,Steamed fermented gram flour cake.
280,Khaman,Ahmedabad,Gujarat,Tangy / Soft,Local farsan shops,https://images.unsplash.com/photo-1626777552726-4a6b54c97e46?auto=format&fit=crop&w=800&q=80,Spongy steamed gram flour snack.
281,Fafda Jalebi,Ahmedabad,Gujarat,Savory / Sweet,Local farsan shops,https://images.unsplash.com/photo-1599785209707-a456fc1337bb?auto=format&fit=crop&w=800&q=80,Crisp gram flour strips with sweet jalebi.
282,Handvo,Ahmedabad,Gujarat,Savory / Crisp,Local homes,https://images.unsplash.com/photo-1626777552726-4a6b54c97e46?auto=format&fit=crop&w=800&q=80,Savory lentil and rice cake.
283,Gujarati Thali,Ahmedabad,Gujarat,Sweet / Savory,Agashiye,https://images.unsplash.com/photo-1599785209707-a456fc1337bb?auto=format&fit=crop&w=800&q=80,Unlimited platter of Gujarati dishes.
284,Thepla,Ahmedabad,Gujarat,Mild / Savory,Local farsan shops,https://images.unsplash.com/photo-1626777552726-4a6b54c97e46?auto=format&fit=crop&w=800&q=80,Spiced fenugreek flatbread.
285,Khakhra,Ahmedabad,Gujarat,Crunchy / Mild,Local snack shops,https://images.unsplash.com/photo-1626777552726-4a6b54c97e46?auto=format&fit=crop&w=800&q=80,Thin roasted crisp flatbread.
286,Locho,Ahmedabad,Gujarat,Savory / Soft,Local street stalls,https://images.unsplash.com/photo-1626777552726-4a6b54c97e46?auto=format&fit=crop&w=800&q=80,Steamed lentil snack with sev and spices.
287,Undhiyu,Ahmedabad,Gujarat,Spicy / Earthy,Local homes,https://images.unsplash.com/photo-1626777552726-4a6b54c97e46?auto=format&fit=crop&w=800&q=80,Mixed winter vegetables slow-cooked with spices.
288,Dabeli,Ahmedabad,Gujarat,Sweet / Spicy,Street stalls,https://images.unsplash.com/photo-1599785209707-a456fc1337bb?auto=format&fit=crop&w=800&q=80,Spiced potato filling in a bun with peanuts.
289,Manek Chowk Sandwich,Ahmedabad,Gujarat,Savory / Cheesy,Manek Chowk,https://images.unsplash.com/photo-1626777552726-4a6b54c97e46?auto=format&fit=crop&w=800&q=80,Grilled sandwich with cheese and vegetables.
290,Jalebi Rabri,Ahmedabad,Gujarat,Sweet / Rich,Local sweet shops,https://images.unsplash.com/photo-1599785209707-a456fc1337bb?auto=format&fit=crop&w=800&q=80,Jalebi with thick rabri.
291,Surti Locho,Surat,Gujarat,Savory / Soft,Local snack stalls,https://images.unsplash.com/photo-1626777552726-4a6b54c97e46?auto=format&fit=crop&w=800&q=80,Steamed gram flour snack topped with sev.
292,Surti Ghari,Surat,Gujarat,Sweet / Rich,Local sweet shops,https://images.unsplash.com/photo-1599785209707-a456fc1337bb?auto=format&fit=crop&w=800&q=80,Buttery sweet pastry filled with khoya and dry fruits.
293,Surti Undhiyu,Surat,Gujarat,Spicy / Earthy,Local homes,https://images.unsplash.com/photo-1626777552726-4a6b54c97e46?auto=format&fit=crop&w=800&q=80,Winter vegetable dish with green masala.
294,Ponk Vada,Surat,Gujarat,Savory / Crisp,Winter stalls,https://images.unsplash.com/photo-1589301760014-d929f3979dbc?auto=format&fit=crop&w=800&q=80,Fried fritters made from tender jowar.
295,Surti Khaman,Surat,Gujarat,Tangy / Soft,Local farsan shops,https://images.unsplash.com/photo-1626777552726-4a6b54c97e46?auto=format&fit=crop&w=800&q=80,Soft fermented gram flour snack.
296,Ratalu Puri,Surat,Gujarat,Sweet / Savory,Street stalls,https://images.unsplash.com/photo-1599785209707-a456fc1337bb?auto=format&fit=crop&w=800&q=80,Fried purple yam fritters.
297,Surti Sev Khamani,Surat,Gujarat,Tangy / Crunchy,Local street stalls,https://images.unsplash.com/photo-1626777552726-4a6b54c97e46?auto=format&fit=crop&w=800&q=80,Crumbled steamed lentil snack.
298,Sev Usal,Vadodara,Gujarat,Spicy / Tangy,Mandvi Sev Usal,https://images.unsplash.com/photo-1626777552726-4a6b54c97e46?auto=format&fit=crop&w=800&q=80,Spicy pea curry topped with sev.
299,Vadodara Mishan,Vadodara,Gujarat,Savory / Crunchy,Local street stalls,https://images.unsplash.com/photo-1626777552726-4a6b54c97e46?auto=format&fit=crop&w=800&q=80,Fried mixed snack.
300,Lilo Chevdo,Vadodara,Gujarat,Salty / Crunchy,Local farsan shops,https://images.unsplash.com/photo-1626777552726-4a6b54c97e46?auto=format&fit=crop&w=800&q=80,Potato sticks with peanuts.
301,Khichu,Vadodara,Gujarat,Savory / Soft,Local homes,https://images.unsplash.com/photo-1626777552726-4a6b54c97e46?auto=format&fit=crop&w=800&q=80,Steamed rice flour snack.
302,Chakri,Vadodara,Gujarat,Spicy / Crunchy,Local farsan shops,https://images.unsplash.com/photo-1626777552726-4a6b54c97e46?auto=format&fit=crop&w=800&q=80,Spiral fried snack.
303,Dhokla,Vadodara,Gujarat,Tangy / Soft,Local farsan shops,https://images.unsplash.com/photo-1626777552726-4a6b54c97e46?auto=format&fit=crop&w=800&q=80,Soft steamed gram flour cake.
304,Rajkoti Gathiya,Rajkot,Gujarat,Salty / Crunchy,Local farsan shops,https://images.unsplash.com/photo-1626777552726-4a6b54c97e46?auto=format&fit=crop&w=800&q=80,Fried gram flour snack.
305,Rajkot Peda,Rajkot,Gujarat,Sweet / Milky,Thaker Peda,https://images.unsplash.com/photo-1599785209707-a456fc1337bb?auto=format&fit=crop&w=800&q=80,Famous Gujarati milk sweet.
306,Bhavnagri Gathiya,Rajkot,Gujarat,Spicy / Crunchy,Local farsan shops,https://images.unsplash.com/photo-1626777552726-4a6b54c97e46?auto=format&fit=crop&w=800&q=80,Thick crisp gram flour snack.
307,Sev Tamatar,Rajkot,Gujarat,Tangy / Spicy,Local eateries,https://images.unsplash.com/photo-1626777552726-4a6b54c97e46?auto=format&fit=crop&w=800&q=80,Tomato curry topped with sev.
308,Rotlo & Oro,Rajkot,Gujarat,Earthy / Rustic,Local Kathiyawadi eateries,https://images.unsplash.com/photo-1626777552726-4a6b54c97e46?auto=format&fit=crop&w=800&q=80,Millet bread with baingan bharta.
309,Bhavnagari Gathiya,Bhavnagar,Gujarat,Spicy / Crunchy,Local farsan shops,https://images.unsplash.com/photo-1626777552726-4a6b54c97e46?auto=format&fit=crop&w=800&q=80,Thick fried gram flour snack.
310,Bhavnagari Mirchi,Bhavnagar,Gujarat,Spicy / Tangy,Local farsan shops,https://images.unsplash.com/photo-1626777552726-4a6b54c97e46?auto=format&fit=crop&w=800&q=80,Thick chilies fried in gram flour.
311,Gathiya Jalebi,Bhavnagar,Gujarat,Savory / Sweet,Local farsan shops,https://images.unsplash.com/photo-1599785209707-a456fc1337bb?auto=format&fit=crop&w=800&q=80,Crisp gram flour strips with jalebi.
312,Bhavnagari Sev,Bhavnagar,Gujarat,Crunchy / Spicy,Local shops,https://images.unsplash.com/photo-1626777552726-4a6b54c97e46?auto=format&fit=crop&w=800&q=80,Thick sev snack.
313,Khichdi Kadhi,Bhavnagar,Gujarat,Comforting / Mild,Local eateries,https://images.unsplash.com/photo-1563379091339-03b21ab4a4f8?auto=format&fit=crop&w=800&q=80,Rice-lentil dish with yogurt curry.
314,Jamnagari Ghughra,Jamnagar,Gujarat,Sweet / Crisp,Local sweet shops,https://images.unsplash.com/photo-1599785209707-a456fc1337bb?auto=format&fit=crop&w=800&q=80,Fried sweet dumpling.
315,Kachori Jamnagar,Jamnagar,Gujarat,Spicy / Savory,Local farsan shops,https://images.unsplash.com/photo-1626777552726-4a6b54c97e46?auto=format&fit=crop&w=800&q=80,Famous crisp kachori with chutney.
316,Sev Tamatar Nu Shaak,Jamnagar,Gujarat,Tangy / Spicy,Local eateries,https://images.unsplash.com/photo-1626777552726-4a6b54c97e46?auto=format&fit=crop&w=800&q=80,Tomato and sev curry.
317,Bajri Rotla,Jamnagar,Gujarat,Earthy / Rustic,Local eateries,https://images.unsplash.com/photo-1626777552726-4a6b54c97e46?auto=format&fit=crop&w=800&q=80,Pearl millet flatbread.
318,Akshardham Sattvik Thali,Gandhinagar,Gujarat,Mild / Balanced,Akshardham Temple restaurant,https://images.unsplash.com/photo-1626777552726-4a6b54c97e46?auto=format&fit=crop&w=800&q=80,Vegetarian Gujarati thali.
319,Khaman Dhokla,Gandhinagar,Gujarat,Tangy / Soft,Local shops,https://images.unsplash.com/photo-1626777552726-4a6b54c97e46?auto=format&fit=crop&w=800&q=80,Soft steamed lentil snack.
320,Gujarati Kadhi,Gandhinagar,Gujarat,Sweet / Tangy,Local eateries,https://images.unsplash.com/photo-1599785209707-a456fc1337bb?auto=format&fit=crop&w=800&q=80,Sweet yogurt curry.
321,Thepla,Gandhinagar,Gujarat,Mild / Savory,Local shops,https://images.unsplash.com/photo-1626777552726-4a6b54c97e46?auto=format&fit=crop&w=800&q=80,Soft spiced flatbread.
322,Fafda,Gandhinagar,Gujarat,Savory / Crisp,Local shops,https://images.unsplash.com/photo-1626777552726-4a6b54c97e46?auto=format&fit=crop&w=800&q=80,Crisp gram flour strips.
323,Misal Pav,Mumbai,Maharashtra,Spicy / Tangy,Local misal houses,https://images.unsplash.com/photo-1626777552726-4a6b54c97e46?auto=format&fit=crop&w=800&q=80,"Spicy sprouted-bean curry topped with farsan, served with pav."
324,Bhel Puri,Mumbai,Maharashtra,Tangy / Crunchy,Chowpatty Beach,https://images.unsplash.com/photo-1626777552726-4a6b54c97e46?auto=format&fit=crop&w=800&q=80,"Puffed rice tossed with sev, chutneys and onions."
325,Sev Puri,Mumbai,Maharashtra,Tangy / Crunchy,Juhu Beach stalls,https://images.unsplash.com/photo-1626777552726-4a6b54c97e46?auto=format&fit=crop&w=800&q=80,"Crisp puris topped with potato, chutneys and sev."
326,Ragda Pattice,Mumbai,Maharashtra,Spicy / Savory,Chowpatty Beach,https://images.unsplash.com/photo-1626777552726-4a6b54c97e46?auto=format&fit=crop&w=800&q=80,Crisp potato patties served with white pea curry.
327,Bun Maska,Mumbai,Maharashtra,Buttery / Sweet,Kyani & Co,https://images.unsplash.com/photo-1626777552726-4a6b54c97e46?auto=format&fit=crop&w=800&q=80,"Soft bun with butter, served with Irani chai."
328,Kheema Pav,Mumbai,Maharashtra,Spicy / Rich,Olympia Coffee House,https://images.unsplash.com/photo-1544025162-d76694265947?auto=format&fit=crop&w=800&q=80,Spiced minced meat served with buttered pav.
329,Cutting Chai,Mumbai,Maharashtra,Sweet / Spicy,Roadside stalls,https://images.unsplash.com/photo-1599785209707-a456fc1337bb?auto=format&fit=crop&w=800&q=80,Small strong glass of ginger-cardamom tea.
330,Bombay Sandwich,Mumbai,Maharashtra,Savory / Tangy,Local sandwich stalls,https://images.unsplash.com/photo-1626777552726-4a6b54c97e46?auto=format&fit=crop&w=800&q=80,Grilled vegetable sandwich with green chutney.
331,Bombil Fry,Mumbai,Maharashtra,Crispy / Spicy,Koliwada restaurants,https://images.unsplash.com/photo-1544025162-d76694265947?auto=format&fit=crop&w=800&q=80,Crisp fried Bombay duck coated in rava.
332,Prawn Koliwada,Mumbai,Maharashtra,Spicy / Crispy,Koliwada restaurants,https://images.unsplash.com/photo-1544025162-d76694265947?auto=format&fit=crop&w=800&q=80,Spicy fried prawns coated in a masala batter.
333,Solkadhi,Mumbai,Maharashtra,Tangy / Cooling,Malvani restaurants,https://images.unsplash.com/photo-1626777552726-4a6b54c97e46?auto=format&fit=crop&w=800&q=80,Coconut milk and kokum drink served after meals.
334,Mahim Halwa,Mumbai,Maharashtra,Sweet / Chewy,Local sweet shops,https://images.unsplash.com/photo-1599785209707-a456fc1337bb?auto=format&fit=crop&w=800&q=80,Colourful semi-soft halwa from Mahim.
335,Falooda,Mumbai,Maharashtra,Sweet / Cold,Badshah Cold Drink House,https://images.unsplash.com/photo-1599785209707-a456fc1337bb?auto=format&fit=crop&w=800&q=80,"Rose syrup drink with vermicelli, basil seeds and ice cream."
336,Frankie,Mumbai,Maharashtra,Spicy / Savory,Tibbs Frankie,https://images.unsplash.com/photo-1626777552726-4a6b54c97e46?auto=format&fit=crop&w=800&q=80,Spiced filling rolled in a soft roti wrap.
337,Pani Puri,Mumbai,Maharashtra,Tangy / Spicy,Elco Pani Puri,https://images.unsplash.com/photo-1626777552726-4a6b54c97e46?auto=format&fit=crop&w=800&q=80,Crisp puris filled with spicy tangy water.
338,Mumbai Dabeli,Mumbai,Maharashtra,Sweet / Spicy,Local street stalls,https://images.unsplash.com/photo-1599785209707-a456fc1337bb?auto=format&fit=crop&w=800&q=80,Spiced potato filling in a bun with peanuts and pomegranate.
339,Bedekar Misal,Pune,Maharashtra,Spicy / Tangy,Bedekar Misal,https://images.unsplash.com/photo-1626777552726-4a6b54c97e46?auto=format&fit=crop&w=800&q=80,Famous Puneri misal with spicy rassa and farsan.
340,Bhakarwadi,Pune,Maharashtra,Spicy / Crunchy,Chitale Bandhu,https://images.unsplash.com/photo-1626777552726-4a6b54c97e46?auto=format&fit=crop&w=800&q=80,Crisp spiral snack with a sweet-spicy filling.
341,Sabudana Vada,Pune,Maharashtra,Savory / Crisp,Local breakfast stalls,https://images.unsplash.com/photo-1589301760014-d929f3979dbc?auto=format&fit=crop&w=800&q=80,Crisp tapioca and peanut fritters.
342,Shrewsbury Biscuits,Pune,Maharashtra,Sweet / Buttery,Kayani Bakery,https://images.unsplash.com/photo-1599785209707-a456fc1337bb?auto=format&fit=crop&w=800&q=80,Crumbly butter biscuits from an Irani bakery.
343,Puran Poli,Pune,Maharashtra,Sweet / Rich,Local sweet shops,https://images.unsplash.com/photo-1599785209707-a456fc1337bb?auto=format&fit=crop&w=800&q=80,Flatbread stuffed with sweet lentil-jaggery filling.
344,Sujata Mastani,Pune,Maharashtra,Sweet / Creamy,Sujata Mastani,https://images.unsplash.com/photo-1599785209707-a456fc1337bb?auto=format&fit=crop&w=800&q=80,Thick milkshake with ice cream and dry fruits.
345,Kandyache Poha,Pune,Maharashtra,Mild / Savory,Local breakfast stalls,https://images.unsplash.com/photo-1626777552726-4a6b54c97e46?auto=format&fit=crop&w=800&q=80,Flattened rice cooked with onions and peanuts.
346,Pithla Bhakri,Pune,Maharashtra,Earthy / Spicy,Local eateries,https://images.unsplash.com/photo-1626777552726-4a6b54c97e46?auto=format&fit=crop&w=800&q=80,Gram flour curry served with millet flatbread.
347,Thalipeeth,Pune,Maharashtra,Savory / Earthy,Local eateries,https://images.unsplash.com/photo-1626777552726-4a6b54c97e46?auto=format&fit=crop&w=800&q=80,Multigrain flatbread served with butter and curd.
348,Amba Barfi,Pune,Maharashtra,Sweet / Fruity,Local sweet shops,https://images.unsplash.com/photo-1599785209707-a456fc1337bb?auto=format&fit=crop&w=800&q=80,Mango-flavored sweet.
349,Mutton Thali Puneri,Pune,Maharashtra,Spicy / Rich,Local restaurants,https://images.unsplash.com/photo-1544025162-d76694265947?auto=format&fit=crop&w=800&q=80,Mutton meal with bhakri and kolhapuri spices.
350,Vada Pav Puneri,Pune,Maharashtra,Spicy / Savory,Local stalls,https://images.unsplash.com/photo-1626777552726-4a6b54c97e46?auto=format&fit=crop&w=800&q=80,Batter-fried potato dumpling in pav.
351,Aamras Puri,Pune,Maharashtra,Sweet / Rich,Local restaurants,https://images.unsplash.com/photo-1599785209707-a456fc1337bb?auto=format&fit=crop&w=800&q=80,Mango pulp served with hot puris.
352,Saoji Mutton,Nagpur,Maharashtra,Fiery / Rich,Local Saoji restaurants,https://images.unsplash.com/photo-1544025162-d76694265947?auto=format&fit=crop&w=800&q=80,Spicy mutton curry with an intense dark gravy.
353,Tarri Poha,Nagpur,Maharashtra,Spicy / Savory,Local breakfast stalls,https://images.unsplash.com/photo-1626777552726-4a6b54c97e46?auto=format&fit=crop&w=800&q=80,Poha served with a spicy chickpea gravy.
354,Patodi Rassa,Nagpur,Maharashtra,Spicy / Tangy,Local eateries,https://images.unsplash.com/photo-1626777552726-4a6b54c97e46?auto=format&fit=crop&w=800&q=80,Gram flour cakes in a spicy gravy.
355,Santra Barfi,Nagpur,Maharashtra,Sweet / Citrusy,Local sweet shops,https://images.unsplash.com/photo-1599785209707-a456fc1337bb?auto=format&fit=crop&w=800&q=80,Orange-flavored milk sweet.
356,Varhadi Thecha,Nagpur,Maharashtra,Fiery / Pungent,Local eateries,https://images.unsplash.com/photo-1626777552726-4a6b54c97e46?auto=format&fit=crop&w=800&q=80,Coarse green chili and garlic chutney.
357,Nagpuri Vada Bhaji,Nagpur,Maharashtra,Spicy / Savory,Local stalls,https://images.unsplash.com/photo-1589301760014-d929f3979dbc?auto=format&fit=crop&w=800&q=80,Fried lentil fritters with spicy potato curry.
358,Saoji Chicken,Nagpur,Maharashtra,Fiery / Spicy,Local Saoji restaurants,https://images.unsplash.com/photo-1544025162-d76694265947?auto=format&fit=crop&w=800&q=80,Chicken cooked in Saoji masala.
359,Zunka Bhakar,Nagpur,Maharashtra,Spicy / Earthy,Local eateries,https://images.unsplash.com/photo-1626777552726-4a6b54c97e46?auto=format&fit=crop&w=800&q=80,Gram flour dish served with jowar bhakri.
360,Sadhana Misal,Nashik,Maharashtra,Spicy / Tangy,Sadhana Restaurant,https://images.unsplash.com/photo-1626777552726-4a6b54c97e46?auto=format&fit=crop&w=800&q=80,Fiery Nashik-style misal with sprouted moth beans.
361,Nashik Chivda,Nashik,Maharashtra,Salty / Crunchy,Local namkeen shops,https://images.unsplash.com/photo-1626777552726-4a6b54c97e46?auto=format&fit=crop&w=800&q=80,Crisp flattened rice snack with peanuts and spices.
362,Sabudana Khichdi,Nashik,Maharashtra,Mild / Savory,Local breakfast stalls,https://images.unsplash.com/photo-1563379091339-03b21ab4a4f8?auto=format&fit=crop&w=800&q=80,Tapioca pearls cooked with peanuts and potato.
363,Kanda Bhaji,Nashik,Maharashtra,Spicy / Crisp,Rain-season stalls,https://images.unsplash.com/photo-1626777552726-4a6b54c97e46?auto=format&fit=crop&w=800&q=80,Crisp onion fritters.
364,Nashik Grapes Juice,Nashik,Maharashtra,Sweet / Tangy,Local shops,https://images.unsplash.com/photo-1599785209707-a456fc1337bb?auto=format&fit=crop&w=800&q=80,Fresh juice from Nashik grapes.
365,Tarri Poha,Nashik,Maharashtra,Spicy / Savory,Local stalls,https://images.unsplash.com/photo-1626777552726-4a6b54c97e46?auto=format&fit=crop&w=800&q=80,Poha with spicy gravy.
366,Bhakri Pithla,Nashik,Maharashtra,Earthy / Spicy,Local eateries,https://images.unsplash.com/photo-1626777552726-4a6b54c97e46?auto=format&fit=crop&w=800&q=80,Gram flour curry with millet bread.
367,Kolhapuri Misal,Kolhapur,Maharashtra,Fiery / Tangy,Phadtare Misal,https://images.unsplash.com/photo-1626777552726-4a6b54c97e46?auto=format&fit=crop&w=800&q=80,Extremely spicy misal with a red tarri.
368,Tambda Rassa,Kolhapur,Maharashtra,Fiery / Rich,Local Kolhapuri restaurants,https://images.unsplash.com/photo-1626777552726-4a6b54c97e46?auto=format&fit=crop&w=800&q=80,Fiery red mutton curry.
369,Pandhra Rassa,Kolhapur,Maharashtra,Mild / Creamy,Local Kolhapuri restaurants,https://images.unsplash.com/photo-1626777552726-4a6b54c97e46?auto=format&fit=crop&w=800&q=80,White mutton curry with coconut and spices.
370,Kolhapuri Sukka Mutton,Kolhapur,Maharashtra,Spicy / Dry,Local Kolhapuri restaurants,https://images.unsplash.com/photo-1544025162-d76694265947?auto=format&fit=crop&w=800&q=80,Dry mutton preparation with strong spices.
371,Kolhapuri Bhadang,Kolhapur,Maharashtra,Spicy / Crunchy,Local shops,https://images.unsplash.com/photo-1626777552726-4a6b54c97e46?auto=format&fit=crop&w=800&q=80,Spicy puffed rice snack.
372,Kolhapuri Jaggery (Gul),Kolhapur,Maharashtra,Sweet / Earthy,Local markets,https://images.unsplash.com/photo-1599785209707-a456fc1337bb?auto=format&fit=crop&w=800&q=80,Kolhapur's famed jaggery.
373,Kolhapuri Thecha,Kolhapur,Maharashtra,Fiery / Pungent,Local restaurants,https://images.unsplash.com/photo-1626777552726-4a6b54c97e46?auto=format&fit=crop&w=800&q=80,Green chili and garlic chutney.
374,Kolhapuri Chicken,Kolhapur,Maharashtra,Spicy / Rich,Local Kolhapuri restaurants,https://images.unsplash.com/photo-1544025162-d76694265947?auto=format&fit=crop&w=800&q=80,Chicken cooked in Kolhapuri masala.
375,Naan Qalia,Aurangabad,Maharashtra,Rich / Spicy,Local restaurants,https://images.unsplash.com/photo-1626777552726-4a6b54c97e46?auto=format&fit=crop&w=800&q=80,Mutton curry served with soft naan.
376,Mutton Tahari,Aurangabad,Maharashtra,Aromatic / Spicy,Local restaurants,https://images.unsplash.com/photo-1563379091339-03b21ab4a4f8?auto=format&fit=crop&w=800&q=80,Rice and mutton cooked with local spices.
377,Sheer Khurma,Aurangabad,Maharashtra,Sweet / Creamy,Local sweet shops,https://images.unsplash.com/photo-1599785209707-a456fc1337bb?auto=format&fit=crop&w=800&q=80,Vermicelli pudding with dates and dry fruits.
378,Paya Soup,Aurangabad,Maharashtra,Rich / Spicy,Local eateries,https://images.unsplash.com/photo-1544025162-d76694265947?auto=format&fit=crop&w=800&q=80,Slow-cooked trotter soup.
379,Aurangabadi Kebab,Aurangabad,Maharashtra,Spicy / Smoky,Local grills,https://images.unsplash.com/photo-1544025162-d76694265947?auto=format&fit=crop&w=800&q=80,Grilled kebabs in Deccani style.
380,Bhakri Pithla,Aurangabad,Maharashtra,Earthy / Spicy,Local eateries,https://images.unsplash.com/photo-1626777552726-4a6b54c97e46?auto=format&fit=crop&w=800&q=80,Gram flour curry with millet bread.
381,Shenga Chutney,Solapur,Maharashtra,Spicy / Nutty,Local eateries,https://images.unsplash.com/photo-1626777552726-4a6b54c97e46?auto=format&fit=crop&w=800&q=80,Dry peanut and chili chutney.
382,Kadak Bhakri,Solapur,Maharashtra,Crunchy / Earthy,Local eateries,https://images.unsplash.com/photo-1626777552726-4a6b54c97e46?auto=format&fit=crop&w=800&q=80,Crisp dried millet flatbread.
383,Shenga Poli,Solapur,Maharashtra,Sweet / Nutty,Local sweet shops,https://images.unsplash.com/photo-1599785209707-a456fc1337bb?auto=format&fit=crop&w=800&q=80,Peanut-stuffed flatbread.
384,Kala Masala Mutton,Solapur,Maharashtra,Spicy / Rich,Local eateries,https://images.unsplash.com/photo-1544025162-d76694265947?auto=format&fit=crop&w=800&q=80,Mutton cooked in black spice masala.
385,Jowar Bhakri Thecha,Solapur,Maharashtra,Earthy / Fiery,Local eateries,https://images.unsplash.com/photo-1626777552726-4a6b54c97e46?auto=format&fit=crop&w=800&q=80,Millet flatbread with chili chutney.
386,Mamledar Misal,Thane,Maharashtra,Spicy / Tangy,Mamledar Misal,https://images.unsplash.com/photo-1626777552726-4a6b54c97e46?auto=format&fit=crop&w=800&q=80,Iconic Thane misal with rassa and farsan.
387,Vada Pav,Thane,Maharashtra,Spicy / Savory,Local stalls,https://images.unsplash.com/photo-1626777552726-4a6b54c97e46?auto=format&fit=crop&w=800&q=80,Potato fritter in pav with chutneys.
388,Sabudana Khichdi,Thane,Maharashtra,Mild / Savory,Local stalls,https://images.unsplash.com/photo-1563379091339-03b21ab4a4f8?auto=format&fit=crop&w=800&q=80,Tapioca dish with peanuts.
389,Kanda Poha,Thane,Maharashtra,Mild / Savory,Local stalls,https://images.unsplash.com/photo-1626777552726-4a6b54c97e46?auto=format&fit=crop&w=800&q=80,Flattened rice with onions.
390,Thane Kokni Fish Curry,Thane,Maharashtra,Tangy / Spicy,Local Malvani restaurants,https://images.unsplash.com/photo-1544025162-d76694265947?auto=format&fit=crop&w=800&q=80,Coastal fish curry with coconut and kokum.
391,Satara Kandi Pedha,Satara,Maharashtra,Sweet / Milky,Local sweet shops,https://images.unsplash.com/photo-1599785209707-a456fc1337bb?auto=format&fit=crop&w=800&q=80,Famous caramelized milk sweet.
392,Zunka Bhakar,Satara,Maharashtra,Spicy / Earthy,Local eateries,https://images.unsplash.com/photo-1626777552726-4a6b54c97e46?auto=format&fit=crop&w=800&q=80,Gram flour dish with millet bread.
393,Sangli Bhadang,Sangli,Maharashtra,Spicy / Crunchy,Local shops,https://images.unsplash.com/photo-1626777552726-4a6b54c97e46?auto=format&fit=crop&w=800&q=80,Spicy puffed rice snack.
394,Sangli Misal,Sangli,Maharashtra,Spicy / Tangy,Local eateries,https://images.unsplash.com/photo-1626777552726-4a6b54c97e46?auto=format&fit=crop&w=800&q=80,Local-style misal with rassa.
395,Bhakri Pithla,Sangli,Maharashtra,Earthy / Spicy,Local eateries,https://images.unsplash.com/photo-1626777552726-4a6b54c97e46?auto=format&fit=crop&w=800&q=80,Millet flatbread with gram flour curry.
396,Poha Jalebi,Indore,Madhya Pradesh,Sweet / Savory,Chhappan Dukan,https://images.unsplash.com/photo-1599785209707-a456fc1337bb?auto=format&fit=crop&w=800&q=80,Steamed flattened rice paired with hot jalebi.
397,Bhutte Ka Kees,Indore,Madhya Pradesh,Mild / Spicy,Sarafa Bazaar,https://images.unsplash.com/photo-1626777552726-4a6b54c97e46?auto=format&fit=crop&w=800&q=80,Grated corn cooked in milk and spices.
398,Garadu,Indore,Madhya Pradesh,Sweet / Crisp,Sarafa Bazaar,https://images.unsplash.com/photo-1599785209707-a456fc1337bb?auto=format&fit=crop&w=800&q=80,Deep-fried yam cubes with chaat masala.
399,Sabudana Khichdi,Indore,Madhya Pradesh,Mild / Savory,Sarafa Bazaar,https://images.unsplash.com/photo-1563379091339-03b21ab4a4f8?auto=format&fit=crop&w=800&q=80,Tapioca pearls with peanuts and potatoes.
400,Khopra Patties,Indore,Madhya Pradesh,Sweet / Savory,Chhappan Dukan,https://images.unsplash.com/photo-1599785209707-a456fc1337bb?auto=format&fit=crop&w=800&q=80,Coconut-filled potato patties.
401,Indori Sev,Indore,Madhya Pradesh,Spicy / Crunchy,Nafees Namkeen,https://images.unsplash.com/photo-1626777552726-4a6b54c97e46?auto=format&fit=crop&w=800&q=80,Fine gram flour snack from Indore.
402,Vijay Chaat House Kachori,Indore,Madhya Pradesh,Spicy / Savory,Vijay Chaat House,https://images.unsplash.com/photo-1626777552726-4a6b54c97e46?auto=format&fit=crop&w=800&q=80,Crisp kachori with sweet and spicy chutneys.
403,Joshi Dahi Wada,Indore,Madhya Pradesh,Tangy / Cool,Joshi Dahi Wada,https://images.unsplash.com/photo-1626777552726-4a6b54c97e46?auto=format&fit=crop&w=800&q=80,Soft lentil dumplings in creamy yogurt.
404,Malpua Rabri,Indore,Madhya Pradesh,Sweet / Rich,Sarafa Bazaar,https://images.unsplash.com/photo-1599785209707-a456fc1337bb?auto=format&fit=crop&w=800&q=80,Fried pancakes served with thick rabri.
405,Indori Shikanji,Indore,Madhya Pradesh,Sweet / Rich,Local stalls,https://images.unsplash.com/photo-1599785209707-a456fc1337bb?auto=format&fit=crop&w=800&q=80,Thick milk-based drink with saffron and dry fruits.
406,Bafla,Indore,Madhya Pradesh,Rich / Savory,Local eateries,https://images.unsplash.com/photo-1626777552726-4a6b54c97e46?auto=format&fit=crop&w=800&q=80,Baked wheat dumplings with dal and ghee.
407,Indori Samosa,Indore,Madhya Pradesh,Spicy / Savory,Local sweet shops,https://images.unsplash.com/photo-1626777552726-4a6b54c97e46?auto=format&fit=crop&w=800&q=80,Large crisp samosa.
408,Bhopali Gosht Korma,Bhopal,Madhya Pradesh,Rich / Spicy,Manohar Dairy area restaurants,https://images.unsplash.com/photo-1544025162-d76694265947?auto=format&fit=crop&w=800&q=80,Mutton cooked in rich Nawabi gravy.
409,Bhopali Paya,Bhopal,Madhya Pradesh,Rich / Spicy,Old city eateries,https://images.unsplash.com/photo-1544025162-d76694265947?auto=format&fit=crop&w=800&q=80,Slow-cooked trotter curry.
410,Poha Jalebi,Bhopal,Madhya Pradesh,Sweet / Savory,Local breakfast stalls,https://images.unsplash.com/photo-1599785209707-a456fc1337bb?auto=format&fit=crop&w=800&q=80,Poha paired with jalebi.
411,Bafla,Bhopal,Madhya Pradesh,Rich / Savory,Local eateries,https://images.unsplash.com/photo-1626777552726-4a6b54c97e46?auto=format&fit=crop&w=800&q=80,Baked wheat dumplings with dal.
412,Chatori Gali Chaat,Bhopal,Madhya Pradesh,Tangy / Spicy,Chatori Gali,https://images.unsplash.com/photo-1626777552726-4a6b54c97e46?auto=format&fit=crop&w=800&q=80,Bhopal's famous street-food lane.
413,Bhopali Biryani,Bhopal,Madhya Pradesh,Aromatic / Spicy,Old city eateries,https://images.unsplash.com/photo-1563379091339-03b21ab4a4f8?auto=format&fit=crop&w=800&q=80,Fragrant rice and meat dish.
414,Sheer Khurma,Bhopal,Madhya Pradesh,Sweet / Creamy,Local sweet shops,https://images.unsplash.com/photo-1599785209707-a456fc1337bb?auto=format&fit=crop&w=800&q=80,Vermicelli pudding with dry fruits.
415,Nawabi Seekh Kebab,Bhopal,Madhya Pradesh,Spicy / Smoky,Old city grills,https://images.unsplash.com/photo-1544025162-d76694265947?auto=format&fit=crop&w=800&q=80,Minced meat skewers cooked over charcoal.
416,Gwalior Kachori,Gwalior,Madhya Pradesh,Spicy / Savory,Local breakfast shops,https://images.unsplash.com/photo-1626777552726-4a6b54c97e46?auto=format&fit=crop&w=800&q=80,"Crisp fried kachori, a signature Gwalior breakfast."
417,Bedai Sabzi,Gwalior,Madhya Pradesh,Spicy / Savory,Local breakfast stalls,https://images.unsplash.com/photo-1626777552726-4a6b54c97e46?auto=format&fit=crop&w=800&q=80,Lentil-stuffed puri served with aloo sabzi.
418,Gwalior Gajak,Gwalior,Madhya Pradesh,Sweet / Crunchy,Local sweet shops,https://images.unsplash.com/photo-1599785209707-a456fc1337bb?auto=format&fit=crop&w=800&q=80,Sesame and jaggery sweet.
419,Jalebi,Gwalior,Madhya Pradesh,Sweet / Crisp,Local halwai shops,https://images.unsplash.com/photo-1599785209707-a456fc1337bb?auto=format&fit=crop&w=800&q=80,Deep-fried sugar syrup sweet.
420,Malai Laddu,Gwalior,Madhya Pradesh,Sweet / Milky,Local sweet shops,https://images.unsplash.com/photo-1599785209707-a456fc1337bb?auto=format&fit=crop&w=800&q=80,Soft milk-based laddus.
421,Kesar Lassi,Gwalior,Madhya Pradesh,Sweet / Creamy,Local shops,https://images.unsplash.com/photo-1599785209707-a456fc1337bb?auto=format&fit=crop&w=800&q=80,Lassi with saffron.
422,Khoya Jalebi,Jabalpur,Madhya Pradesh,Sweet / Rich,Local sweet shops,https://images.unsplash.com/photo-1599785209707-a456fc1337bb?auto=format&fit=crop&w=800&q=80,Large jalebis made with khoya.
423,Jabalpuri Dal Bafla,Jabalpur,Madhya Pradesh,Rich / Savory,Local eateries,https://images.unsplash.com/photo-1626777552726-4a6b54c97e46?auto=format&fit=crop&w=800&q=80,Baked wheat dumplings with dal.
424,Kachori Sabzi,Jabalpur,Madhya Pradesh,Spicy / Savory,Local breakfast stalls,https://images.unsplash.com/photo-1626777552726-4a6b54c97e46?auto=format&fit=crop&w=800&q=80,Fried kachori with sabzi.
425,Rabri,Jabalpur,Madhya Pradesh,Sweet / Rich,Local sweet shops,https://images.unsplash.com/photo-1599785209707-a456fc1337bb?auto=format&fit=crop&w=800&q=80,Thickened sweetened milk.
426,Mahakal Laddu Prasad,Ujjain,Madhya Pradesh,Sweet / Rich,Mahakaleshwar Temple,https://images.unsplash.com/photo-1599785209707-a456fc1337bb?auto=format&fit=crop&w=800&q=80,Sacred laddu offered at the temple.
427,Poha Jalebi,Ujjain,Madhya Pradesh,Sweet / Savory,Local breakfast stalls,https://images.unsplash.com/photo-1599785209707-a456fc1337bb?auto=format&fit=crop&w=800&q=80,Poha with jalebi.
428,Thandai,Ujjain,Madhya Pradesh,Sweet / Cooling,Local shops,https://images.unsplash.com/photo-1599785209707-a456fc1337bb?auto=format&fit=crop&w=800&q=80,Chilled milk drink with nuts and spices.
429,Dal Bafla,Ujjain,Madhya Pradesh,Rich / Savory,Local eateries,https://images.unsplash.com/photo-1626777552726-4a6b54c97e46?auto=format&fit=crop&w=800&q=80,Baked wheat dumplings with dal.
430,Chila,Raipur,Chhattisgarh,Mild / Savory,Local eateries,https://images.unsplash.com/photo-1626777552726-4a6b54c97e46?auto=format&fit=crop&w=800&q=80,Rice-flour crepes served with chutney.
431,Faraa,Raipur,Chhattisgarh,Mild / Savory,Local homes,https://images.unsplash.com/photo-1626777552726-4a6b54c97e46?auto=format&fit=crop&w=800&q=80,Steamed rice-flour dumplings.
432,Thethri Khurmi,Raipur,Chhattisgarh,Sweet / Crisp,Local homes,https://images.unsplash.com/photo-1599785209707-a456fc1337bb?auto=format&fit=crop&w=800&q=80,Sweet fried wheat snack.
433,Chana Samosa,Raipur,Chhattisgarh,Spicy / Savory,Local stalls,https://images.unsplash.com/photo-1626777552726-4a6b54c97e46?auto=format&fit=crop&w=800&q=80,Samosa topped with spicy chickpeas.
434,Aamat,Raipur,Chhattisgarh,Tangy / Spicy,Local eateries,https://images.unsplash.com/photo-1626777552726-4a6b54c97e46?auto=format&fit=crop&w=800&q=80,Tribal vegetable stew.
435,Bafauri,Raipur,Chhattisgarh,Mild / Steamed,Local eateries,https://images.unsplash.com/photo-1626777552726-4a6b54c97e46?auto=format&fit=crop&w=800&q=80,Steamed gram dal dumplings.
436,Dubki Kadhi,Raipur,Chhattisgarh,Tangy / Comforting,Local homes,https://images.unsplash.com/photo-1626777552726-4a6b54c97e46?auto=format&fit=crop&w=800&q=80,Yogurt curry with dumplings.
437,Muthia,Raipur,Chhattisgarh,Mild / Savory,Local homes,https://images.unsplash.com/photo-1626777552726-4a6b54c97e46?auto=format&fit=crop&w=800&q=80,Steamed rice flour dumplings.
438,Bilaspuri Chila,Bilaspur,Chhattisgarh,Mild / Savory,Local eateries,https://images.unsplash.com/photo-1626777552726-4a6b54c97e46?auto=format&fit=crop&w=800&q=80,Rice-flour pancakes.
439,Anarsa,Bilaspur,Chhattisgarh,Sweet / Crisp,Local sweet shops,https://images.unsplash.com/photo-1599785209707-a456fc1337bb?auto=format&fit=crop&w=800&q=80,Rice flour and jaggery sweet.
440,Khurmi,Bilaspur,Chhattisgarh,Sweet / Crisp,Local homes,https://images.unsplash.com/photo-1599785209707-a456fc1337bb?auto=format&fit=crop&w=800&q=80,Fried wheat sweet.
441,Goan Fish Curry Rice,Panaji,Goa,Tangy / Spicy,Local Goan restaurants,https://images.unsplash.com/photo-1563379091339-03b21ab4a4f8?auto=format&fit=crop&w=800&q=80,Coconut-based fish curry with rice.
442,Chicken Xacuti,Panaji,Goa,Spicy / Rich,Local Goan restaurants,https://images.unsplash.com/photo-1544025162-d76694265947?auto=format&fit=crop&w=800&q=80,Chicken in roasted coconut and spice gravy.
443,Pork Vindaloo,Panaji,Goa,Fiery / Tangy,Local Goan restaurants,https://images.unsplash.com/photo-1544025162-d76694265947?auto=format&fit=crop&w=800&q=80,Pork marinated in vinegar and spices.
444,Bebinca,Panaji,Goa,Sweet / Rich,Local bakeries,https://images.unsplash.com/photo-1599785209707-a456fc1337bb?auto=format&fit=crop&w=800&q=80,Layered coconut and egg dessert.
445,Sorpotel,Panaji,Goa,Spicy / Tangy,Local Goan restaurants,https://images.unsplash.com/photo-1544025162-d76694265947?auto=format&fit=crop&w=800&q=80,Spicy pork dish with vinegar.
446,Ambot Tik,Panaji,Goa,Tangy / Fiery,Local Goan restaurants,https://images.unsplash.com/photo-1626777552726-4a6b54c97e46?auto=format&fit=crop&w=800&q=80,Sour and spicy fish curry.
447,Prawn Balchao,Panaji,Goa,Tangy / Spicy,Local Goan restaurants,https://images.unsplash.com/photo-1544025162-d76694265947?auto=format&fit=crop&w=800&q=80,Prawns in spicy pickle-like sauce.
448,Chicken Cafreal,Panaji,Goa,Spicy / Herby,Local Goan restaurants,https://images.unsplash.com/photo-1544025162-d76694265947?auto=format&fit=crop&w=800&q=80,Chicken with green herb masala.
449,Goan Sausage Pav,Panaji,Goa,Spicy / Savory,Local Goan stalls,https://images.unsplash.com/photo-1626777552726-4a6b54c97e46?auto=format&fit=crop&w=800&q=80,Spicy Goan sausages with bread.
450,Recheado Fish,Panaji,Goa,Spicy / Tangy,Local Goan restaurants,https://images.unsplash.com/photo-1544025162-d76694265947?auto=format&fit=crop&w=800&q=80,Fish stuffed with red masala and fried.
451,Patoleo,Panaji,Goa,Sweet / Steamed,Local bakeries,https://images.unsplash.com/photo-1599785209707-a456fc1337bb?auto=format&fit=crop&w=800&q=80,Rice parcels in turmeric leaf with coconut and jaggery.
452,Dodol,Panaji,Goa,Sweet / Chewy,Local sweet shops,https://images.unsplash.com/photo-1599785209707-a456fc1337bb?auto=format&fit=crop&w=800&q=80,Sticky coconut and jaggery sweet.
453,Pork Sorpotel,Margao,Goa,Spicy / Tangy,Local Goan restaurants,https://images.unsplash.com/photo-1544025162-d76694265947?auto=format&fit=crop&w=800&q=80,Spicy pork curry cooked for days.
454,Mackerel Recheado,Margao,Goa,Spicy / Tangy,Local Goan restaurants,https://images.unsplash.com/photo-1626777552726-4a6b54c97e46?auto=format&fit=crop&w=800&q=80,Mackerel with red spice paste.
455,Bebinca,Margao,Goa,Sweet / Rich,Local bakeries,https://images.unsplash.com/photo-1599785209707-a456fc1337bb?auto=format&fit=crop&w=800&q=80,Multi-layered Goan dessert.
456,Chicken Cafreal,Margao,Goa,Spicy / Herby,Local Goan restaurants,https://images.unsplash.com/photo-1544025162-d76694265947?auto=format&fit=crop&w=800&q=80,Green marinated chicken.
457,Sannas,Margao,Goa,Mild / Soft,Local eateries,https://images.unsplash.com/photo-1626777552726-4a6b54c97e46?auto=format&fit=crop&w=800&q=80,Steamed rice cakes.
458,Ros Omelette,Margao,Goa,Spicy / Savory,Local eateries,https://images.unsplash.com/photo-1626777552726-4a6b54c97e46?auto=format&fit=crop&w=800&q=80,Omelette in a spicy chicken gravy.
459,Goan Fish Thali,Margao,Goa,Tangy / Spicy,Local Goan restaurants,https://images.unsplash.com/photo-1544025162-d76694265947?auto=format&fit=crop&w=800&q=80,"Fish curry, fry and rice platter."
460,Hyderabadi Haleem,Hyderabad,Telangana,Rich / Savory,Pista House,https://images.unsplash.com/photo-1544025162-d76694265947?auto=format&fit=crop&w=800&q=80,"Slow-cooked wheat, lentils and meat blended into a thick porridge."
461,Irani Chai,Hyderabad,Telangana,Sweet / Creamy,Nimrah Cafe,https://images.unsplash.com/photo-1599785209707-a456fc1337bb?auto=format&fit=crop&w=800&q=80,Strong milk tea served with Osmania biscuits.
462,Osmania Biscuit,Hyderabad,Telangana,Sweet / Salty,Nimrah Cafe,https://images.unsplash.com/photo-1599785209707-a456fc1337bb?auto=format&fit=crop&w=800&q=80,Crisp buttery biscuits made for dunking in chai.
463,Mirchi Ka Salan,Hyderabad,Telangana,Tangy / Spicy,Local Hyderabadi restaurants,https://images.unsplash.com/photo-1544025162-d76694265947?auto=format&fit=crop&w=800&q=80,Green chilies in peanut and sesame gravy served with biryani.
464,Bagara Baingan,Hyderabad,Telangana,Tangy / Rich,Local Hyderabadi restaurants,https://images.unsplash.com/photo-1626777552726-4a6b54c97e46?auto=format&fit=crop&w=800&q=80,Baby brinjals cooked in a nutty tamarind gravy.
465,Double Ka Meetha,Hyderabad,Telangana,Sweet / Rich,Local sweet shops,https://images.unsplash.com/photo-1599785209707-a456fc1337bb?auto=format&fit=crop&w=800&q=80,"Fried bread soaked in milk, saffron and sugar."
466,Khubani Ka Meetha,Hyderabad,Telangana,Sweet / Fruity,Local Hyderabadi restaurants,https://images.unsplash.com/photo-1599785209707-a456fc1337bb?auto=format&fit=crop&w=800&q=80,Stewed dried apricots served with cream.
467,Shikampuri Kebab,Hyderabad,Telangana,Savory / Soft,Local kebab shops,https://images.unsplash.com/photo-1544025162-d76694265947?auto=format&fit=crop&w=800&q=80,Minced meat patties stuffed with curd and mint.
468,Lukhmi,Hyderabad,Telangana,Savory / Flaky,Local Hyderabadi bakeries,https://images.unsplash.com/photo-1626777552726-4a6b54c97e46?auto=format&fit=crop&w=800&q=80,Square flaky pastry stuffed with spiced mince.
469,Paya,Hyderabad,Telangana,Rich / Spicy,Old City eateries,https://images.unsplash.com/photo-1544025162-d76694265947?auto=format&fit=crop&w=800&q=80,"Slow-cooked trotter curry, eaten with bread."
470,Nihari,Hyderabad,Telangana,Rich / Spicy,Old City eateries,https://images.unsplash.com/photo-1544025162-d76694265947?auto=format&fit=crop&w=800&q=80,Slow-cooked meat stew served for breakfast.
471,Pathar Ka Gosht,Hyderabad,Telangana,Smoky / Spicy,Old City eateries,https://images.unsplash.com/photo-1544025162-d76694265947?auto=format&fit=crop&w=800&q=80,Marinated meat cooked on a hot stone slab.
472,Dum Ka Murgh,Hyderabad,Telangana,Rich / Spicy,Local Hyderabadi restaurants,https://images.unsplash.com/photo-1626777552726-4a6b54c97e46?auto=format&fit=crop&w=800&q=80,Chicken slow-cooked in a sealed pot.
473,Hyderabadi Kheema Paratha,Hyderabad,Telangana,Spicy / Savory,Local eateries,https://images.unsplash.com/photo-1544025162-d76694265947?auto=format&fit=crop&w=800&q=80,Flatbread served with spiced minced meat.
474,Gongura Mutton,Warangal,Telangana,Tangy / Spicy,Local eateries,https://images.unsplash.com/photo-1544025162-d76694265947?auto=format&fit=crop&w=800&q=80,Mutton cooked with sour gongura leaves.
475,Natu Kodi Pulusu,Warangal,Telangana,Spicy / Tangy,Local eateries,https://images.unsplash.com/photo-1626777552726-4a6b54c97e46?auto=format&fit=crop&w=800&q=80,Country chicken in a spicy tamarind gravy.
476,Jonna Rotte,Warangal,Telangana,Earthy / Rustic,Local eateries,https://images.unsplash.com/photo-1626777552726-4a6b54c97e46?auto=format&fit=crop&w=800&q=80,Sorghum flatbread served with spicy curries.
477,Sakinalu,Warangal,Telangana,Crunchy / Savory,Local homes,https://images.unsplash.com/photo-1626777552726-4a6b54c97e46?auto=format&fit=crop&w=800&q=80,Crisp rice flour snack with sesame and ajwain.
478,Pesarattu,Warangal,Telangana,Savory / Earthy,Local breakfast stalls,https://images.unsplash.com/photo-1589301760014-d929f3979dbc?auto=format&fit=crop&w=800&q=80,Green gram dosa served with ginger chutney.
479,Bobbatlu,Warangal,Telangana,Sweet / Rich,Local sweet shops,https://images.unsplash.com/photo-1599785209707-a456fc1337bb?auto=format&fit=crop&w=800&q=80,Sweet flatbread stuffed with lentil and jaggery.
480,Sarva Pindi,Karimnagar,Telangana,Spicy / Crisp,Local eateries,https://images.unsplash.com/photo-1626777552726-4a6b54c97e46?auto=format&fit=crop&w=800&q=80,"Rice flour pancake with chilies, peanuts and sesame."
481,Sakinalu,Karimnagar,Telangana,Crunchy / Savory,Local homes,https://images.unsplash.com/photo-1626777552726-4a6b54c97e46?auto=format&fit=crop&w=800&q=80,Spiral rice flour snack.
482,Jonna Rotte with Pachadi,Karimnagar,Telangana,Earthy / Spicy,Local eateries,https://images.unsplash.com/photo-1626777552726-4a6b54c97e46?auto=format&fit=crop&w=800&q=80,Sorghum flatbread with chutney.
483,Chapala Pulusu,Karimnagar,Telangana,Tangy / Spicy,Local eateries,https://images.unsplash.com/photo-1626777552726-4a6b54c97e46?auto=format&fit=crop&w=800&q=80,Fish in a tamarind-based gravy.
484,Andhra Meals,Vijayawada,Andhra Pradesh,Fiery / Tangy,Local restaurants,https://images.unsplash.com/photo-1626777552726-4a6b54c97e46?auto=format&fit=crop&w=800&q=80,"Full meal with rice, dal, pickles and spicy curries."
485,Gongura Mutton,Vijayawada,Andhra Pradesh,Tangy / Spicy,Local restaurants,https://images.unsplash.com/photo-1544025162-d76694265947?auto=format&fit=crop&w=800&q=80,Mutton with sorrel leaves.
486,Pesarattu Upma,Vijayawada,Andhra Pradesh,Savory / Earthy,Local breakfast stalls,https://images.unsplash.com/photo-1589301760014-d929f3979dbc?auto=format&fit=crop&w=800&q=80,Green gram dosa filled with upma.
487,Bandar Laddu,Vijayawada,Andhra Pradesh,Sweet / Rich,Local sweet shops,https://images.unsplash.com/photo-1599785209707-a456fc1337bb?auto=format&fit=crop&w=800&q=80,Famed laddu from nearby Machilipatnam.
488,Gutti Vankaya,Vijayawada,Andhra Pradesh,Spicy / Nutty,Local restaurants,https://images.unsplash.com/photo-1626777552726-4a6b54c97e46?auto=format&fit=crop&w=800&q=80,Stuffed brinjal curry.
489,Avakaya Pickle,Vijayawada,Andhra Pradesh,Fiery / Tangy,Local homes,https://images.unsplash.com/photo-1626777552726-4a6b54c97e46?auto=format&fit=crop&w=800&q=80,Raw mango pickle with mustard and chili.
490,Pulihora,Vijayawada,Andhra Pradesh,Tangy / Spicy,Local temples and eateries,https://images.unsplash.com/photo-1563379091339-03b21ab4a4f8?auto=format&fit=crop&w=800&q=80,Tamarind rice flavored with peanuts.
491,Kodi Vepudu,Vijayawada,Andhra Pradesh,Spicy / Dry,Local restaurants,https://images.unsplash.com/photo-1626777552726-4a6b54c97e46?auto=format&fit=crop&w=800&q=80,Dry-fried spicy chicken.
492,Guntur Chilli Chicken,Guntur,Andhra Pradesh,Fiery / Spicy,Local eateries,https://images.unsplash.com/photo-1544025162-d76694265947?auto=format&fit=crop&w=800&q=80,Chicken cooked with fiery Guntur chilies.
493,Guntur Mirchi Bajji,Guntur,Andhra Pradesh,Spicy / Crisp,Street stalls,https://images.unsplash.com/photo-1589301760014-d929f3979dbc?auto=format&fit=crop&w=800&q=80,Large chilies fried in gram flour batter.
494,Guntur Karam Podi Idli,Guntur,Andhra Pradesh,Spicy / Savory,Local breakfast stalls,https://images.unsplash.com/photo-1589301760014-d929f3979dbc?auto=format&fit=crop&w=800&q=80,Idli tossed in spicy lentil powder and ghee.
495,Gongura Pachadi,Guntur,Andhra Pradesh,Tangy / Spicy,Local homes,https://images.unsplash.com/photo-1626777552726-4a6b54c97e46?auto=format&fit=crop&w=800&q=80,Sorrel leaf chutney.
496,Guntur Mutton Fry,Guntur,Andhra Pradesh,Spicy / Dry,Local eateries,https://images.unsplash.com/photo-1544025162-d76694265947?auto=format&fit=crop&w=800&q=80,Dry-fried mutton with Guntur chilies.
497,Guntur Kaaram Dosa,Guntur,Andhra Pradesh,Spicy / Crisp,Local breakfast stalls,https://images.unsplash.com/photo-1589301760014-d929f3979dbc?auto=format&fit=crop&w=800&q=80,Dosa smeared with red chili paste.
498,Chepala Pulusu,Visakhapatnam,Andhra Pradesh,Tangy / Spicy,Local coastal restaurants,https://images.unsplash.com/photo-1626777552726-4a6b54c97e46?auto=format&fit=crop&w=800&q=80,Tamarind-based fish curry.
499,Bamboo Chicken,Visakhapatnam,Andhra Pradesh,Smoky / Spicy,Araku Valley stalls,https://images.unsplash.com/photo-1544025162-d76694265947?auto=format&fit=crop&w=800&q=80,Chicken marinated and cooked in bamboo.
500,Kakinada Kaja,Visakhapatnam,Andhra Pradesh,Sweet / Crisp,Local sweet shops,https://images.unsplash.com/photo-1599785209707-a456fc1337bb?auto=format&fit=crop&w=800&q=80,Layered fried sweet dipped in syrup.
501,Pesarattu,Visakhapatnam,Andhra Pradesh,Savory / Earthy,Local breakfast stalls,https://images.unsplash.com/photo-1589301760014-d929f3979dbc?auto=format&fit=crop&w=800&q=80,Green gram dosa served with ginger chutney.
502,Vizag Fish Fry,Visakhapatnam,Andhra Pradesh,Spicy / Crispy,Beach-side restaurants,https://images.unsplash.com/photo-1544025162-d76694265947?auto=format&fit=crop&w=800&q=80,Fried fish in Andhra spices.
503,Ulava Charu,Visakhapatnam,Andhra Pradesh,Earthy / Tangy,Local restaurants,https://images.unsplash.com/photo-1626777552726-4a6b54c97e46?auto=format&fit=crop&w=800&q=80,Horse gram soup.
504,Bobbatlu,Visakhapatnam,Andhra Pradesh,Sweet / Rich,Local sweet shops,https://images.unsplash.com/photo-1599785209707-a456fc1337bb?auto=format&fit=crop&w=800&q=80,Stuffed sweet flatbread.
505,Tirupati Laddu,Tirupati,Andhra Pradesh,Sweet / Rich,Tirumala Temple,https://images.unsplash.com/photo-1599785209707-a456fc1337bb?auto=format&fit=crop&w=800&q=80,Sacred laddu offered as temple prasadam.
506,Pulihora,Tirupati,Andhra Pradesh,Tangy / Spicy,Tirumala Temple,https://images.unsplash.com/photo-1563379091339-03b21ab4a4f8?auto=format&fit=crop&w=800&q=80,Tamarind rice offered as prasadam.
507,Dadhojanam,Tirupati,Andhra Pradesh,Mild / Cool,Tirumala Temple,https://images.unsplash.com/photo-1563379091339-03b21ab4a4f8?auto=format&fit=crop&w=800&q=80,Curd rice with tempering.
508,Vada,Tirupati,Andhra Pradesh,Savory / Crisp,Tirumala Temple,https://images.unsplash.com/photo-1589301760014-d929f3979dbc?auto=format&fit=crop&w=800&q=80,Crisp lentil fritters.
509,Sambar Rice,Tirupati,Andhra Pradesh,Comforting / Tangy,Local eateries,https://images.unsplash.com/photo-1563379091339-03b21ab4a4f8?auto=format&fit=crop&w=800&q=80,Rice and lentil dish with vegetables.
510,Pootharekulu,Rajahmundry,Andhra Pradesh,Sweet / Crisp,Atreyapuram,https://images.unsplash.com/photo-1599785209707-a456fc1337bb?auto=format&fit=crop&w=800&q=80,Paper-thin rice sheet sweet filled with sugar and ghee.
511,Pulasa Fish Curry,Rajahmundry,Andhra Pradesh,Rich / Tangy,Godavari region restaurants,https://images.unsplash.com/photo-1544025162-d76694265947?auto=format&fit=crop&w=800&q=80,Prized seasonal fish curry from the Godavari.
512,Kaja,Rajahmundry,Andhra Pradesh,Sweet / Crisp,Local sweet shops,https://images.unsplash.com/photo-1599785209707-a456fc1337bb?auto=format&fit=crop&w=800&q=80,Layered fried sweet.
513,Bobbatlu,Rajahmundry,Andhra Pradesh,Sweet / Rich,Local sweet shops,https://images.unsplash.com/photo-1599785209707-a456fc1337bb?auto=format&fit=crop&w=800&q=80,Sweet stuffed flatbread.
514,Mamidi Tandra,Rajahmundry,Andhra Pradesh,Sweet / Fruity,Local homes,https://images.unsplash.com/photo-1599785209707-a456fc1337bb?auto=format&fit=crop&w=800&q=80,Sun-dried mango pulp sweet.
515,Nellore Chepala Pulusu,Nellore,Andhra Pradesh,Tangy / Spicy,Local eateries,https://images.unsplash.com/photo-1626777552726-4a6b54c97e46?auto=format&fit=crop&w=800&q=80,Fish in tamarind and spice gravy.
516,Nellore Kaaram Podi,Nellore,Andhra Pradesh,Spicy / Nutty,Local homes,https://images.unsplash.com/photo-1626777552726-4a6b54c97e46?auto=format&fit=crop&w=800&q=80,Spicy lentil powder eaten with rice.
517,Nellore Kodi Kura,Nellore,Andhra Pradesh,Spicy / Rich,Local eateries,https://images.unsplash.com/photo-1626777552726-4a6b54c97e46?auto=format&fit=crop&w=800&q=80,Andhra-style chicken curry.
518,Nellore Ulavacharu,Nellore,Andhra Pradesh,Earthy / Tangy,Local restaurants,https://images.unsplash.com/photo-1626777552726-4a6b54c97e46?auto=format&fit=crop&w=800&q=80,Horse gram soup with spices.
519,Kakinada Kaja,Kakinada,Andhra Pradesh,Sweet / Crisp,Local sweet shops,https://images.unsplash.com/photo-1599785209707-a456fc1337bb?auto=format&fit=crop&w=800&q=80,Famed layered sweet.
520,Kakinada Kotta Pindi,Kakinada,Andhra Pradesh,Mild / Savory,Local eateries,https://images.unsplash.com/photo-1626777552726-4a6b54c97e46?auto=format&fit=crop&w=800&q=80,Steamed rice cake dish.
521,Kakinada Fish Curry,Kakinada,Andhra Pradesh,Spicy / Tangy,Local eateries,https://images.unsplash.com/photo-1544025162-d76694265947?auto=format&fit=crop&w=800&q=80,Coastal fish curry.
522,Ragi Sangati,Kurnool,Andhra Pradesh,Earthy / Rustic,Local eateries,https://images.unsplash.com/photo-1626777552726-4a6b54c97e46?auto=format&fit=crop&w=800&q=80,Finger millet balls served with spicy curries.
523,Kurnool Natukodi,Kurnool,Andhra Pradesh,Spicy / Rich,Local eateries,https://images.unsplash.com/photo-1626777552726-4a6b54c97e46?auto=format&fit=crop&w=800&q=80,Country chicken curry.
524,Jonna Roti,Kurnool,Andhra Pradesh,Earthy / Rustic,Local eateries,https://images.unsplash.com/photo-1626777552726-4a6b54c97e46?auto=format&fit=crop&w=800&q=80,Sorghum flatbread with curry.
525,Kurnool Mutton Curry,Kurnool,Andhra Pradesh,Spicy / Rich,Local eateries,https://images.unsplash.com/photo-1544025162-d76694265947?auto=format&fit=crop&w=800&q=80,Rayalaseema-style mutton curry.
526,Rava Idli,Bengaluru,Karnataka,Mild / Soft,MTR,https://images.unsplash.com/photo-1589301760014-d929f3979dbc?auto=format&fit=crop&w=800&q=80,Soft semolina idli with chutney and sambar.
527,Bisi Bele Bath,Bengaluru,Karnataka,Spicy / Tangy,MTR,https://images.unsplash.com/photo-1563379091339-03b21ab4a4f8?auto=format&fit=crop&w=800&q=80,"Spiced rice, lentil and vegetable dish."
528,Vidyarthi Bhavan Masala Dosa,Bengaluru,Karnataka,Crisp / Spicy,Vidyarthi Bhavan,https://images.unsplash.com/photo-1589301760014-d929f3979dbc?auto=format&fit=crop&w=800&q=80,Famous crisp dosa with butter and potato filling.
529,Filter Coffee,Bengaluru,Karnataka,Bitter / Sweet,Indian Coffee House,https://images.unsplash.com/photo-1626777552726-4a6b54c97e46?auto=format&fit=crop&w=800&q=80,Strong South Indian coffee with frothed milk.
530,Set Dosa,Bengaluru,Karnataka,Soft / Mild,Local Darshinis,https://images.unsplash.com/photo-1589301760014-d929f3979dbc?auto=format&fit=crop&w=800&q=80,Soft spongy dosas served in a set.
531,Thatte Idli,Bengaluru,Karnataka,Soft / Mild,Local Darshinis,https://images.unsplash.com/photo-1589301760014-d929f3979dbc?auto=format&fit=crop&w=800&q=80,Large flat idli served with chutney.
532,Kesari Bath,Bengaluru,Karnataka,Sweet / Rich,Local Darshinis,https://images.unsplash.com/photo-1599785209707-a456fc1337bb?auto=format&fit=crop&w=800&q=80,Sweet semolina dish with saffron.
533,Khara Bath,Bengaluru,Karnataka,Spicy / Savory,Local Darshinis,https://images.unsplash.com/photo-1626777552726-4a6b54c97e46?auto=format&fit=crop&w=800&q=80,Spiced semolina upma.
534,Akki Roti,Bengaluru,Karnataka,Earthy / Mild,Local eateries,https://images.unsplash.com/photo-1626777552726-4a6b54c97e46?auto=format&fit=crop&w=800&q=80,Rice flour flatbread with vegetables.
535,Ragi Mudde Saaru,Bengaluru,Karnataka,Earthy / Tangy,Local eateries,https://images.unsplash.com/photo-1626777552726-4a6b54c97e46?auto=format&fit=crop&w=800&q=80,Finger millet balls with spicy saaru.
536,Maddur Vada,Bengaluru,Karnataka,Crisp / Savory,Local shops,https://images.unsplash.com/photo-1589301760014-d929f3979dbc?auto=format&fit=crop&w=800&q=80,Crispy onion fritters from Maddur.
537,Chow Chow Bath,Bengaluru,Karnataka,Savory / Sweet,Local Darshinis,https://images.unsplash.com/photo-1626777552726-4a6b54c97e46?auto=format&fit=crop&w=800&q=80,Combination of khara bath and kesari bath.
538,Donne Biryani,Bengaluru,Karnataka,Aromatic / Spicy,Military hotels,https://images.unsplash.com/photo-1563379091339-03b21ab4a4f8?auto=format&fit=crop&w=800&q=80,Local biryani served in leaf bowls.
539,Nati Style Chicken Curry,Bengaluru,Karnataka,Spicy / Rich,Local eateries,https://images.unsplash.com/photo-1544025162-d76694265947?auto=format&fit=crop&w=800&q=80,Home-style country chicken curry.
540,Mysore Pak,Mysuru,Karnataka,Sweet / Rich,Guru Sweet Mart,https://images.unsplash.com/photo-1599785209707-a456fc1337bb?auto=format&fit=crop&w=800&q=80,Ghee-laden gram flour sweet invented in Mysore.
541,Mylari Dosa,Mysuru,Karnataka,Soft / Buttery,Hotel Mylari,https://images.unsplash.com/photo-1589301760014-d929f3979dbc?auto=format&fit=crop&w=800&q=80,Soft butter-laden dosa served with chutney.
542,Mysore Bonda,Mysuru,Karnataka,Savory / Crisp,Local eateries,https://images.unsplash.com/photo-1589301760014-d929f3979dbc?auto=format&fit=crop&w=800&q=80,Crisp fried batter balls with chutney.
543,Mysore Bajji,Mysuru,Karnataka,Savory / Crisp,Local eateries,https://images.unsplash.com/photo-1589301760014-d929f3979dbc?auto=format&fit=crop&w=800&q=80,Batter-fried vegetable fritters.
544,Kharabath,Mysuru,Karnataka,Spicy / Savory,Local eateries,https://images.unsplash.com/photo-1626777552726-4a6b54c97e46?auto=format&fit=crop&w=800&q=80,Spiced semolina.
545,Kobbari Mithai,Mysuru,Karnataka,Sweet / Coconut,Local sweet shops,https://images.unsplash.com/photo-1599785209707-a456fc1337bb?auto=format&fit=crop&w=800&q=80,Coconut sweet.
546,Chiroti,Mysuru,Karnataka,Sweet / Flaky,Local sweet shops,https://images.unsplash.com/photo-1599785209707-a456fc1337bb?auto=format&fit=crop&w=800&q=80,Flaky layered sweet.
547,Neer Dosa,Mangaluru,Karnataka,Mild / Soft,Local coastal restaurants,https://images.unsplash.com/photo-1589301760014-d929f3979dbc?auto=format&fit=crop&w=800&q=80,Thin rice crepes served with chutney or curry.
548,Kori Rotti,Mangaluru,Karnataka,Crisp / Spicy,Local coastal restaurants,https://images.unsplash.com/photo-1626777552726-4a6b54c97e46?auto=format&fit=crop&w=800&q=80,Crisp rice wafers with chicken curry.
549,Chicken Ghee Roast,Mangaluru,Karnataka,Spicy / Rich,Local coastal restaurants,https://images.unsplash.com/photo-1544025162-d76694265947?auto=format&fit=crop&w=800&q=80,Spicy roasted chicken with ghee.
550,Mangalorean Fish Curry,Mangaluru,Karnataka,Tangy / Spicy,Local coastal restaurants,https://images.unsplash.com/photo-1544025162-d76694265947?auto=format&fit=crop&w=800&q=80,Coconut-based curry with local fish.
551,Pathrode,Mangaluru,Karnataka,Steamed / Spicy,Local coastal restaurants,https://images.unsplash.com/photo-1626777552726-4a6b54c97e46?auto=format&fit=crop&w=800&q=80,Colocasia leaf rolls steamed with spices.
552,Goli Baje,Mangaluru,Karnataka,Savory / Crisp,Local stalls,https://images.unsplash.com/photo-1626777552726-4a6b54c97e46?auto=format&fit=crop&w=800&q=80,Fluffy fried fritters.
553,Mangalore Buns,Mangaluru,Karnataka,Sweet / Fluffy,Local bakeries,https://images.unsplash.com/photo-1599785209707-a456fc1337bb?auto=format&fit=crop&w=800&q=80,Deep-fried banana buns.
554,Gadbad Ice Cream,Mangaluru,Karnataka,Sweet / Cold,Ideal Ice Cream,https://images.unsplash.com/photo-1599785209707-a456fc1337bb?auto=format&fit=crop&w=800&q=80,Layered dessert with ice cream and fruits.
555,Bangude Fry,Mangaluru,Karnataka,Spicy / Crispy,Local coastal restaurants,https://images.unsplash.com/photo-1626777552726-4a6b54c97e46?auto=format&fit=crop&w=800&q=80,Mackerel fried with spices.
556,Kane Rava Fry,Mangaluru,Karnataka,Spicy / Crispy,Local coastal restaurants,https://images.unsplash.com/photo-1626777552726-4a6b54c97e46?auto=format&fit=crop&w=800&q=80,Ladyfish coated in semolina.
557,Prawn Ghee Roast,Mangaluru,Karnataka,Spicy / Rich,Local coastal restaurants,https://images.unsplash.com/photo-1544025162-d76694265947?auto=format&fit=crop&w=800&q=80,Prawns roasted in ghee and spices.
558,Udupi Masala Dosa,Udupi,Karnataka,Crisp / Spicy,Krishna Mutt-area restaurants,https://images.unsplash.com/photo-1589301760014-d929f3979dbc?auto=format&fit=crop&w=800&q=80,Crisp dosa with potato filling.
559,Udupi Sambar,Udupi,Karnataka,Sweet / Tangy,Krishna Mutt-area restaurants,https://images.unsplash.com/photo-1589301760014-d929f3979dbc?auto=format&fit=crop&w=800&q=80,Sambar with a slightly sweet taste.
560,Idli Sambar,Udupi,Karnataka,Mild / Tangy,Local restaurants,https://images.unsplash.com/photo-1589301760014-d929f3979dbc?auto=format&fit=crop&w=800&q=80,Steamed rice cakes with lentil stew.
561,Kotte Kadubu,Udupi,Karnataka,Mild / Steamed,Local restaurants,https://images.unsplash.com/photo-1626777552726-4a6b54c97e46?auto=format&fit=crop&w=800&q=80,Idli steamed in jackfruit leaves.
562,Udupi Rasam,Udupi,Karnataka,Tangy / Spicy,Local restaurants,https://images.unsplash.com/photo-1589301760014-d929f3979dbc?auto=format&fit=crop&w=800&q=80,Peppery tamarind soup.
563,Bisi Bele Bath,Udupi,Karnataka,Spicy / Tangy,Local restaurants,https://images.unsplash.com/photo-1563379091339-03b21ab4a4f8?auto=format&fit=crop&w=800&q=80,Spiced lentil rice.
564,Dharwad Peda,Hubballi,Karnataka,Sweet / Milky,Thakur Pedha,https://images.unsplash.com/photo-1599785209707-a456fc1337bb?auto=format&fit=crop&w=800&q=80,Caramelized milk sweet from Dharwad.
565,Girmit,Hubballi,Karnataka,Spicy / Crunchy,Local street stalls,https://images.unsplash.com/photo-1626777552726-4a6b54c97e46?auto=format&fit=crop&w=800&q=80,Spicy puffed rice snack.
566,Jolada Rotti Meal,Hubballi,Karnataka,Earthy / Spicy,Local eateries,https://images.unsplash.com/photo-1626777552726-4a6b54c97e46?auto=format&fit=crop&w=800&q=80,Sorghum flatbread with spicy curries.
567,Kadak Rotti,Hubballi,Karnataka,Crunchy / Earthy,Local eateries,https://images.unsplash.com/photo-1626777552726-4a6b54c97e46?auto=format&fit=crop&w=800&q=80,Crisp millet flatbread.
568,Ennegai,Hubballi,Karnataka,Spicy / Nutty,Local eateries,https://images.unsplash.com/photo-1626777552726-4a6b54c97e46?auto=format&fit=crop&w=800&q=80,Stuffed baby brinjal curry.
569,Shenga Holige,Hubballi,Karnataka,Sweet / Nutty,Local sweet shops,https://images.unsplash.com/photo-1599785209707-a456fc1337bb?auto=format&fit=crop&w=800&q=80,Peanut-stuffed flatbread.
570,Mirchi Bajji,Hubballi,Karnataka,Spicy / Crisp,Street stalls,https://images.unsplash.com/photo-1589301760014-d929f3979dbc?auto=format&fit=crop&w=800&q=80,Chilies fried in gram flour batter.
571,Belgaum Kunda,Belagavi,Karnataka,Sweet / Milky,Local sweet shops,https://images.unsplash.com/photo-1599785209707-a456fc1337bb?auto=format&fit=crop&w=800&q=80,Caramelized milk sweet from Belgaum.
572,Jolada Rotti,Belagavi,Karnataka,Earthy / Rustic,Local eateries,https://images.unsplash.com/photo-1626777552726-4a6b54c97e46?auto=format&fit=crop&w=800&q=80,Sorghum flatbread.
573,Kadak Roti,Belagavi,Karnataka,Crunchy / Earthy,Local eateries,https://images.unsplash.com/photo-1626777552726-4a6b54c97e46?auto=format&fit=crop&w=800&q=80,Crisp millet bread.
574,Kardantu,Belagavi,Karnataka,Sweet / Nutty,Local sweet shops,https://images.unsplash.com/photo-1599785209707-a456fc1337bb?auto=format&fit=crop&w=800&q=80,Dry fruit and jaggery sweet.
575,Davangere Benne Dosa,Davangere,Karnataka,Crisp / Buttery,Davangere eateries,https://images.unsplash.com/photo-1589301760014-d929f3979dbc?auto=format&fit=crop&w=800&q=80,Crisp butter-laden dosa.
576,Set Dosa,Davangere,Karnataka,Soft / Mild,Local restaurants,https://images.unsplash.com/photo-1589301760014-d929f3979dbc?auto=format&fit=crop&w=800&q=80,Soft spongy dosa.
577,Davangere Mirchi Bajji,Davangere,Karnataka,Spicy / Crisp,Street stalls,https://images.unsplash.com/photo-1589301760014-d929f3979dbc?auto=format&fit=crop&w=800&q=80,Chili fritters.
578,Davangere Thatte Idli,Davangere,Karnataka,Soft / Mild,Local eateries,https://images.unsplash.com/photo-1589301760014-d929f3979dbc?auto=format&fit=crop&w=800&q=80,Flat idli with chutney.
579,Kalaburagi Toor Dal,Kalaburagi,Karnataka,Earthy / Mild,Local eateries,https://images.unsplash.com/photo-1626777552726-4a6b54c97e46?auto=format&fit=crop&w=800&q=80,Famous Gulbarga toor dal.
580,Sajje Rotti,Kalaburagi,Karnataka,Earthy / Rustic,Local eateries,https://images.unsplash.com/photo-1626777552726-4a6b54c97e46?auto=format&fit=crop&w=800&q=80,Pearl millet flatbread.
581,Chatni Pudi,Kalaburagi,Karnataka,Spicy / Nutty,Local homes,https://images.unsplash.com/photo-1626777552726-4a6b54c97e46?auto=format&fit=crop&w=800&q=80,Dry chutney powder.
582,Shenga Poli,Kalaburagi,Karnataka,Sweet / Nutty,Local sweet shops,https://images.unsplash.com/photo-1599785209707-a456fc1337bb?auto=format&fit=crop&w=800&q=80,Peanut-stuffed sweet flatbread.
583,Pandi Curry,Madikeri,Karnataka,Spicy / Rich,Local Kodava restaurants,https://images.unsplash.com/photo-1544025162-d76694265947?auto=format&fit=crop&w=800&q=80,Coorg pork curry with kachampuli vinegar.
584,Kadambuttu,Madikeri,Karnataka,Mild / Soft,Local Kodava restaurants,https://images.unsplash.com/photo-1626777552726-4a6b54c97e46?auto=format&fit=crop&w=800&q=80,Steamed rice balls.
585,Akki Roti,Madikeri,Karnataka,Earthy / Mild,Local eateries,https://images.unsplash.com/photo-1626777552726-4a6b54c97e46?auto=format&fit=crop&w=800&q=80,Rice flour flatbread.
586,Noolputtu,Madikeri,Karnataka,Mild / Soft,Local eateries,https://images.unsplash.com/photo-1589301760014-d929f3979dbc?auto=format&fit=crop&w=800&q=80,Steamed rice noodle discs.
587,Coorg Chicken Curry,Madikeri,Karnataka,Spicy / Rich,Local Kodava restaurants,https://images.unsplash.com/photo-1544025162-d76694265947?auto=format&fit=crop&w=800&q=80,Chicken with roasted spices.
588,Bamboo Shoot Curry,Madikeri,Karnataka,Tangy / Earthy,Local Kodava restaurants,https://images.unsplash.com/photo-1544025162-d76694265947?auto=format&fit=crop&w=800&q=80,Seasonal Coorg specialty.
589,Coorg Coffee,Madikeri,Karnataka,Bitter / Rich,Local cafes,https://images.unsplash.com/photo-1626777552726-4a6b54c97e46?auto=format&fit=crop&w=800&q=80,Locally grown coffee.
590,Karimeen Pollichathu,Kochi,Kerala,Spicy / Tangy,Local Kerala restaurants,https://images.unsplash.com/photo-1626777552726-4a6b54c97e46?auto=format&fit=crop&w=800&q=80,Pearl spot fish wrapped in banana leaf and grilled.
591,Appam with Stew,Kochi,Kerala,Mild / Creamy,Local Kerala restaurants,https://images.unsplash.com/photo-1589301760014-d929f3979dbc?auto=format&fit=crop&w=800&q=80,Lacy rice pancakes with coconut milk stew.
592,Kerala Meals,Kochi,Kerala,Spicy / Savory,Local restaurants,https://images.unsplash.com/photo-1626777552726-4a6b54c97e46?auto=format&fit=crop&w=800&q=80,Rice meal with fish curry and vegetables.
593,Kerala Parotta Beef Fry,Kochi,Kerala,Spicy / Rich,Local restaurants,https://images.unsplash.com/photo-1626777552726-4a6b54c97e46?auto=format&fit=crop&w=800&q=80,Flaky parotta with spicy beef fry.
594,Puttu Kadala,Kochi,Kerala,Mild / Spicy,Local restaurants,https://images.unsplash.com/photo-1589301760014-d929f3979dbc?auto=format&fit=crop&w=800&q=80,Steamed rice cylinders with black chickpea curry.
595,Prawn Roast,Kochi,Kerala,Spicy / Rich,Local restaurants,https://images.unsplash.com/photo-1544025162-d76694265947?auto=format&fit=crop&w=800&q=80,Prawns roasted with spices.
596,Kozhi Varuthathu,Kochi,Kerala,Spicy / Crisp,Local restaurants,https://images.unsplash.com/photo-1626777552726-4a6b54c97e46?auto=format&fit=crop&w=800&q=80,Fried spiced chicken.
597,Kappa Meen Curry,Kochi,Kerala,Spicy / Tangy,Toddy shops,https://images.unsplash.com/photo-1544025162-d76694265947?auto=format&fit=crop&w=800&q=80,Tapioca with fish curry.
598,Unniyappam,Kochi,Kerala,Sweet / Crisp,Local bakeries,https://images.unsplash.com/photo-1589301760014-d929f3979dbc?auto=format&fit=crop&w=800&q=80,Banana and jaggery fried sweet.
599,Kerala Chicken Curry,Kochi,Kerala,Spicy / Creamy,Local restaurants,https://images.unsplash.com/photo-1544025162-d76694265947?auto=format&fit=crop&w=800&q=80,Chicken curry with coconut.
600,Banana Chips,Kochi,Kerala,Salty / Crisp,Local shops,https://images.unsplash.com/photo-1626777552726-4a6b54c97e46?auto=format&fit=crop&w=800&q=80,Crisp fried banana chips.
601,Sadya,Thiruvananthapuram,Kerala,Mild / Balanced,Local restaurants,https://images.unsplash.com/photo-1626777552726-4a6b54c97e46?auto=format&fit=crop&w=800&q=80,Traditional feast on a banana leaf.
602,Ada Pradhaman,Thiruvananthapuram,Kerala,Sweet / Creamy,Local restaurants,https://images.unsplash.com/photo-1599785209707-a456fc1337bb?auto=format&fit=crop&w=800&q=80,Rice flake dessert in coconut milk and jaggery.
603,Kerala Parotta and Beef,Thiruvananthapuram,Kerala,Spicy / Rich,Local restaurants,https://images.unsplash.com/photo-1626777552726-4a6b54c97e46?auto=format&fit=crop&w=800&q=80,Flaky bread with beef curry.
604,Puttu Kadala,Thiruvananthapuram,Kerala,Mild / Spicy,Local restaurants,https://images.unsplash.com/photo-1589301760014-d929f3979dbc?auto=format&fit=crop&w=800&q=80,Steamed rice with chickpeas.
605,Avial,Thiruvananthapuram,Kerala,Mild / Coconutty,Local restaurants,https://images.unsplash.com/photo-1626777552726-4a6b54c97e46?auto=format&fit=crop&w=800&q=80,Mixed vegetables in coconut and yogurt.
606,Payasam,Thiruvananthapuram,Kerala,Sweet / Creamy,Local restaurants,https://images.unsplash.com/photo-1544025162-d76694265947?auto=format&fit=crop&w=800&q=80,Sweet milk pudding.
607,Kappa Biriyani,Thiruvananthapuram,Kerala,Spicy / Earthy,Local eateries,https://images.unsplash.com/photo-1563379091339-03b21ab4a4f8?auto=format&fit=crop&w=800&q=80,Tapioca mashed with meat.
608,Pazham Pori,Thiruvananthapuram,Kerala,Sweet / Crisp,Local tea stalls,https://images.unsplash.com/photo-1599785209707-a456fc1337bb?auto=format&fit=crop&w=800&q=80,Banana fritters.
609,Thiruvananthapuram Halwa,Thiruvananthapuram,Kerala,Sweet / Chewy,Local sweet shops,https://images.unsplash.com/photo-1599785209707-a456fc1337bb?auto=format&fit=crop&w=800&q=80,Kerala-style halwa.
610,Meen Peera,Thiruvananthapuram,Kerala,Tangy / Spicy,Local eateries,https://images.unsplash.com/photo-1626777552726-4a6b54c97e46?auto=format&fit=crop&w=800&q=80,Fish cooked with coconut and kudampuli.
611,Kozhikode Halwa,Kozhikode,Kerala,Sweet / Chewy,S.M. Street,https://images.unsplash.com/photo-1599785209707-a456fc1337bb?auto=format&fit=crop&w=800&q=80,Famous Kozhikode sweet.
612,Malabar Biryani,Kozhikode,Kerala,Aromatic / Spicy,Paragon Restaurant,https://images.unsplash.com/photo-1563379091339-03b21ab4a4f8?auto=format&fit=crop&w=800&q=80,Fragrant Malabar-style biryani.
613,Kayees Biryani,Kozhikode,Kerala,Aromatic / Spicy,Kayees Rahmathulla Cafe,https://images.unsplash.com/photo-1563379091339-03b21ab4a4f8?auto=format&fit=crop&w=800&q=80,Well-known Malabar biryani.
614,Pathiri with Chicken Curry,Kozhikode,Kerala,Mild / Spicy,Local restaurants,https://images.unsplash.com/photo-1544025162-d76694265947?auto=format&fit=crop&w=800&q=80,Rice flour flatbread with curry.
615,Mutta Mala,Kozhikode,Kerala,Sweet / Rich,Local sweet shops,https://images.unsplash.com/photo-1599785209707-a456fc1337bb?auto=format&fit=crop&w=800&q=80,Egg yolk and sugar sweet.
616,Unnakkaya,Kozhikode,Kerala,Sweet / Soft,Local sweet shops,https://images.unsplash.com/photo-1599785209707-a456fc1337bb?auto=format&fit=crop&w=800&q=80,Banana-filled fried sweet.
617,Chatti Pathiri,Kozhikode,Kerala,Sweet / Layered,Local sweet shops,https://images.unsplash.com/photo-1599785209707-a456fc1337bb?auto=format&fit=crop&w=800&q=80,Layered pastry dessert.
618,Kallummakkaya Fry,Kozhikode,Kerala,Spicy / Crisp,Local restaurants,https://images.unsplash.com/photo-1626777552726-4a6b54c97e46?auto=format&fit=crop&w=800&q=80,Fried mussels.
619,Sulaimani Chai,Kozhikode,Kerala,Sweet / Spicy,Local cafes,https://images.unsplash.com/photo-1544025162-d76694265947?auto=format&fit=crop&w=800&q=80,Black tea with lemon and spices.
620,Erachi Pathiri,Kozhikode,Kerala,Spicy / Savory,Local restaurants,https://images.unsplash.com/photo-1626777552726-4a6b54c97e46?auto=format&fit=crop&w=800&q=80,Stuffed rice pastry with meat.
621,Kallummakkaya Fry,Thrissur,Kerala,Spicy / Crisp,Local toddy shops,https://images.unsplash.com/photo-1626777552726-4a6b54c97e46?auto=format&fit=crop&w=800&q=80,Fried mussels.
622,Kappa Meen Curry,Thrissur,Kerala,Spicy / Tangy,Local toddy shops,https://images.unsplash.com/photo-1544025162-d76694265947?auto=format&fit=crop&w=800&q=80,Tapioca with fish curry.
623,Pazham Pori,Thrissur,Kerala,Sweet / Crisp,Local tea stalls,https://images.unsplash.com/photo-1599785209707-a456fc1337bb?auto=format&fit=crop&w=800&q=80,Banana fritters.
624,Thrissur Sadya,Thrissur,Kerala,Mild / Balanced,Local restaurants,https://images.unsplash.com/photo-1626777552726-4a6b54c97e46?auto=format&fit=crop&w=800&q=80,Banana leaf feast.
625,Kaya Varuthathu,Thrissur,Kerala,Salty / Crisp,Local shops,https://images.unsplash.com/photo-1626777552726-4a6b54c97e46?auto=format&fit=crop&w=800&q=80,Fried raw banana chips.
626,Payasam,Thrissur,Kerala,Sweet / Creamy,Local sweet shops,https://images.unsplash.com/photo-1544025162-d76694265947?auto=format&fit=crop&w=800&q=80,Sweet milk pudding.
627,Pidi & Chicken Curry,Thrissur,Kerala,Mild / Spicy,Local eateries,https://images.unsplash.com/photo-1544025162-d76694265947?auto=format&fit=crop&w=800&q=80,Rice dumplings with curry.
628,Thalassery Dum Biryani,Kannur,Kerala,Aromatic / Spicy,Local restaurants,https://images.unsplash.com/photo-1563379091339-03b21ab4a4f8?auto=format&fit=crop&w=800&q=80,Fragrant Thalassery-style biryani.
629,Kalathappam,Kannur,Kerala,Sweet / Soft,Local bakeries,https://images.unsplash.com/photo-1589301760014-d929f3979dbc?auto=format&fit=crop&w=800&q=80,Jaggery and rice cake.
630,Unnakkaya,Kannur,Kerala,Sweet / Soft,Local sweet shops,https://images.unsplash.com/photo-1599785209707-a456fc1337bb?auto=format&fit=crop&w=800&q=80,Banana-filled sweet.
631,Karimeen Pollichathu,Alappuzha,Kerala,Spicy / Tangy,Houseboat kitchens,https://images.unsplash.com/photo-1626777552726-4a6b54c97e46?auto=format&fit=crop&w=800&q=80,Pearl spot fish grilled in banana leaf.
632,Kuttanad Duck Curry,Alappuzha,Kerala,Spicy / Rich,Toddy shops,https://images.unsplash.com/photo-1544025162-d76694265947?auto=format&fit=crop&w=800&q=80,Duck cooked with pepper and coconut.
633,Meen Curry,Alappuzha,Kerala,Tangy / Spicy,Local restaurants,https://images.unsplash.com/photo-1544025162-d76694265947?auto=format&fit=crop&w=800&q=80,Kerala fish curry.
634,Kappa Choru,Alappuzha,Kerala,Earthy / Spicy,Local toddy shops,https://images.unsplash.com/photo-1626777552726-4a6b54c97e46?auto=format&fit=crop&w=800&q=80,Tapioca with fish curry.
635,Kakka Erachi,Alappuzha,Kerala,Spicy / Rich,Local toddy shops,https://images.unsplash.com/photo-1626777552726-4a6b54c97e46?auto=format&fit=crop&w=800&q=80,Clam curry with coconut.
636,Alleppey Fish Fry,Alappuzha,Kerala,Spicy / Crisp,Local restaurants,https://images.unsplash.com/photo-1544025162-d76694265947?auto=format&fit=crop&w=800&q=80,Fried fish in Kerala spices.
637,Idli Vada Sambar,Chennai,Tamil Nadu,Mild / Tangy,Murugan Idli Shop,https://images.unsplash.com/photo-1589301760014-d929f3979dbc?auto=format&fit=crop&w=800&q=80,Soft idlis with sambar and chutneys.
638,Ghee Pongal,Chennai,Tamil Nadu,Mild / Buttery,Local tiffin restaurants,https://images.unsplash.com/photo-1563379091339-03b21ab4a4f8?auto=format&fit=crop&w=800&q=80,Rice and lentil dish with ghee and pepper.
639,Filter Coffee,Chennai,Tamil Nadu,Bitter / Sweet,Local coffee shops,https://images.unsplash.com/photo-1626777552726-4a6b54c97e46?auto=format&fit=crop&w=800&q=80,Strong South Indian decoction coffee.
640,Kothu Parotta,Chennai,Tamil Nadu,Spicy / Savory,Local street stalls,https://images.unsplash.com/photo-1626777552726-4a6b54c97e46?auto=format&fit=crop&w=800&q=80,Shredded parotta stir-fried with egg or meat.
641,Chicken 65,Chennai,Tamil Nadu,Spicy / Crisp,Buhari Hotel,https://images.unsplash.com/photo-1544025162-d76694265947?auto=format&fit=crop&w=800&q=80,"Fried spicy chicken bites, said to be invented in Chennai."
642,Marina Beach Sundal,Chennai,Tamil Nadu,Mild / Savory,Marina Beach,https://images.unsplash.com/photo-1626777552726-4a6b54c97e46?auto=format&fit=crop&w=800&q=80,Boiled chickpeas tempered with coconut.
643,Rasam Rice,Chennai,Tamil Nadu,Tangy / Spicy,Local restaurants,https://images.unsplash.com/photo-1563379091339-03b21ab4a4f8?auto=format&fit=crop&w=800&q=80,Peppery soup with rice.
644,Meen Kuzhambu,Chennai,Tamil Nadu,Tangy / Spicy,Local restaurants,https://images.unsplash.com/photo-1626777552726-4a6b54c97e46?auto=format&fit=crop&w=800&q=80,Tamarind-based fish curry.
645,Kal Dosa,Chennai,Tamil Nadu,Soft / Mild,Local tiffin restaurants,https://images.unsplash.com/photo-1589301760014-d929f3979dbc?auto=format&fit=crop&w=800&q=80,Soft thick dosa.
646,Paniyaram,Chennai,Tamil Nadu,Mild / Savory,Local street stalls,https://images.unsplash.com/photo-1589301760014-d929f3979dbc?auto=format&fit=crop&w=800&q=80,Fluffy rice and lentil dumplings.
647,Chennai Mutton Biryani,Chennai,Tamil Nadu,Aromatic / Spicy,Local restaurants,https://images.unsplash.com/photo-1563379091339-03b21ab4a4f8?auto=format&fit=crop&w=800&q=80,Spiced mutton biryani.
648,Murukku,Chennai,Tamil Nadu,Salty / Crunchy,Local snack shops,https://images.unsplash.com/photo-1626777552726-4a6b54c97e46?auto=format&fit=crop&w=800&q=80,Crisp rice flour spirals.
649,Jigarthanda,Madurai,Tamil Nadu,Sweet / Cold,Famous Jigarthanda,https://images.unsplash.com/photo-1599785209707-a456fc1337bb?auto=format&fit=crop&w=800&q=80,Chilled milk drink with ice cream and almond gum.
650,Kari Dosai,Madurai,Tamil Nadu,Spicy / Savory,Amma Mess,https://images.unsplash.com/photo-1589301760014-d929f3979dbc?auto=format&fit=crop&w=800&q=80,Dosa topped with spicy minced meat.
651,Parotta Salna,Madurai,Tamil Nadu,Spicy / Flaky,Local restaurants,https://images.unsplash.com/photo-1626777552726-4a6b54c97e46?auto=format&fit=crop&w=800&q=80,Flaky bread with rich salna.
652,Muttai Parotta,Madurai,Tamil Nadu,Savory / Flaky,Local street stalls,https://images.unsplash.com/photo-1626777552726-4a6b54c97e46?auto=format&fit=crop&w=800&q=80,Parotta with beaten egg.
653,Paruthi Paal,Madurai,Tamil Nadu,Sweet / Nutty,Local sweet shops,https://images.unsplash.com/photo-1599785209707-a456fc1337bb?auto=format&fit=crop&w=800&q=80,Sweet cottonseed milk.
654,Madurai Mutton Chukka,Madurai,Tamil Nadu,Spicy / Dry,Local restaurants,https://images.unsplash.com/photo-1544025162-d76694265947?auto=format&fit=crop&w=800&q=80,Dry mutton stir-fry.
655,Bun Parotta,Madurai,Tamil Nadu,Soft / Flaky,Local eateries,https://images.unsplash.com/photo-1626777552726-4a6b54c97e46?auto=format&fit=crop&w=800&q=80,Soft layered bread.
656,Madurai Kal Dosai,Madurai,Tamil Nadu,Soft / Mild,Local eateries,https://images.unsplash.com/photo-1589301760014-d929f3979dbc?auto=format&fit=crop&w=800&q=80,Thick soft dosa.
657,Kongunadu Chicken Curry,Coimbatore,Tamil Nadu,Spicy / Rich,Local eateries,https://images.unsplash.com/photo-1544025162-d76694265947?auto=format&fit=crop&w=800&q=80,Chicken in Kongu-style masala.
658,Kola Urundai,Coimbatore,Tamil Nadu,Spicy / Savory,Local eateries,https://images.unsplash.com/photo-1544025162-d76694265947?auto=format&fit=crop&w=800&q=80,Fried spiced meatballs.
659,Annapoorna Sambar Idli,Coimbatore,Tamil Nadu,Mild / Tangy,Annapoorna Gowrishankar,https://images.unsplash.com/photo-1589301760014-d929f3979dbc?auto=format&fit=crop&w=800&q=80,Soft idli dunked in sambar.
660,Kongu Mutton Biriyani,Coimbatore,Tamil Nadu,Aromatic / Spicy,Local eateries,https://images.unsplash.com/photo-1563379091339-03b21ab4a4f8?auto=format&fit=crop&w=800&q=80,Kongu-style biryani.
661,Ragi Kali,Coimbatore,Tamil Nadu,Earthy / Rustic,Local homes,https://images.unsplash.com/photo-1626777552726-4a6b54c97e46?auto=format&fit=crop&w=800&q=80,Finger millet dumplings.
662,Trichy Kari Dosa,Tiruchirappalli,Tamil Nadu,Spicy / Savory,Local eateries,https://images.unsplash.com/photo-1589301760014-d929f3979dbc?auto=format&fit=crop&w=800&q=80,Dosa topped with minced meat.
663,Trichy Kola Urundai,Tiruchirappalli,Tamil Nadu,Spicy / Savory,Local eateries,https://images.unsplash.com/photo-1544025162-d76694265947?auto=format&fit=crop&w=800&q=80,Fried spiced meat balls.
664,Idiyappam Paya,Tiruchirappalli,Tamil Nadu,Rich / Spicy,Local eateries,https://images.unsplash.com/photo-1589301760014-d929f3979dbc?auto=format&fit=crop&w=800&q=80,Rice noodles with trotter curry.
665,Ghee Pongal,Tiruchirappalli,Tamil Nadu,Mild / Buttery,Srirangam area restaurants,https://images.unsplash.com/photo-1563379091339-03b21ab4a4f8?auto=format&fit=crop&w=800&q=80,Pongal with ghee.
666,Iruttu Kadai Halwa,Tirunelveli,Tamil Nadu,Sweet / Rich,Iruttu Kadai,https://images.unsplash.com/photo-1599785209707-a456fc1337bb?auto=format&fit=crop&w=800&q=80,Famous ghee-laden wheat halwa.
667,Nellai Sodhi,Tirunelveli,Tamil Nadu,Spicy / Coconut,Local eateries,https://images.unsplash.com/photo-1626777552726-4a6b54c97e46?auto=format&fit=crop&w=800&q=80,Coconut milk-based gravy.
668,Tirunelveli Kari Kuzhambu,Tirunelveli,Tamil Nadu,Spicy / Rich,Local eateries,https://images.unsplash.com/photo-1626777552726-4a6b54c97e46?auto=format&fit=crop&w=800&q=80,Meat curry.
669,Kaara Boondi,Tirunelveli,Tamil Nadu,Spicy / Crunchy,Local shops,https://images.unsplash.com/photo-1626777552726-4a6b54c97e46?auto=format&fit=crop&w=800&q=80,Spicy fried snack.
670,Chettinad Chicken,Karaikudi,Tamil Nadu,Fiery / Aromatic,Local Chettinad restaurants,https://images.unsplash.com/photo-1544025162-d76694265947?auto=format&fit=crop&w=800&q=80,Chicken cooked with freshly ground spices.
671,Kuzhi Paniyaram,Karaikudi,Tamil Nadu,Mild / Savory,Local Chettinad restaurants,https://images.unsplash.com/photo-1589301760014-d929f3979dbc?auto=format&fit=crop&w=800&q=80,Fluffy rice and lentil dumplings.
672,Chettinad Pepper Chicken,Karaikudi,Tamil Nadu,Peppery / Dry,Local Chettinad restaurants,https://images.unsplash.com/photo-1544025162-d76694265947?auto=format&fit=crop&w=800&q=80,Dry chicken with black pepper.
673,Kandarappam,Karaikudi,Tamil Nadu,Sweet / Crisp,Local sweet shops,https://images.unsplash.com/photo-1589301760014-d929f3979dbc?auto=format&fit=crop&w=800&q=80,Fried Chettinad sweet.
674,Chettinad Fish Curry,Karaikudi,Tamil Nadu,Tangy / Spicy,Local Chettinad restaurants,https://images.unsplash.com/photo-1544025162-d76694265947?auto=format&fit=crop&w=800&q=80,Fish in Chettinad masala.
675,Chettinad Mutton Chukka,Karaikudi,Tamil Nadu,Spicy / Dry,Local Chettinad restaurants,https://images.unsplash.com/photo-1544025162-d76694265947?auto=format&fit=crop&w=800&q=80,Dry mutton preparation.
676,Kavuni Arisi,Karaikudi,Tamil Nadu,Sweet / Earthy,Local Chettinad restaurants,https://images.unsplash.com/photo-1599785209707-a456fc1337bb?auto=format&fit=crop&w=800&q=80,Black rice dessert.
677,Chettinad Egg Kuzhambu,Karaikudi,Tamil Nadu,Spicy / Tangy,Local Chettinad restaurants,https://images.unsplash.com/photo-1626777552726-4a6b54c97e46?auto=format&fit=crop&w=800&q=80,Egg curry.
678,French Baguette Sandwich,Puducherry,Puducherry,Savory / Buttery,Local French bakeries,https://images.unsplash.com/photo-1626777552726-4a6b54c97e46?auto=format&fit=crop&w=800&q=80,Crusty baguette sandwiches.
679,Puducherry Crepes,Puducherry,Puducherry,Sweet / Soft,Local cafes,https://images.unsplash.com/photo-1599785209707-a456fc1337bb?auto=format&fit=crop&w=800&q=80,French-style pancakes.
680,Creole Fish Curry,Puducherry,Puducherry,Tangy / Mild,Local restaurants,https://images.unsplash.com/photo-1544025162-d76694265947?auto=format&fit=crop&w=800&q=80,Fusion Tamil-French fish dish.
681,Puducherry Croissant,Puducherry,Puducherry,Buttery / Flaky,Local French bakeries,https://images.unsplash.com/photo-1626777552726-4a6b54c97e46?auto=format&fit=crop&w=800&q=80,Flaky pastry.
682,Puducherry Prawn Curry,Puducherry,Puducherry,Spicy / Tangy,Local restaurants,https://images.unsplash.com/photo-1544025162-d76694265947?auto=format&fit=crop&w=800&q=80,Coconut-based prawn curry.
683,Ambur Star Biryani,Vellore,Tamil Nadu,Aromatic / Spicy,Ambur Star Biryani,https://images.unsplash.com/photo-1563379091339-03b21ab4a4f8?auto=format&fit=crop&w=800&q=80,Famed Ambur-style biryani.
684,Ooty Varkey,Ooty,Tamil Nadu,Buttery / Crisp,Local bakeries,https://images.unsplash.com/photo-1626777552726-4a6b54c97e46?auto=format&fit=crop&w=800&q=80,Flaky crisp biscuits.
685,Ooty Homemade Chocolates,Ooty,Tamil Nadu,Sweet / Rich,Local shops,https://images.unsplash.com/photo-1599785209707-a456fc1337bb?auto=format&fit=crop&w=800&q=80,Locally made chocolates.
686,Nilgiri Tea,Ooty,Tamil Nadu,Aromatic / Mild,Local tea estates,https://images.unsplash.com/photo-1626777552726-4a6b54c97e46?auto=format&fit=crop&w=800&q=80,Fragrant hill-grown tea.
687,Kathi Roll,Kolkata,West Bengal,Spicy / Savory,Nizam's,https://images.unsplash.com/photo-1626777552726-4a6b54c97e46?auto=format&fit=crop&w=800&q=80,Skewer-cooked kebab wrapped in paratha with onions and chutney.
688,Rosogolla,Kolkata,West Bengal,Sweet / Spongy,K.C. Das,https://images.unsplash.com/photo-1599785209707-a456fc1337bb?auto=format&fit=crop&w=800&q=80,Soft chhena balls soaked in light sugar syrup.
689,Sandesh,Kolkata,West Bengal,Sweet / Milky,Girish Chandra Dey & Nakur Chandra Nandy,https://images.unsplash.com/photo-1599785209707-a456fc1337bb?auto=format&fit=crop&w=800&q=80,Delicate Bengali sweet made from fresh chhena.
690,Mishti Doi,Kolkata,West Bengal,Sweet / Creamy,Local sweet shops,https://images.unsplash.com/photo-1599785209707-a456fc1337bb?auto=format&fit=crop&w=800&q=80,Sweetened caramelized yogurt set in earthen pots.
691,Kolkata Biryani,Kolkata,West Bengal,Aromatic / Mild,Arsalan,https://images.unsplash.com/photo-1563379091339-03b21ab4a4f8?auto=format&fit=crop&w=800&q=80,"Fragrant biryani with meat, egg and signature potato."
692,Phuchka,Kolkata,West Bengal,Tangy / Spicy,Victoria Memorial stalls,https://images.unsplash.com/photo-1626777552726-4a6b54c97e46?auto=format&fit=crop&w=800&q=80,Crisp shells filled with tamarind water and spiced potatoes.
693,Jhalmuri,Kolkata,West Bengal,Spicy / Crunchy,Maidan street stalls,https://images.unsplash.com/photo-1626777552726-4a6b54c97e46?auto=format&fit=crop&w=800&q=80,"Puffed rice tossed with mustard oil, chilies and peanuts."
694,Macher Jhol,Kolkata,West Bengal,Mild / Tangy,Local Bengali restaurants,https://images.unsplash.com/photo-1544025162-d76694265947?auto=format&fit=crop&w=800&q=80,Light fish curry cooked with vegetables.
695,Ilish Bhapa,Kolkata,West Bengal,Pungent / Rich,Local Bengali restaurants,https://images.unsplash.com/photo-1544025162-d76694265947?auto=format&fit=crop&w=800&q=80,Hilsa steamed in mustard paste.
696,Kosha Mangsho,Kolkata,West Bengal,Spicy / Rich,Local Bengali restaurants,https://images.unsplash.com/photo-1626777552726-4a6b54c97e46?auto=format&fit=crop&w=800&q=80,Slow-cooked spicy mutton curry.
697,Luchi Aloor Dom,Kolkata,West Bengal,Mild / Spicy,Local Bengali restaurants,https://images.unsplash.com/photo-1626777552726-4a6b54c97e46?auto=format&fit=crop&w=800&q=80,Fluffy fried bread with spicy potato curry.
698,Chingri Malai Curry,Kolkata,West Bengal,Creamy / Mild,Local Bengali restaurants,https://images.unsplash.com/photo-1544025162-d76694265947?auto=format&fit=crop&w=800&q=80,Prawns in a coconut milk gravy.
699,Mughlai Paratha,Kolkata,West Bengal,Rich / Savory,Anadi Cabin,https://images.unsplash.com/photo-1626777552726-4a6b54c97e46?auto=format&fit=crop&w=800&q=80,Egg and meat-stuffed fried flatbread.
700,Bhetki Fish Fry,Kolkata,West Bengal,Crispy / Mild,Local Bengali restaurants,https://images.unsplash.com/photo-1544025162-d76694265947?auto=format&fit=crop&w=800&q=80,Crumb-coated fried fish fillets.
701,Telebhaja,Kolkata,West Bengal,Savory / Crisp,Local street stalls,https://images.unsplash.com/photo-1626777552726-4a6b54c97e46?auto=format&fit=crop&w=800&q=80,Assorted fried fritters.
702,Nolen Gur Sandesh,Kolkata,West Bengal,Sweet / Caramel,Local sweet shops,https://images.unsplash.com/photo-1599785209707-a456fc1337bb?auto=format&fit=crop&w=800&q=80,Winter sandesh with date palm jaggery.
703,Kolkata Egg Roll,Kolkata,West Bengal,Spicy / Savory,Nizam's,https://images.unsplash.com/photo-1626777552726-4a6b54c97e46?auto=format&fit=crop&w=800&q=80,Paratha wrapped around egg and onions.
704,Siliguri Momos,Siliguri,West Bengal,Savory / Spicy,Local momo stalls,https://images.unsplash.com/photo-1626777552726-4a6b54c97e46?auto=format&fit=crop&w=800&q=80,Steamed dumplings with fiery chutney.
705,Thukpa,Siliguri,West Bengal,Warm / Savory,Local eateries,https://images.unsplash.com/photo-1626777552726-4a6b54c97e46?auto=format&fit=crop&w=800&q=80,Himalayan noodle soup.
706,Chowmein,Siliguri,West Bengal,Savory / Spicy,Local street stalls,https://images.unsplash.com/photo-1626777552726-4a6b54c97e46?auto=format&fit=crop&w=800&q=80,Stir-fried noodles Himalayan-style.
707,Sel Roti,Siliguri,West Bengal,Sweet / Crisp,Local eateries,https://images.unsplash.com/photo-1599785209707-a456fc1337bb?auto=format&fit=crop&w=800&q=80,Ring-shaped fried rice bread.
708,Gundruk Soup,Siliguri,West Bengal,Tangy / Earthy,Local eateries,https://images.unsplash.com/photo-1626777552726-4a6b54c97e46?auto=format&fit=crop&w=800&q=80,Fermented leafy green soup.
709,Laphing,Siliguri,West Bengal,Spicy / Cold,Local street stalls,https://images.unsplash.com/photo-1626777552726-4a6b54c97e46?auto=format&fit=crop&w=800&q=80,Spicy cold mung bean noodle.
710,Darjeeling Tea,Darjeeling,West Bengal,Aromatic / Light,Local tea estates,https://images.unsplash.com/photo-1626777552726-4a6b54c97e46?auto=format&fit=crop&w=800&q=80,Fragrant hill-grown tea.
711,Momos,Darjeeling,West Bengal,Savory / Spicy,Chowrasta stalls,https://images.unsplash.com/photo-1626777552726-4a6b54c97e46?auto=format&fit=crop&w=800&q=80,Steamed dumplings with chili sauce.
712,Thukpa,Darjeeling,West Bengal,Warm / Savory,Local eateries,https://images.unsplash.com/photo-1626777552726-4a6b54c97e46?auto=format&fit=crop&w=800&q=80,Tibetan noodle soup.
713,Sel Roti,Darjeeling,West Bengal,Sweet / Crisp,Local eateries,https://images.unsplash.com/photo-1599785209707-a456fc1337bb?auto=format&fit=crop&w=800&q=80,Fried rice ring bread.
714,Churpee Soup,Darjeeling,West Bengal,Earthy / Savory,Local eateries,https://images.unsplash.com/photo-1626777552726-4a6b54c97e46?auto=format&fit=crop&w=800&q=80,Yak cheese soup.
715,Darjeeling Sha-phaley,Darjeeling,West Bengal,Savory / Crisp,Local eateries,https://images.unsplash.com/photo-1626777552726-4a6b54c97e46?auto=format&fit=crop&w=800&q=80,Fried Tibetan meat pastry.
716,Sitabhog,Bardhaman,West Bengal,Sweet / Fragrant,Local sweet shops,https://images.unsplash.com/photo-1599785209707-a456fc1337bb?auto=format&fit=crop&w=800&q=80,Rice-like sweet made from chhena.
717,Mihidana,Bardhaman,West Bengal,Sweet / Fine,Local sweet shops,https://images.unsplash.com/photo-1599785209707-a456fc1337bb?auto=format&fit=crop&w=800&q=80,Tiny gram-flour sweet drops.
718,Langcha,Bardhaman,West Bengal,Sweet / Juicy,Shaktigarh,https://images.unsplash.com/photo-1599785209707-a456fc1337bb?auto=format&fit=crop&w=800&q=80,Long fried chhena sweet dipped in syrup.
719,Sarbhaja,Krishnanagar,West Bengal,Sweet / Rich,Local sweet shops,https://images.unsplash.com/photo-1599785209707-a456fc1337bb?auto=format&fit=crop&w=800&q=80,Layered sweet made with cream and sugar.
720,Sarpuria,Krishnanagar,West Bengal,Sweet / Creamy,Local sweet shops,https://images.unsplash.com/photo-1599785209707-a456fc1337bb?auto=format&fit=crop&w=800&q=80,Creamy layered milk sweet.
721,Litti Chokha,Patna,Bihar,Smoky / Earthy,Local dhabas,https://images.unsplash.com/photo-1626777552726-4a6b54c97e46?auto=format&fit=crop&w=800&q=80,Sattu-stuffed wheat balls with mashed vegetables.
722,Sattu Paratha,Patna,Bihar,Earthy / Savory,Local eateries,https://images.unsplash.com/photo-1626777552726-4a6b54c97e46?auto=format&fit=crop&w=800&q=80,Flatbread stuffed with roasted gram flour.
723,Champaran Mutton,Patna,Bihar,Spicy / Rich,Local restaurants,https://images.unsplash.com/photo-1544025162-d76694265947?auto=format&fit=crop&w=800&q=80,Slow-cooked mutton in earthen pot.
724,Bihari Kebab,Patna,Bihar,Smoky / Spicy,Local kebab shops,https://images.unsplash.com/photo-1544025162-d76694265947?auto=format&fit=crop&w=800&q=80,Marinated meat cooked over charcoal.
725,Thekua,Patna,Bihar,Sweet / Crunchy,Local sweet shops,https://images.unsplash.com/photo-1599785209707-a456fc1337bb?auto=format&fit=crop&w=800&q=80,Sweet fried wheat cookie.
726,Malpua,Patna,Bihar,Sweet / Rich,Local sweet shops,https://images.unsplash.com/photo-1599785209707-a456fc1337bb?auto=format&fit=crop&w=800&q=80,Sweet syrup-soaked pancake.
727,Dahi Chura,Patna,Bihar,Cool / Sweet,Local homes,https://images.unsplash.com/photo-1626777552726-4a6b54c97e46?auto=format&fit=crop&w=800&q=80,Flattened rice with yogurt and jaggery.
728,Kadhi Bari,Patna,Bihar,Tangy / Comforting,Local eateries,https://images.unsplash.com/photo-1626777552726-4a6b54c97e46?auto=format&fit=crop&w=800&q=80,Yogurt curry with fritters.
729,Silao Khaja,Patna,Bihar,Sweet / Flaky,Silao sweet shops,https://images.unsplash.com/photo-1599785209707-a456fc1337bb?auto=format&fit=crop&w=800&q=80,Layered crisp sweet.
730,Chana Ghugni,Patna,Bihar,Spicy / Savory,Local street stalls,https://images.unsplash.com/photo-1626777552726-4a6b54c97e46?auto=format&fit=crop&w=800&q=80,Spicy chickpea curry.
731,Patna Chaat,Patna,Bihar,Tangy / Spicy,Local chaat stalls,https://images.unsplash.com/photo-1626777552726-4a6b54c97e46?auto=format&fit=crop&w=800&q=80,Spicy street chaat.
732,Gaya Tilkut,Gaya,Bihar,Sweet / Crunchy,Local sweet shops,https://images.unsplash.com/photo-1599785209707-a456fc1337bb?auto=format&fit=crop&w=800&q=80,Sesame and sugar sweet.
733,Anarsa,Gaya,Bihar,Sweet / Crisp,Local sweet shops,https://images.unsplash.com/photo-1599785209707-a456fc1337bb?auto=format&fit=crop&w=800&q=80,Rice flour and sesame sweet.
734,Litti Chokha,Gaya,Bihar,Smoky / Earthy,Local eateries,https://images.unsplash.com/photo-1626777552726-4a6b54c97e46?auto=format&fit=crop&w=800&q=80,Roasted wheat balls with chokha.
735,Gaya Lai,Gaya,Bihar,Sweet / Crunchy,Local sweet shops,https://images.unsplash.com/photo-1599785209707-a456fc1337bb?auto=format&fit=crop&w=800&q=80,Sweet made with puffed rice.
736,Shahi Litchi,Muzaffarpur,Bihar,Sweet / Juicy,Local orchards and markets,https://images.unsplash.com/photo-1599785209707-a456fc1337bb?auto=format&fit=crop&w=800&q=80,Famed Muzaffarpur litchi fruit.
737,Litchi Squash,Muzaffarpur,Bihar,Sweet / Fruity,Local shops,https://images.unsplash.com/photo-1599785209707-a456fc1337bb?auto=format&fit=crop&w=800&q=80,Sweet litchi drink.
738,Chura Dahi,Muzaffarpur,Bihar,Cool / Sweet,Local homes,https://images.unsplash.com/photo-1626777552726-4a6b54c97e46?auto=format&fit=crop&w=800&q=80,Flattened rice with yogurt.
739,Litti Chokha,Muzaffarpur,Bihar,Smoky / Earthy,Local eateries,https://images.unsplash.com/photo-1626777552726-4a6b54c97e46?auto=format&fit=crop&w=800&q=80,Roasted stuffed wheat balls.
740,Katarni Chura Dahi,Bhagalpur,Bihar,Sweet / Fragrant,Local homes,https://images.unsplash.com/photo-1599785209707-a456fc1337bb?auto=format&fit=crop&w=800&q=80,Aromatic Katarni rice flakes with curd.
741,Zardalu Aam,Bhagalpur,Bihar,Sweet / Fruity,Local orchards,https://images.unsplash.com/photo-1599785209707-a456fc1337bb?auto=format&fit=crop&w=800&q=80,Famed Bhagalpuri mango variety.
742,Bhagalpuri Litti Chokha,Bhagalpur,Bihar,Smoky / Earthy,Local eateries,https://images.unsplash.com/photo-1626777552726-4a6b54c97e46?auto=format&fit=crop&w=800&q=80,Roasted wheat balls with chokha.
743,Dhuska,Ranchi,Jharkhand,Spicy / Crisp,Local street stalls,https://images.unsplash.com/photo-1626777552726-4a6b54c97e46?auto=format&fit=crop&w=800&q=80,Fried rice and lentil cakes with aloo curry.
744,Chilka Roti,Ranchi,Jharkhand,Mild / Earthy,Local eateries,https://images.unsplash.com/photo-1626777552726-4a6b54c97e46?auto=format&fit=crop&w=800&q=80,Rice flour flatbread.
745,Rugra Curry,Ranchi,Jharkhand,Earthy / Savory,Local homes,https://images.unsplash.com/photo-1544025162-d76694265947?auto=format&fit=crop&w=800&q=80,Curry made from local mushroom.
746,Litti Chokha,Ranchi,Jharkhand,Smoky / Earthy,Local eateries,https://images.unsplash.com/photo-1626777552726-4a6b54c97e46?auto=format&fit=crop&w=800&q=80,Roasted stuffed wheat balls.
747,Pittha,Ranchi,Jharkhand,Sweet / Soft,Local homes,https://images.unsplash.com/photo-1599785209707-a456fc1337bb?auto=format&fit=crop&w=800&q=80,Steamed stuffed rice dumplings.
748,Bansh Sabzi,Ranchi,Jharkhand,Tangy / Earthy,Local homes,https://images.unsplash.com/photo-1626777552726-4a6b54c97e46?auto=format&fit=crop&w=800&q=80,Bamboo shoot curry.
749,Handi Mutton,Ranchi,Jharkhand,Spicy / Rich,Local restaurants,https://images.unsplash.com/photo-1544025162-d76694265947?auto=format&fit=crop&w=800&q=80,Mutton slow-cooked in clay pot.
750,Ranchi Malpua,Ranchi,Jharkhand,Sweet / Rich,Local sweet shops,https://images.unsplash.com/photo-1599785209707-a456fc1337bb?auto=format&fit=crop&w=800&q=80,Sweet fried pancake.
751,Jamshedpur Dhuska,Jamshedpur,Jharkhand,Spicy / Crisp,Local street stalls,https://images.unsplash.com/photo-1626777552726-4a6b54c97e46?auto=format&fit=crop&w=800&q=80,Fried rice and lentil cake.
752,Litti Chokha,Jamshedpur,Jharkhand,Smoky / Earthy,Local eateries,https://images.unsplash.com/photo-1626777552726-4a6b54c97e46?auto=format&fit=crop&w=800&q=80,Roasted wheat balls with chokha.
753,Aloo Chop,Jamshedpur,Jharkhand,Spicy / Crisp,Local tea stalls,https://images.unsplash.com/photo-1626777552726-4a6b54c97e46?auto=format&fit=crop&w=800&q=80,Fried spiced potato fritters.
754,Jamshedpur Chaat,Jamshedpur,Jharkhand,Tangy / Spicy,Local chaat corners,https://images.unsplash.com/photo-1626777552726-4a6b54c97e46?auto=format&fit=crop&w=800&q=80,Spicy street chaat.
755,Dalma,Bhubaneswar,Odisha,Mild / Earthy,Local Odia restaurants,https://images.unsplash.com/photo-1626777552726-4a6b54c97e46?auto=format&fit=crop&w=800&q=80,Lentils cooked with vegetables and tempered with spices.
756,Pakhala Bhata,Bhubaneswar,Odisha,Cool / Tangy,Local Odia restaurants,https://images.unsplash.com/photo-1563379091339-03b21ab4a4f8?auto=format&fit=crop&w=800&q=80,Fermented rice served with sides.
757,Chhena Poda,Bhubaneswar,Odisha,Sweet / Caramelized,Local sweet shops,https://images.unsplash.com/photo-1599785209707-a456fc1337bb?auto=format&fit=crop&w=800&q=80,Baked cottage cheese dessert.
758,Rasabali,Bhubaneswar,Odisha,Sweet / Creamy,Local sweet shops,https://images.unsplash.com/photo-1599785209707-a456fc1337bb?auto=format&fit=crop&w=800&q=80,Fried chhena patties in thickened milk.
759,Machha Besara,Bhubaneswar,Odisha,Pungent / Spicy,Local Odia restaurants,https://images.unsplash.com/photo-1626777552726-4a6b54c97e46?auto=format&fit=crop&w=800&q=80,Fish curry in mustard paste.
760,Santula,Bhubaneswar,Odisha,Mild / Earthy,Local Odia restaurants,https://images.unsplash.com/photo-1626777552726-4a6b54c97e46?auto=format&fit=crop&w=800&q=80,Lightly cooked vegetable stew.
761,Chhena Gaja,Bhubaneswar,Odisha,Sweet / Juicy,Local sweet shops,https://images.unsplash.com/photo-1599785209707-a456fc1337bb?auto=format&fit=crop&w=800&q=80,Fried chhena sweet dipped in syrup.
762,Ghugni,Bhubaneswar,Odisha,Spicy / Savory,Local street stalls,https://images.unsplash.com/photo-1626777552726-4a6b54c97e46?auto=format&fit=crop&w=800&q=80,Yellow pea curry.
763,Odia Thali,Bhubaneswar,Odisha,Balanced / Mild,Local Odia restaurants,https://images.unsplash.com/photo-1626777552726-4a6b54c97e46?auto=format&fit=crop&w=800&q=80,"Traditional rice meal with dal, vegetables and fish."
764,Dahibara Aloodum,Cuttack,Odisha,Tangy / Spicy,Local street stalls,https://images.unsplash.com/photo-1626777552726-4a6b54c97e46?auto=format&fit=crop&w=800&q=80,Lentil dumplings in yogurt with potato curry.
765,Gupchup,Cuttack,Odisha,Tangy / Spicy,Local street stalls,https://images.unsplash.com/photo-1626777552726-4a6b54c97e46?auto=format&fit=crop&w=800&q=80,Odisha's version of pani puri.
766,Chuda Ghuguni,Cuttack,Odisha,Spicy / Savory,Local breakfast stalls,https://images.unsplash.com/photo-1626777552726-4a6b54c97e46?auto=format&fit=crop&w=800&q=80,Flattened rice with yellow pea curry.
767,Cuttack Chhena Jhili,Cuttack,Odisha,Sweet / Crisp,Local sweet shops,https://images.unsplash.com/photo-1599785209707-a456fc1337bb?auto=format&fit=crop&w=800&q=80,Fried chhena sweet.
768,Cuttack Rasagola,Cuttack,Odisha,Sweet / Spongy,Local sweet shops,https://images.unsplash.com/photo-1599785209707-a456fc1337bb?auto=format&fit=crop&w=800&q=80,Soft chhena sweet.
769,Mahaprasad,Puri,Odisha,Mild / Balanced,Jagannath Temple Ananda Bazaar,https://images.unsplash.com/photo-1626777552726-4a6b54c97e46?auto=format&fit=crop&w=800&q=80,Sacred temple food cooked in earthen pots.
770,Puri Khaja,Puri,Odisha,Sweet / Flaky,Local sweet shops,https://images.unsplash.com/photo-1599785209707-a456fc1337bb?auto=format&fit=crop&w=800&q=80,Layered crisp sweet.
771,Dalma,Puri,Odisha,Mild / Earthy,Local eateries,https://images.unsplash.com/photo-1626777552726-4a6b54c97e46?auto=format&fit=crop&w=800&q=80,Lentils with vegetables.
772,Kanika,Puri,Odisha,Sweet / Fragrant,Jagannath Temple,https://images.unsplash.com/photo-1599785209707-a456fc1337bb?auto=format&fit=crop&w=800&q=80,Sweet rice with dry fruits.
773,Puri Chhena Poda,Puri,Odisha,Sweet / Caramelized,Local sweet shops,https://images.unsplash.com/photo-1599785209707-a456fc1337bb?auto=format&fit=crop&w=800&q=80,Baked cottage cheese sweet.
774,Sambalpuri Pakhala,Sambalpur,Odisha,Cool / Tangy,Local eateries,https://images.unsplash.com/photo-1563379091339-03b21ab4a4f8?auto=format&fit=crop&w=800&q=80,Fermented rice water dish.
775,Sambalpuri Kolatha Dal,Sambalpur,Odisha,Earthy / Mild,Local eateries,https://images.unsplash.com/photo-1544025162-d76694265947?auto=format&fit=crop&w=800&q=80,Horse gram lentil.
776,Sambalpur Ghuguni,Sambalpur,Odisha,Spicy / Savory,Local street stalls,https://images.unsplash.com/photo-1626777552726-4a6b54c97e46?auto=format&fit=crop&w=800&q=80,Yellow pea curry.
777,Masor Tenga,Guwahati,Assam,Tangy / Light,Local Assamese restaurants,https://images.unsplash.com/photo-1544025162-d76694265947?auto=format&fit=crop&w=800&q=80,Sour fish curry with tomato or lemon.
778,Khar,Guwahati,Assam,Earthy / Mild,Local Assamese restaurants,https://images.unsplash.com/photo-1626777552726-4a6b54c97e46?auto=format&fit=crop&w=800&q=80,Traditional dish with raw papaya and alkali.
779,Aloo Pitika,Guwahati,Assam,Mild / Pungent,Local Assamese restaurants,https://images.unsplash.com/photo-1626777552726-4a6b54c97e46?auto=format&fit=crop&w=800&q=80,Mashed potato with mustard oil and onion.
780,Assamese Thali,Guwahati,Assam,Balanced / Mild,Local Assamese restaurants,https://images.unsplash.com/photo-1626777552726-4a6b54c97e46?auto=format&fit=crop&w=800&q=80,"Rice platter with dal, fish and greens."
781,Duck Meat Curry,Guwahati,Assam,Spicy / Rich,Local Assamese restaurants,https://images.unsplash.com/photo-1544025162-d76694265947?auto=format&fit=crop&w=800&q=80,Duck cooked with ash gourd.
782,Til Pitha,Guwahati,Assam,Sweet / Crisp,Local sweet shops,https://images.unsplash.com/photo-1599785209707-a456fc1337bb?auto=format&fit=crop&w=800&q=80,Rice flour roll with sesame and jaggery.
783,Pork with Bamboo Shoot,Guwahati,Assam,Spicy / Tangy,Local restaurants,https://images.unsplash.com/photo-1544025162-d76694265947?auto=format&fit=crop&w=800&q=80,Pork curry with fermented bamboo shoot.
784,Paniyol,Guwahati,Assam,Savory / Crisp,Local shops,https://images.unsplash.com/photo-1626777552726-4a6b54c97e46?auto=format&fit=crop&w=800&q=80,Fried lentil fritters.
785,Assam Tea,Guwahati,Assam,Bold / Malty,Local tea stalls,https://images.unsplash.com/photo-1626777552726-4a6b54c97e46?auto=format&fit=crop&w=800&q=80,Strong Assam tea.
786,Jolpan,Guwahati,Assam,Mild / Sweet,Local homes,https://images.unsplash.com/photo-1626777552726-4a6b54c97e46?auto=format&fit=crop&w=800&q=80,Traditional Assamese breakfast.
787,Dibrugarh Masor Tenga,Dibrugarh,Assam,Tangy / Light,Local restaurants,https://images.unsplash.com/photo-1544025162-d76694265947?auto=format&fit=crop&w=800&q=80,Sour fish curry.
788,Duck Roast,Dibrugarh,Assam,Spicy / Rich,Local restaurants,https://images.unsplash.com/photo-1544025162-d76694265947?auto=format&fit=crop&w=800&q=80,Duck cooked with local spices.
789,Dibrugarh Pitha,Dibrugarh,Assam,Sweet / Soft,Local homes,https://images.unsplash.com/photo-1599785209707-a456fc1337bb?auto=format&fit=crop&w=800&q=80,Steamed rice cakes.
790,Jorhat Bamboo Shoot Pork,Jorhat,Assam,Spicy / Tangy,Local restaurants,https://images.unsplash.com/photo-1544025162-d76694265947?auto=format&fit=crop&w=800&q=80,Pork with bamboo shoot.
791,Jolpan,Jorhat,Assam,Mild / Sweet,Local homes,https://images.unsplash.com/photo-1626777552726-4a6b54c97e46?auto=format&fit=crop&w=800&q=80,Assamese breakfast platter.
792,Jorhat Pitha,Jorhat,Assam,Sweet / Soft,Local homes,https://images.unsplash.com/photo-1599785209707-a456fc1337bb?auto=format&fit=crop&w=800&q=80,Rice flour sweet.
793,Jadoh,Shillong,Meghalaya,Rich / Savory,City Hut Family Dhaba,https://images.unsplash.com/photo-1626777552726-4a6b54c97e46?auto=format&fit=crop&w=800&q=80,Rice cooked with pork and spices.
794,Dohneiiong,Shillong,Meghalaya,Rich / Nutty,Local Khasi restaurants,https://images.unsplash.com/photo-1626777552726-4a6b54c97e46?auto=format&fit=crop&w=800&q=80,Pork cooked with black sesame.
795,Tungrymbai,Shillong,Meghalaya,Pungent / Earthy,Local Khasi restaurants,https://images.unsplash.com/photo-1626777552726-4a6b54c97e46?auto=format&fit=crop&w=800&q=80,Fermented soybean dish.
796,Doh Khlieh,Shillong,Meghalaya,Spicy / Tangy,Local Khasi restaurants,https://images.unsplash.com/photo-1626777552726-4a6b54c97e46?auto=format&fit=crop&w=800&q=80,Pork salad with onions and chilies.
797,Pukhlein,Shillong,Meghalaya,Sweet / Fried,Local Khasi stalls,https://images.unsplash.com/photo-1599785209707-a456fc1337bb?auto=format&fit=crop&w=800&q=80,Fried rice flour sweet.
798,Shillong Momos,Shillong,Meghalaya,Savory / Spicy,Local eateries,https://images.unsplash.com/photo-1626777552726-4a6b54c97e46?auto=format&fit=crop&w=800&q=80,Steamed dumplings.
799,Eromba,Imphal,Manipur,Spicy / Pungent,Local Manipuri restaurants,https://images.unsplash.com/photo-1626777552726-4a6b54c97e46?auto=format&fit=crop&w=800&q=80,Mashed vegetable and fermented fish chutney.
800,Singju,Imphal,Manipur,Tangy / Crunchy,Local Manipuri restaurants,https://images.unsplash.com/photo-1626777552726-4a6b54c97e46?auto=format&fit=crop&w=800&q=80,Cabbage and lotus stem salad.
801,Chak-Hao Kheer,Imphal,Manipur,Sweet / Creamy,Local Manipuri restaurants,https://images.unsplash.com/photo-1599785209707-a456fc1337bb?auto=format&fit=crop&w=800&q=80,Black rice pudding.
802,Ngari,Imphal,Manipur,Pungent / Earthy,Local homes,https://images.unsplash.com/photo-1626777552726-4a6b54c97e46?auto=format&fit=crop&w=800&q=80,Fermented fish used in Manipuri cooking.
803,Kangsoi,Imphal,Manipur,Mild / Light,Local Manipuri restaurants,https://images.unsplash.com/photo-1626777552726-4a6b54c97e46?auto=format&fit=crop&w=800&q=80,Vegetable stew.
804,Morok Metpa,Imphal,Manipur,Fiery / Pungent,Local homes,https://images.unsplash.com/photo-1626777552726-4a6b54c97e46?auto=format&fit=crop&w=800&q=80,Chili chutney.
805,Bai,Aizawl,Mizoram,Mild / Earthy,Local Mizo restaurants,https://images.unsplash.com/photo-1626777552726-4a6b54c97e46?auto=format&fit=crop&w=800&q=80,Vegetable stew with pork or fermented soybean.
806,Vawksa Rep,Aizawl,Mizoram,Smoky / Rich,Local Mizo restaurants,https://images.unsplash.com/photo-1626777552726-4a6b54c97e46?auto=format&fit=crop&w=800&q=80,Smoked pork dish.
807,Sawchair,Aizawl,Mizoram,Mild / Comforting,Local Mizo restaurants,https://images.unsplash.com/photo-1626777552726-4a6b54c97e46?auto=format&fit=crop&w=800&q=80,Rice cooked with pork or chicken.
808,Chhum Han,Aizawl,Mizoram,Mild / Fresh,Local Mizo homes,https://images.unsplash.com/photo-1626777552726-4a6b54c97e46?auto=format&fit=crop&w=800&q=80,Mixed steamed vegetables.
809,Smoked Pork with Axone,Kohima,Nagaland,Pungent / Rich,Local Naga restaurants,https://images.unsplash.com/photo-1544025162-d76694265947?auto=format&fit=crop&w=800&q=80,Smoked pork with fermented soybean.
810,Bamboo Shoot Fish,Kohima,Nagaland,Tangy / Spicy,Local Naga restaurants,https://images.unsplash.com/photo-1544025162-d76694265947?auto=format&fit=crop&w=800&q=80,Fish with fermented bamboo shoot.
811,Galho,Kohima,Nagaland,Mild / Comforting,Local Naga restaurants,https://images.unsplash.com/photo-1626777552726-4a6b54c97e46?auto=format&fit=crop&w=800&q=80,Naga-style rice porridge.
812,Naga Chutney,Kohima,Nagaland,Fiery / Pungent,Local Naga homes,https://images.unsplash.com/photo-1626777552726-4a6b54c97e46?auto=format&fit=crop&w=800&q=80,Fiery chutney with Bhut Jolokia.
813,Mui Borok,Agartala,Tripura,Tangy / Pungent,Local Tripuri restaurants,https://images.unsplash.com/photo-1626777552726-4a6b54c97e46?auto=format&fit=crop&w=800&q=80,Tribal cuisine featuring berma.
814,Berma,Agartala,Tripura,Pungent / Earthy,Local Tripuri homes,https://images.unsplash.com/photo-1626777552726-4a6b54c97e46?auto=format&fit=crop&w=800&q=80,Fermented dried fish chutney.
815,Chakhwi,Agartala,Tripura,Mild / Earthy,Local Tripuri homes,https://images.unsplash.com/photo-1626777552726-4a6b54c97e46?auto=format&fit=crop&w=800&q=80,Tripuri vegetable dish.
816,Wahan Mosdeng,Agartala,Tripura,Spicy / Rich,Local Tripuri restaurants,https://images.unsplash.com/photo-1626777552726-4a6b54c97e46?auto=format&fit=crop&w=800&q=80,Pork with bamboo shoots.
817,Gangtok Momos,Gangtok,Sikkim,Savory / Spicy,MG Marg stalls,https://images.unsplash.com/photo-1626777552726-4a6b54c97e46?auto=format&fit=crop&w=800&q=80,Steamed dumplings with chili sauce.
818,Thukpa,Gangtok,Sikkim,Warm / Savory,Local eateries,https://images.unsplash.com/photo-1626777552726-4a6b54c97e46?auto=format&fit=crop&w=800&q=80,Noodle soup.
819,Gundruk Soup,Gangtok,Sikkim,Tangy / Earthy,Local eateries,https://images.unsplash.com/photo-1626777552726-4a6b54c97e46?auto=format&fit=crop&w=800&q=80,Fermented leaf soup.
820,Sel Roti,Gangtok,Sikkim,Sweet / Crisp,Local eateries,https://images.unsplash.com/photo-1599785209707-a456fc1337bb?auto=format&fit=crop&w=800&q=80,Fried rice ring bread.
821,Phagshapa,Gangtok,Sikkim,Rich / Savory,Local eateries,https://images.unsplash.com/photo-1626777552726-4a6b54c97e46?auto=format&fit=crop&w=800&q=80,Pork strips with radish.
822,Kinema Curry,Gangtok,Sikkim,Pungent / Earthy,Local eateries,https://images.unsplash.com/photo-1544025162-d76694265947?auto=format&fit=crop&w=800&q=80,Fermented soybean curry.
823,Chhurpi,Gangtok,Sikkim,Earthy / Chewy,Local shops,https://images.unsplash.com/photo-1626777552726-4a6b54c97e46?auto=format&fit=crop&w=800&q=80,Hardened yak cheese.
824,Itanagar Thukpa,Itanagar,Arunachal Pradesh,Warm / Savory,Local eateries,https://images.unsplash.com/photo-1626777552726-4a6b54c97e46?auto=format&fit=crop&w=800&q=80,Noodle soup.
825,Bamboo Shoot Fish,Itanagar,Arunachal Pradesh,Tangy / Earthy,Local restaurants,https://images.unsplash.com/photo-1544025162-d76694265947?auto=format&fit=crop&w=800&q=80,Fish with bamboo shoots.
826,Pika Pila,Itanagar,Arunachal Pradesh,Tangy / Earthy,Local homes,https://images.unsplash.com/photo-1626777552726-4a6b54c97e46?auto=format&fit=crop&w=800&q=80,Apatani bamboo shoot pickle.
827,Tawa Pulao,Mumbai,Maharashtra,Spicy / Buttery,"Street stalls, Girgaum",https://images.unsplash.com/photo-1563379091339-03b21ab4a4f8?auto=format&fit=crop&w=800&q=80,Rice stir-fried on a giant griddle with pav bhaji masala.
828,Bhurji Pav,Mumbai,Maharashtra,Spicy / Savory,Irani cafes,https://images.unsplash.com/photo-1626777552726-4a6b54c97e46?auto=format&fit=crop&w=800&q=80,Spiced scrambled eggs served with buttered pav.
829,Bombay Masala Toast Sandwich,Mumbai,Maharashtra,Tangy / Buttery,"Street stalls, Churchgate",https://images.unsplash.com/photo-1626777552726-4a6b54c97e46?auto=format&fit=crop&w=800&q=80,"Toasted sandwich with potato, beetroot, cucumber and chutney."
830,Bademiya Seekh Kebab,Mumbai,Maharashtra,Smoky / Spicy,"Bademiya, Colaba",https://images.unsplash.com/photo-1544025162-d76694265947?auto=format&fit=crop&w=800&q=80,Charcoal-grilled minced meat skewers served with rumali roti.
831,Chicken Tikka Roll,Mumbai,Maharashtra,Smoky / Spicy,"Bademiya, Colaba",https://images.unsplash.com/photo-1544025162-d76694265947?auto=format&fit=crop&w=800&q=80,Tandoori chicken wrapped in soft roti with onions and mint chutney.
832,Sulemani Malpua,Mumbai,Maharashtra,Sweet / Rich,Mohammed Ali Road,https://images.unsplash.com/photo-1599785209707-a456fc1337bb?auto=format&fit=crop&w=800&q=80,"Fried syrup-soaked pancakes served with rabri, a Ramzan favourite."
833,Nalli Nihari,Mumbai,Maharashtra,Rich / Spicy,Noor Mohammadi Hotel,https://images.unsplash.com/photo-1544025162-d76694265947?auto=format&fit=crop&w=800&q=80,Slow-cooked bone marrow and meat stew.
834,Berry Pulao,Mumbai,Maharashtra,Sweet / Tangy,Britannia & Co.,https://images.unsplash.com/photo-1563379091339-03b21ab4a4f8?auto=format&fit=crop&w=800&q=80,Parsi rice dish with dried barberries and caramelized onions.
835,Mawa Cake,Mumbai,Maharashtra,Sweet / Buttery,Kyani & Co,https://images.unsplash.com/photo-1599785209707-a456fc1337bb?auto=format&fit=crop&w=800&q=80,Soft Irani cafe cake made with khoya.
836,Kala Khatta Gola,Mumbai,Maharashtra,Sweet / Tangy,Chowpatty Beach,https://images.unsplash.com/photo-1599785209707-a456fc1337bb?auto=format&fit=crop&w=800&q=80,Crushed ice ball drenched in tangy black plum syrup.
837,Batata Vada,Mumbai,Maharashtra,Spicy / Crisp,Local stalls,https://images.unsplash.com/photo-1589301760014-d929f3979dbc?auto=format&fit=crop&w=800&q=80,Spiced potato fritter dipped in gram-flour batter.
838,Sabudana Khichdi,Mumbai,Maharashtra,Mild / Savory,Local snack shops,https://images.unsplash.com/photo-1563379091339-03b21ab4a4f8?auto=format&fit=crop&w=800&q=80,Tapioca pearls cooked with peanuts and potatoes.
839,Parsi Dhansak,Mumbai,Maharashtra,Rich / Tangy,Britannia & Co.,https://images.unsplash.com/photo-1626777552726-4a6b54c97e46?auto=format&fit=crop&w=800&q=80,"Meat cooked with lentils and vegetables, served with caramelized rice."
840,Moong Dal Halwa,Delhi,Delhi,Sweet / Rich,"Ghantewala, Chandni Chowk",https://images.unsplash.com/photo-1599785209707-a456fc1337bb?auto=format&fit=crop&w=800&q=80,"Slow-cooked ghee-rich lentil halwa, a winter favourite."
841,Gajar Ka Halwa,Delhi,Delhi,Sweet / Rich,Local sweet shops,https://images.unsplash.com/photo-1599785209707-a456fc1337bb?auto=format&fit=crop&w=800&q=80,"Grated carrots cooked in milk, ghee and sugar."
842,Aloo Chaat,Delhi,Delhi,Tangy / Spicy,Chandni Chowk stalls,https://images.unsplash.com/photo-1626777552726-4a6b54c97e46?auto=format&fit=crop&w=800&q=80,Fried potato cubes tossed with chutneys and spices.
843,Shahi Tukda,Delhi,Delhi,Sweet / Rich,"Karim's, Jama Masjid",https://images.unsplash.com/photo-1599785209707-a456fc1337bb?auto=format&fit=crop&w=800&q=80,Fried bread slices soaked in saffron rabri.
844,Chur Chur Naan,Delhi,Delhi,Savory / Buttery,Paharganj eateries,https://images.unsplash.com/photo-1626777552726-4a6b54c97e46?auto=format&fit=crop&w=800&q=80,Flaky crumbled naan stuffed with paneer or potato.
845,Kulhad Chai,Delhi,Delhi,Sweet / Earthy,Local tea stalls,https://images.unsplash.com/photo-1599785209707-a456fc1337bb?auto=format&fit=crop&w=800&q=80,Milky chai served in unglazed clay cups.
846,Bread Pakora,Delhi,Delhi,Savory / Crisp,Local tea stalls,https://images.unsplash.com/photo-1626777552726-4a6b54c97e46?auto=format&fit=crop&w=800&q=80,Stuffed bread slices dipped in gram-flour batter and fried.
847,Papdi Chaat,Delhi,Delhi,Tangy / Crunchy,Local chaat stalls,https://images.unsplash.com/photo-1626777552726-4a6b54c97e46?auto=format&fit=crop&w=800&q=80,"Crisp wafers with curd, chutneys and chickpeas."
848,Kebab Paratha,Delhi,Delhi,Savory / Spicy,Local street stalls,https://images.unsplash.com/photo-1544025162-d76694265947?auto=format&fit=crop&w=800&q=80,Flaky paratha wrapped around grilled kebabs.
849,Chole Kulche,Delhi,Delhi,Spicy / Tangy,Connaught Place stalls,https://images.unsplash.com/photo-1626777552726-4a6b54c97e46?auto=format&fit=crop&w=800&q=80,Spicy chickpeas with soft kulcha and pickled onions.
850,Mutton Seekh Kebab,Delhi,Delhi,Smoky / Spicy,"Karim's, Jama Masjid",https://images.unsplash.com/photo-1544025162-d76694265947?auto=format&fit=crop&w=800&q=80,Minced mutton skewers grilled over charcoal.
851,Kachori Sabzi,Delhi,Delhi,Spicy / Savory,Chandni Chowk stalls,https://images.unsplash.com/photo-1626777552726-4a6b54c97e46?auto=format&fit=crop&w=800&q=80,Crisp lentil kachori with tangy aloo sabzi.
852,Rajma Chawal,Delhi,Delhi,Comforting / Mild,Local eateries,https://images.unsplash.com/photo-1626777552726-4a6b54c97e46?auto=format&fit=crop&w=800&q=80,Kidney beans in a thick gravy served over rice.
853,Delhi Mutton Korma,Delhi,Delhi,Rich / Aromatic,Old Delhi restaurants,https://images.unsplash.com/photo-1544025162-d76694265947?auto=format&fit=crop&w=800&q=80,Mughlai-style mutton in a rich yogurt and onion gravy.
854,Aloo Posto,Kolkata,West Bengal,Mild / Nutty,Local Bengali restaurants,https://images.unsplash.com/photo-1626777552726-4a6b54c97e46?auto=format&fit=crop&w=800&q=80,Potatoes cooked in poppy seed paste.
855,Shukto,Kolkata,West Bengal,Bitter / Mild,Local Bengali restaurants,https://images.unsplash.com/photo-1626777552726-4a6b54c97e46?auto=format&fit=crop&w=800&q=80,Mixed vegetable stew with a hint of bitterness.
856,Patishapta,Kolkata,West Bengal,Sweet / Soft,Local sweet shops,https://images.unsplash.com/photo-1599785209707-a456fc1337bb?auto=format&fit=crop&w=800&q=80,Rice flour crepes filled with coconut and jaggery.
857,Mochar Ghonto,Kolkata,West Bengal,Earthy / Spicy,Local Bengali restaurants,https://images.unsplash.com/photo-1626777552726-4a6b54c97e46?auto=format&fit=crop&w=800&q=80,Banana flower curry with coconut.
858,Mutton Rezala,Kolkata,West Bengal,Rich / Aromatic,Aminia,https://images.unsplash.com/photo-1544025162-d76694265947?auto=format&fit=crop&w=800&q=80,Mutton in a light yogurt and cashew-based gravy.
859,Chelo Kebab,Kolkata,West Bengal,Smoky / Rich,Peter Cat,https://images.unsplash.com/photo-1544025162-d76694265947?auto=format&fit=crop&w=800&q=80,Persian-style kebab served with buttered rice and egg yolk.
860,Dimer Devil,Kolkata,West Bengal,Spicy / Crisp,Local tea stalls,https://images.unsplash.com/photo-1626777552726-4a6b54c97e46?auto=format&fit=crop&w=800&q=80,Crumb-fried spiced egg cutlet.
861,Bhog Khichuri,Kolkata,West Bengal,Mild / Comforting,Durga Puja pandals,https://images.unsplash.com/photo-1626777552726-4a6b54c97e46?auto=format&fit=crop&w=800&q=80,Rice and lentil dish served as festival offering.
862,Kolkata Chicken Cutlet,Kolkata,West Bengal,Savory / Crisp,Local cabins,https://images.unsplash.com/photo-1544025162-d76694265947?auto=format&fit=crop&w=800&q=80,Crumb-coated chicken cutlets served with kasundi.
863,Daab Chingri,Kolkata,West Bengal,Rich / Creamy,Local Bengali restaurants,https://images.unsplash.com/photo-1544025162-d76694265947?auto=format&fit=crop&w=800&q=80,Prawns cooked inside a tender coconut.
864,Chanar Jilipi,Kolkata,West Bengal,Sweet / Juicy,Local sweet shops,https://images.unsplash.com/photo-1599785209707-a456fc1337bb?auto=format&fit=crop&w=800&q=80,Jalebi made with chhena instead of flour.
865,Curd Rice,Chennai,Tamil Nadu,Cool / Tangy,Local restaurants,https://images.unsplash.com/photo-1563379091339-03b21ab4a4f8?auto=format&fit=crop&w=800&q=80,Rice mixed with yogurt and tempered with mustard seeds.
866,Sweet Pongal,Chennai,Tamil Nadu,Sweet / Rich,Local temples and tiffin shops,https://images.unsplash.com/photo-1563379091339-03b21ab4a4f8?auto=format&fit=crop&w=800&q=80,"Rice and lentils cooked with jaggery, ghee and cashews."
867,Nethili Fry,Chennai,Tamil Nadu,Spicy / Crisp,Marina Beach stalls,https://images.unsplash.com/photo-1626777552726-4a6b54c97e46?auto=format&fit=crop&w=800&q=80,Crisp fried anchovies in spices.
868,Idiyappam with Coconut Milk,Chennai,Tamil Nadu,Mild / Sweet,Local tiffin restaurants,https://images.unsplash.com/photo-1589301760014-d929f3979dbc?auto=format&fit=crop&w=800&q=80,String hoppers served with sweetened coconut milk.
869,Rava Dosa,Chennai,Tamil Nadu,Crisp / Spicy,Local tiffin restaurants,https://images.unsplash.com/photo-1589301760014-d929f3979dbc?auto=format&fit=crop&w=800&q=80,Lacy semolina crepes with onions and chilies.
870,Podi Idli,Chennai,Tamil Nadu,Spicy / Nutty,Local tiffin restaurants,https://images.unsplash.com/photo-1589301760014-d929f3979dbc?auto=format&fit=crop&w=800&q=80,Idli tossed in spicy gunpowder and ghee.
871,Mylapore Vadai Curry,Chennai,Tamil Nadu,Spicy / Savory,Mylapore eateries,https://images.unsplash.com/photo-1589301760014-d929f3979dbc?auto=format&fit=crop&w=800&q=80,Crumbled vadai in a spicy gravy served with idli.
872,Mutton Chukka,Chennai,Tamil Nadu,Spicy / Dry,Local restaurants,https://images.unsplash.com/photo-1544025162-d76694265947?auto=format&fit=crop&w=800&q=80,Dry mutton stir-fry with black pepper.
873,Egg Dosa,Chennai,Tamil Nadu,Savory / Mild,Local street stalls,https://images.unsplash.com/photo-1589301760014-d929f3979dbc?auto=format&fit=crop&w=800&q=80,Dosa topped with a beaten egg.
874,Chennai Bajji,Chennai,Tamil Nadu,Spicy / Crisp,Marina Beach stalls,https://images.unsplash.com/photo-1589301760014-d929f3979dbc?auto=format&fit=crop&w=800&q=80,Batter-fried vegetable and chili fritters.
875,Kesari,Chennai,Tamil Nadu,Sweet / Rich,Local tiffin restaurants,https://images.unsplash.com/photo-1599785209707-a456fc1337bb?auto=format&fit=crop&w=800&q=80,Semolina sweet with saffron and ghee.
876,Vangi Bath,Bengaluru,Karnataka,Spicy / Tangy,Local Darshinis,https://images.unsplash.com/photo-1626777552726-4a6b54c97e46?auto=format&fit=crop&w=800&q=80,Rice cooked with brinjal and vangi bath powder.
877,Puliyogare,Bengaluru,Karnataka,Tangy / Spicy,Local temples and eateries,https://images.unsplash.com/photo-1626777552726-4a6b54c97e46?auto=format&fit=crop&w=800&q=80,Tamarind rice with peanuts and spices.
878,Masala Puri,Bengaluru,Karnataka,Tangy / Spicy,Street stalls,https://images.unsplash.com/photo-1626777552726-4a6b54c97e46?auto=format&fit=crop&w=800&q=80,Crushed puris topped with a spicy peas gravy.
879,Obbattu,Bengaluru,Karnataka,Sweet / Soft,Local sweet shops,https://images.unsplash.com/photo-1599785209707-a456fc1337bb?auto=format&fit=crop&w=800&q=80,Sweet flatbread stuffed with lentil and jaggery.
880,Kodubale,Bengaluru,Karnataka,Crunchy / Spicy,Local snack shops,https://images.unsplash.com/photo-1626777552726-4a6b54c97e46?auto=format&fit=crop&w=800&q=80,Ring-shaped crisp rice flour snack.
881,Chitranna,Bengaluru,Karnataka,Tangy / Mild,Local eateries,https://images.unsplash.com/photo-1626777552726-4a6b54c97e46?auto=format&fit=crop&w=800&q=80,Lemon rice tempered with mustard and peanuts.
882,Mosaru Anna,Bengaluru,Karnataka,Cool / Tangy,Local eateries,https://images.unsplash.com/photo-1626777552726-4a6b54c97e46?auto=format&fit=crop&w=800&q=80,Curd rice with pomegranate and tempering.
883,Congress Kadlekai,Bengaluru,Karnataka,Salty / Crunchy,Basavanagudi Kadalekai Parishe,https://images.unsplash.com/photo-1626777552726-4a6b54c97e46?auto=format&fit=crop&w=800&q=80,Fresh roasted groundnuts sold at the annual fair.
884,Nippattu,Bengaluru,Karnataka,Crunchy / Spicy,Local snack shops,https://images.unsplash.com/photo-1626777552726-4a6b54c97e46?auto=format&fit=crop&w=800&q=80,Crisp rice flour discs with peanuts.
885,Ragi Dosa,Bengaluru,Karnataka,Earthy / Crisp,Local eateries,https://images.unsplash.com/photo-1589301760014-d929f3979dbc?auto=format&fit=crop&w=800&q=80,Finger millet crepe served with chutney.
886,Khichdi Khatta,Hyderabad,Telangana,Tangy / Comforting,Local Hyderabadi restaurants,https://images.unsplash.com/photo-1563379091339-03b21ab4a4f8?auto=format&fit=crop&w=800&q=80,Lentil rice served with tangy tamarind gravy and kheema.
887,Kheema Samosa,Hyderabad,Telangana,Spicy / Crisp,Local Irani cafes,https://images.unsplash.com/photo-1544025162-d76694265947?auto=format&fit=crop&w=800&q=80,Crisp samosa stuffed with spiced minced meat.
888,Hyderabadi Marag,Hyderabad,Telangana,Rich / Spicy,Local Hyderabadi restaurants,https://images.unsplash.com/photo-1626777552726-4a6b54c97e46?auto=format&fit=crop&w=800&q=80,"Thin, spicy mutton soup with aromatic spices."
889,Talawa Gosht,Hyderabad,Telangana,Spicy / Dry,Local Hyderabadi restaurants,https://images.unsplash.com/photo-1544025162-d76694265947?auto=format&fit=crop&w=800&q=80,Pan-fried spiced mutton pieces.
890,Sheer Khurma,Hyderabad,Telangana,Sweet / Creamy,Local sweet shops,https://images.unsplash.com/photo-1599785209707-a456fc1337bb?auto=format&fit=crop&w=800&q=80,Vermicelli in milk with dates and dry fruits.
891,Dahi Ke Kebab,Hyderabad,Telangana,Mild / Creamy,Local Hyderabadi restaurants,https://images.unsplash.com/photo-1544025162-d76694265947?auto=format&fit=crop&w=800&q=80,Melt-in-mouth kebabs made from hung curd.
892,Bun Maska,Hyderabad,Telangana,Buttery / Sweet,Irani cafes,https://images.unsplash.com/photo-1626777552726-4a6b54c97e46?auto=format&fit=crop&w=800&q=80,"Soft bun with butter, served with chai."
893,Gil-e-Firdaus,Hyderabad,Telangana,Sweet / Rich,Local Hyderabadi restaurants,https://images.unsplash.com/photo-1599785209707-a456fc1337bb?auto=format&fit=crop&w=800&q=80,"Dessert made with milk, pumpkin and dry fruits."
894,Mohan Maas,Jaipur,Rajasthan,Rich / Mild,Local Rajasthani restaurants,https://images.unsplash.com/photo-1544025162-d76694265947?auto=format&fit=crop&w=800&q=80,"Royal mutton dish cooked in milk, ghee and cream."
895,Lapsi,Jaipur,Rajasthan,Sweet / Rich,Local sweet shops,https://images.unsplash.com/photo-1599785209707-a456fc1337bb?auto=format&fit=crop&w=800&q=80,Cracked wheat cooked with jaggery and ghee.
896,Balushahi,Jaipur,Rajasthan,Sweet / Flaky,Local sweet shops,https://images.unsplash.com/photo-1599785209707-a456fc1337bb?auto=format&fit=crop&w=800&q=80,Flaky fried sweet dipped in sugar syrup.
897,Kadhi Kachori,Jaipur,Rajasthan,Tangy / Savory,Local eateries,https://images.unsplash.com/photo-1626777552726-4a6b54c97e46?auto=format&fit=crop&w=800&q=80,Kachori served with tangy yogurt curry.
898,Rajasthani Thali,Jaipur,Rajasthan,Rich / Balanced,Chokhi Dhani,https://images.unsplash.com/photo-1626777552726-4a6b54c97e46?auto=format&fit=crop&w=800&q=80,"Traditional meal with dal, baati, gatte and sweets."
899,Jaipuri Kulfi,Jaipur,Rajasthan,Sweet / Cold,Local dessert shops,https://images.unsplash.com/photo-1599785209707-a456fc1337bb?auto=format&fit=crop&w=800&q=80,Dense creamy kulfi with saffron and pistachio.
900,Lucknowi Tehri,Lucknow,Uttar Pradesh,Mild / Aromatic,Local eateries,https://images.unsplash.com/photo-1563379091339-03b21ab4a4f8?auto=format&fit=crop&w=800&q=80,Vegetarian rice and potato dish with mild spices.
901,Murgh Musallam,Lucknow,Uttar Pradesh,Rich / Aromatic,Chowk restaurants,https://images.unsplash.com/photo-1626777552726-4a6b54c97e46?auto=format&fit=crop&w=800&q=80,Whole chicken cooked in a rich Awadhi gravy.
902,Ulte Tawe Ka Paratha,Lucknow,Uttar Pradesh,Buttery / Savory,Chowk eateries,https://images.unsplash.com/photo-1626777552726-4a6b54c97e46?auto=format&fit=crop&w=800&q=80,Paratha cooked on the back of a griddle.
903,Lucknowi Chaat,Lucknow,Uttar Pradesh,Tangy / Spicy,"Shukla Chaat House, Hazratganj",https://images.unsplash.com/photo-1626777552726-4a6b54c97e46?auto=format&fit=crop&w=800&q=80,Tangy chaat featuring tikki and crisp toppings.
904,Paneer Pasanda,Lucknow,Uttar Pradesh,Rich / Mild,Local Awadhi restaurants,https://images.unsplash.com/photo-1589301760014-d929f3979dbc?auto=format&fit=crop&w=800&q=80,Paneer cooked in a creamy cashew gravy.
905,Patra,Ahmedabad,Gujarat,Tangy / Savory,Local farsan shops,https://images.unsplash.com/photo-1626777552726-4a6b54c97e46?auto=format&fit=crop&w=800&q=80,Colocasia leaves rolled with gram flour paste and steamed.
906,Dal Dhokli,Ahmedabad,Gujarat,Tangy / Comforting,Local Gujarati restaurants,https://images.unsplash.com/photo-1626777552726-4a6b54c97e46?auto=format&fit=crop&w=800&q=80,Wheat dumplings simmered in spiced lentil soup.
907,Muthiya,Ahmedabad,Gujarat,Mild / Savory,Local homes,https://images.unsplash.com/photo-1626777552726-4a6b54c97e46?auto=format&fit=crop&w=800&q=80,Steamed and fried dumplings of gram flour and vegetables.
908,Sev Khamani,Ahmedabad,Gujarat,Tangy / Crunchy,Local farsan shops,https://images.unsplash.com/photo-1626777552726-4a6b54c97e46?auto=format&fit=crop&w=800&q=80,Crumbled steamed gram flour snack with sev.
909,Gujarati Kadhi,Ahmedabad,Gujarat,Sweet / Tangy,Local Gujarati restaurants,https://images.unsplash.com/photo-1599785209707-a456fc1337bb?auto=format&fit=crop&w=800&q=80,Sweet and sour yogurt curry.
910,Chaas,Ahmedabad,Gujarat,Cool / Tangy,Local dairy shops,https://images.unsplash.com/photo-1626777552726-4a6b54c97e46?auto=format&fit=crop&w=800&q=80,Spiced buttermilk.
911,Ahmedabadi Bhajiya,Ahmedabad,Gujarat,Spicy / Crisp,Local farsan shops,https://images.unsplash.com/photo-1626777552726-4a6b54c97e46?auto=format&fit=crop&w=800&q=80,Fritters served with fried chilies and chutney.
912,Ukadiche Modak,Pune,Maharashtra,Sweet / Soft,Local sweet shops,https://images.unsplash.com/photo-1599785209707-a456fc1337bb?auto=format&fit=crop&w=800&q=80,Steamed rice-flour dumplings filled with coconut and jaggery.
913,Shrikhand,Pune,Maharashtra,Sweet / Creamy,Local sweet shops,https://images.unsplash.com/photo-1599785209707-a456fc1337bb?auto=format&fit=crop&w=800&q=80,Strained yogurt flavored with saffron and cardamom.
914,Kothimbir Vadi,Pune,Maharashtra,Savory / Fresh,Local snack shops,https://images.unsplash.com/photo-1626777552726-4a6b54c97e46?auto=format&fit=crop&w=800&q=80,Steamed and fried coriander gram-flour squares.
915,Sabudana Khichdi,Pune,Maharashtra,Mild / Savory,Local breakfast stalls,https://images.unsplash.com/photo-1563379091339-03b21ab4a4f8?auto=format&fit=crop&w=800&q=80,Tapioca pearls with peanuts and potatoes.
916,Masala Doodh,Pune,Maharashtra,Sweet / Aromatic,Local dairy shops,https://images.unsplash.com/photo-1599785209707-a456fc1337bb?auto=format&fit=crop&w=800&q=80,Hot spiced milk with dry fruits.
917,Basundi,Pune,Maharashtra,Sweet / Rich,Local sweet shops,https://images.unsplash.com/photo-1599785209707-a456fc1337bb?auto=format&fit=crop&w=800&q=80,Thickened sweetened milk with nuts.
918,Puneri Kachori,Pune,Maharashtra,Spicy / Savory,Local snack shops,https://images.unsplash.com/photo-1626777552726-4a6b54c97e46?auto=format&fit=crop&w=800&q=80,Crisp fried kachori with chutney.
919,Karah Prasad,Amritsar,Punjab,Sweet / Rich,Golden Temple,https://images.unsplash.com/photo-1599785209707-a456fc1337bb?auto=format&fit=crop&w=800&q=80,Sacred wheat flour halwa served at the gurdwara.
920,Amritsari Wadi,Amritsar,Punjab,Spicy / Savory,Local markets,https://images.unsplash.com/photo-1626777552726-4a6b54c97e46?auto=format&fit=crop&w=800&q=80,Sun-dried lentil dumplings cooked with potatoes.
921,Lachha Paratha,Amritsar,Punjab,Buttery / Flaky,Kesar Da Dhaba,https://images.unsplash.com/photo-1626777552726-4a6b54c97e46?auto=format&fit=crop&w=800&q=80,Flaky layered paratha served with dal.
922,Amritsari Papad,Amritsar,Punjab,Spicy / Crisp,Local markets,https://images.unsplash.com/photo-1626777552726-4a6b54c97e46?auto=format&fit=crop&w=800&q=80,Crisp spiced lentil papads.
923,Amritsari Chole,Amritsar,Punjab,Spicy / Tangy,Local dhabas,https://images.unsplash.com/photo-1626777552726-4a6b54c97e46?auto=format&fit=crop&w=800&q=80,Rich chickpea curry with pickled onions.
924,Beef Ularthiyathu,Kochi,Kerala,Spicy / Dry,Local toddy shops,https://images.unsplash.com/photo-1626777552726-4a6b54c97e46?auto=format&fit=crop&w=800&q=80,Slow-roasted beef with coconut slices and spices.
925,Egg Roast,Kochi,Kerala,Spicy / Rich,Local Kerala restaurants,https://images.unsplash.com/photo-1544025162-d76694265947?auto=format&fit=crop&w=800&q=80,Boiled eggs in a spicy onion-tomato masala.
926,Meen Moilee,Kochi,Kerala,Mild / Creamy,Local Kerala restaurants,https://images.unsplash.com/photo-1626777552726-4a6b54c97e46?auto=format&fit=crop&w=800&q=80,Fish simmered in a mild coconut milk gravy.
927,Kappa Puzhukku,Kochi,Kerala,Earthy / Spicy,Local Kerala homes,https://images.unsplash.com/photo-1626777552726-4a6b54c97e46?auto=format&fit=crop&w=800&q=80,Mashed tapioca with coconut and chilies.
928,Goan Prawn Curry,Panaji,Goa,Tangy / Coconutty,Local Goan restaurants,https://images.unsplash.com/photo-1544025162-d76694265947?auto=format&fit=crop&w=800&q=80,Prawns simmered in a coconut and kokum curry.
929,Goan Pao,Panaji,Goa,Soft / Mild,Local bakeries,https://images.unsplash.com/photo-1626777552726-4a6b54c97e46?auto=format&fit=crop&w=800&q=80,Soft bread rolls baked in wood-fired ovens.
930,Chicken Rechado,Panaji,Goa,Spicy / Tangy,Local Goan restaurants,https://images.unsplash.com/photo-1544025162-d76694265947?auto=format&fit=crop&w=800&q=80,Chicken smeared with Goan red masala.
931,Kashmiri Waza Kokur,Srinagar,Jammu & Kashmir,Rich / Spicy,Local Wazwan restaurants,https://images.unsplash.com/photo-1626777552726-4a6b54c97e46?auto=format&fit=crop&w=800&q=80,Whole fried chicken in a rich gravy.
932,Nadru Yakhni,Srinagar,Jammu & Kashmir,Mild / Tangy,Local Kashmiri restaurants,https://images.unsplash.com/photo-1544025162-d76694265947?auto=format&fit=crop&w=800&q=80,Lotus stem cooked in yogurt gravy.
933,Aab Gosh,Srinagar,Jammu & Kashmir,Mild / Creamy,Wazwan restaurants,https://images.unsplash.com/photo-1626777552726-4a6b54c97e46?auto=format&fit=crop&w=800&q=80,Lamb cooked in milk and spices.
934,Kashmiri Pulao,Srinagar,Jammu & Kashmir,Sweet / Aromatic,Local restaurants,https://images.unsplash.com/photo-1563379091339-03b21ab4a4f8?auto=format&fit=crop&w=800&q=80,Saffron rice with dry fruits.
935,Paneer Tikka,Chandigarh,Chandigarh,Smoky / Spicy,Local grills,https://images.unsplash.com/photo-1589301760014-d929f3979dbc?auto=format&fit=crop&w=800&q=80,Marinated paneer cubes grilled in a tandoor.
936,Kadhi Chawal,Chandigarh,Chandigarh,Tangy / Comforting,Local dhabas,https://images.unsplash.com/photo-1626777552726-4a6b54c97e46?auto=format&fit=crop&w=800&q=80,Yogurt gravy with fritters over rice.
937,Chandigarh Kulfi,Chandigarh,Chandigarh,Sweet / Cold,Sector 17 dessert shops,https://images.unsplash.com/photo-1599785209707-a456fc1337bb?auto=format&fit=crop&w=800&q=80,Creamy milk-based frozen dessert.
938,Chaap,Chandigarh,Chandigarh,Smoky / Spicy,Local grills,https://images.unsplash.com/photo-1626777552726-4a6b54c97e46?auto=format&fit=crop&w=800&q=80,Marinated soya chaap grilled on skewers.
939,Nagpur Poha Jalebi,Nagpur,Maharashtra,Sweet / Savory,Local breakfast stalls,https://images.unsplash.com/photo-1599785209707-a456fc1337bb?auto=format&fit=crop&w=800&q=80,Flattened rice paired with jalebi.
940,Rassa Bhakri,Nagpur,Maharashtra,Spicy / Earthy,Local Varhadi eateries,https://images.unsplash.com/photo-1626777552726-4a6b54c97e46?auto=format&fit=crop&w=800&q=80,Millet bread with spicy curry.
941,Bhopali Nihari,Bhopal,Madhya Pradesh,Rich / Spicy,Old city eateries,https://images.unsplash.com/photo-1544025162-d76694265947?auto=format&fit=crop&w=800&q=80,Slow-cooked meat stew for breakfast.
942,Bhopali Jarda,Bhopal,Madhya Pradesh,Sweet / Aromatic,Old city eateries,https://images.unsplash.com/photo-1599785209707-a456fc1337bb?auto=format&fit=crop&w=800&q=80,Sweet saffron rice with dry fruits.
943,Bhopal Poha,Bhopal,Madhya Pradesh,Mild / Savory,Local breakfast stalls,https://images.unsplash.com/photo-1626777552726-4a6b54c97e46?auto=format&fit=crop&w=800&q=80,Flattened rice with onions and sev.
944,Shahi Tukda,Bhopal,Madhya Pradesh,Sweet / Rich,Old city sweet shops,https://images.unsplash.com/photo-1599785209707-a456fc1337bb?auto=format&fit=crop&w=800&q=80,Fried bread soaked in sweetened rabri.
945,Patna Kachori,Patna,Bihar,Spicy / Savory,Local breakfast stalls,https://images.unsplash.com/photo-1626777552726-4a6b54c97e46?auto=format&fit=crop&w=800&q=80,Crisp kachori with sabzi.
946,Bihari Mutton Curry,Patna,Bihar,Spicy / Rich,Local restaurants,https://images.unsplash.com/photo-1544025162-d76694265947?auto=format&fit=crop&w=800&q=80,Earthen pot mutton with mustard oil.
947,Pua,Patna,Bihar,Sweet / Fried,Local sweet shops,https://images.unsplash.com/photo-1599785209707-a456fc1337bb?auto=format&fit=crop&w=800&q=80,Sweet fried pancake made with wheat flour.
948,Chokha Paratha,Patna,Bihar,Earthy / Savory,Local eateries,https://images.unsplash.com/photo-1626777552726-4a6b54c97e46?auto=format&fit=crop&w=800&q=80,Paratha served with roasted vegetable mash.
949,Banarasi Chena Dahi Vada,Varanasi,Uttar Pradesh,Tangy / Cool,Local chaat lanes,https://images.unsplash.com/photo-1626777552726-4a6b54c97e46?auto=format&fit=crop&w=800&q=80,Dumplings in yogurt with tamarind chutney.
950,Banarasi Paan,Varanasi,Uttar Pradesh,Sweet / Aromatic,Keshav Tambul Bhandar,https://images.unsplash.com/photo-1599785209707-a456fc1337bb?auto=format&fit=crop&w=800&q=80,"Betel leaf with gulkand, saunf and areca nut."
951,Assamese Fish Tenga,Guwahati,Assam,Tangy / Light,Local Assamese restaurants,https://images.unsplash.com/photo-1544025162-d76694265947?auto=format&fit=crop&w=800&q=80,Sour fish curry with elephant apple.
952,Pitha Assortment,Guwahati,Assam,Sweet / Soft,Local sweet shops,https://images.unsplash.com/photo-1599785209707-a456fc1337bb?auto=format&fit=crop&w=800&q=80,Assorted rice-based Assamese sweets.
953,Bhut Jolokia Chutney,Guwahati,Assam,Fiery / Pungent,Local Assamese homes,https://images.unsplash.com/photo-1626777552726-4a6b54c97e46?auto=format&fit=crop&w=800&q=80,Chutney made with one of the world's hottest chilies.
954,Odia Mutton Kassa,Bhubaneswar,Odisha,Spicy / Rich,Local Odia restaurants,https://images.unsplash.com/photo-1544025162-d76694265947?auto=format&fit=crop&w=800&q=80,Slow-cooked spicy mutton curry.
955,Chhena Jhilli,Bhubaneswar,Odisha,Sweet / Crisp,Local sweet shops,https://images.unsplash.com/photo-1599785209707-a456fc1337bb?auto=format&fit=crop&w=800&q=80,Fried chhena sweet dipped in syrup.
956,Pitha,Bhubaneswar,Odisha,Sweet / Soft,Local homes,https://images.unsplash.com/photo-1599785209707-a456fc1337bb?auto=format&fit=crop&w=800&q=80,Steamed and fried rice cakes.
957,Surti Idada,Surat,Gujarat,Savory / Soft,Local farsan shops,https://images.unsplash.com/photo-1626777552726-4a6b54c97e46?auto=format&fit=crop&w=800&q=80,Steamed gram flour dish.
958,Vadodara Mandvi Sev Usal,Vadodara,Gujarat,Spicy / Tangy,Mandvi area eateries,https://images.unsplash.com/photo-1626777552726-4a6b54c97e46?auto=format&fit=crop&w=800&q=80,Spicy peas curry with sev.
959,Ludhiana Chole Kulche,Ludhiana,Punjab,Spicy / Tangy,Local dhabas,https://images.unsplash.com/photo-1626777552726-4a6b54c97e46?auto=format&fit=crop&w=800&q=80,Spicy chickpeas with kulcha.
960,Ludhiana Paneer Tikka,Ludhiana,Punjab,Smoky / Spicy,Local grills,https://images.unsplash.com/photo-1589301760014-d929f3979dbc?auto=format&fit=crop&w=800&q=80,Grilled marinated paneer.
961,Madurai Nattu Kozhi Curry,Madurai,Tamil Nadu,Spicy / Rich,Local restaurants,https://images.unsplash.com/photo-1544025162-d76694265947?auto=format&fit=crop&w=800&q=80,Country chicken curry in a spicy gravy.
962,Madurai Kola Urundai,Madurai,Tamil Nadu,Spicy / Savory,Local restaurants,https://images.unsplash.com/photo-1544025162-d76694265947?auto=format&fit=crop&w=800&q=80,Fried spiced meatballs.
963,Mangalorean Chicken Sukka,Mangaluru,Karnataka,Spicy / Dry,Local coastal restaurants,https://images.unsplash.com/photo-1544025162-d76694265947?auto=format&fit=crop&w=800&q=80,Dry chicken with coconut and roasted spices.
964,Mangalore Boli,Mangaluru,Karnataka,Sweet / Soft,Local coastal shops,https://images.unsplash.com/photo-1599785209707-a456fc1337bb?auto=format&fit=crop&w=800&q=80,Soft sweet flatbread.
965,Ambade Curry,Mangaluru,Karnataka,Tangy / Spicy,Local coastal restaurants,https://images.unsplash.com/photo-1544025162-d76694265947?auto=format&fit=crop&w=800&q=80,Hog plum curry with coconut.
966,Mangalorean Crab Masala,Mangaluru,Karnataka,Spicy / Rich,Local coastal restaurants,https://images.unsplash.com/photo-1626777552726-4a6b54c97e46?auto=format&fit=crop&w=800&q=80,Crab cooked in a coconut-spice masala.
967,Mysore Rasam,Mysuru,Karnataka,Tangy / Peppery,Local eateries,https://images.unsplash.com/photo-1589301760014-d929f3979dbc?auto=format&fit=crop&w=800&q=80,Peppery tamarind soup.
968,Coimbatore Chicken Biryani,Coimbatore,Tamil Nadu,Aromatic / Spicy,Local restaurants,https://images.unsplash.com/photo-1563379091339-03b21ab4a4f8?auto=format&fit=crop&w=800&q=80,Kongu-style chicken biryani.
969,Coimbatore Muttai Kalakki,Coimbatore,Tamil Nadu,Spicy / Savory,Local street stalls,https://images.unsplash.com/photo-1626777552726-4a6b54c97e46?auto=format&fit=crop&w=800&q=80,Half-boiled spiced egg dish.
970,Coimbatore Chicken Sukka,Coimbatore,Tamil Nadu,Spicy / Dry,Local restaurants,https://images.unsplash.com/photo-1544025162-d76694265947?auto=format&fit=crop&w=800&q=80,Dry chicken roast.
971,Vizag Prawn Fry,Visakhapatnam,Andhra Pradesh,Spicy / Crisp,Beach-side eateries,https://images.unsplash.com/photo-1544025162-d76694265947?auto=format&fit=crop&w=800&q=80,Fried prawns in Andhra spices.
972,Vizag Punugulu,Visakhapatnam,Andhra Pradesh,Savory / Crisp,Local breakfast stalls,https://images.unsplash.com/photo-1626777552726-4a6b54c97e46?auto=format&fit=crop&w=800&q=80,Fried dough balls with chutney.
973,Kerala Nadan Kozhi Curry,Thiruvananthapuram,Kerala,Spicy / Rich,Local Kerala restaurants,https://images.unsplash.com/photo-1544025162-d76694265947?auto=format&fit=crop&w=800&q=80,Country chicken curry with coconut oil.
974,Thiruvananthapuram Beef Fry,Thiruvananthapuram,Kerala,Spicy / Dry,Local restaurants,https://images.unsplash.com/photo-1626777552726-4a6b54c97e46?auto=format&fit=crop&w=800&q=80,Beef roasted with pepper and coconut.
975,Mathi Curry,Thiruvananthapuram,Kerala,Tangy / Spicy,Local Kerala restaurants,https://images.unsplash.com/photo-1544025162-d76694265947?auto=format&fit=crop&w=800&q=80,Sardine curry with kudampuli.
976,Indori Chakki Ki Shaak,Indore,Madhya Pradesh,Mild / Savory,Local eateries,https://images.unsplash.com/photo-1626777552726-4a6b54c97e46?auto=format&fit=crop&w=800&q=80,Steamed wheat gluten curry.
977,Kanchipuram Idli,Kanchipuram,Tamil Nadu,Spicy / Soft,Local temples and eateries,https://images.unsplash.com/photo-1589301760014-d929f3979dbc?auto=format&fit=crop&w=800&q=80,"Steamed idli flavored with cumin, pepper and ginger."
978,Kovil Pongal,Kanchipuram,Tamil Nadu,Mild / Peppery,Temple prasadam counters,https://images.unsplash.com/photo-1563379091339-03b21ab4a4f8?auto=format&fit=crop&w=800&q=80,Peppery pongal offered as temple prasadam.
979,Kumbakonam Degree Coffee,Kumbakonam,Tamil Nadu,Bitter / Sweet,Local coffee shops,https://images.unsplash.com/photo-1626777552726-4a6b54c97e46?auto=format&fit=crop&w=800&q=80,Strong filter coffee made with pure milk.
980,Kumbakonam Kadappa,Kumbakonam,Tamil Nadu,Mild / Savory,Local eateries,https://images.unsplash.com/photo-1626777552726-4a6b54c97e46?auto=format&fit=crop&w=800&q=80,Potato-based side dish for idli and dosa.
981,Rameswaram Fish Fry,Rameswaram,Tamil Nadu,Spicy / Crisp,Local seafood eateries,https://images.unsplash.com/photo-1544025162-d76694265947?auto=format&fit=crop&w=800&q=80,Fresh local fish fried in spices.
982,Rameswaram Prawn Masala,Rameswaram,Tamil Nadu,Spicy / Rich,Local seafood eateries,https://images.unsplash.com/photo-1544025162-d76694265947?auto=format&fit=crop&w=800&q=80,Prawns in a spicy masala.
983,Rameswaram Crab Masala,Rameswaram,Tamil Nadu,Spicy / Rich,Local seafood eateries,https://images.unsplash.com/photo-1626777552726-4a6b54c97e46?auto=format&fit=crop&w=800&q=80,Crab cooked in a Tamil masala.
984,Kanyakumari Fish Curry,Kanyakumari,Tamil Nadu,Tangy / Spicy,Local seafood eateries,https://images.unsplash.com/photo-1544025162-d76694265947?auto=format&fit=crop&w=800&q=80,Coastal fish curry with kokum and coconut.
985,Kottayam Fish Curry,Kottayam,Kerala,Tangy / Spicy,Local toddy shops,https://images.unsplash.com/photo-1544025162-d76694265947?auto=format&fit=crop&w=800&q=80,Fish curry with kudampuli in an earthen pot.
986,Kumarakom Duck Roast,Kottayam,Kerala,Spicy / Rich,Backwater resorts,https://images.unsplash.com/photo-1544025162-d76694265947?auto=format&fit=crop&w=800&q=80,Duck roast with Kerala spices.
987,Kottayam Appam Egg Curry,Kottayam,Kerala,Mild / Spicy,Local Kerala restaurants,https://images.unsplash.com/photo-1589301760014-d929f3979dbc?auto=format&fit=crop&w=800&q=80,Lacy appam with egg curry.
988,Kutchi Dabeli,Bhuj,Gujarat,Sweet / Spicy,Local street stalls,https://images.unsplash.com/photo-1599785209707-a456fc1337bb?auto=format&fit=crop&w=800&q=80,Spiced potato filling in a bun with peanuts and pomegranate.
989,Kutchi Khichdi Kadhi,Bhuj,Gujarat,Mild / Comforting,Local Kutchi restaurants,https://images.unsplash.com/photo-1563379091339-03b21ab4a4f8?auto=format&fit=crop&w=800&q=80,Rice-lentil khichdi with tangy kadhi.
990,Bhuj Mawa Kachori,Bhuj,Gujarat,Sweet / Rich,Local sweet shops,https://images.unsplash.com/photo-1599785209707-a456fc1337bb?auto=format&fit=crop&w=800&q=80,Sweet kachori filled with mawa.
991,Vangyache Bharit,Jalgaon,Maharashtra,Smoky / Spicy,Local Khandeshi restaurants,https://images.unsplash.com/photo-1626777552726-4a6b54c97e46?auto=format&fit=crop&w=800&q=80,Roasted brinjal mash with green chilies.
992,Khandeshi Shev Bhaji,Jalgaon,Maharashtra,Fiery / Spicy,Local Khandeshi restaurants,https://images.unsplash.com/photo-1626777552726-4a6b54c97e46?auto=format&fit=crop&w=800&q=80,Fiery curry topped with sev.
993,Bal Mithai,Almora,Uttarakhand,Sweet / Fudgy,Local sweet shops,https://images.unsplash.com/photo-1599785209707-a456fc1337bb?auto=format&fit=crop&w=800&q=80,Chocolate-brown fudge coated with sugar balls.
994,Singori,Almora,Uttarakhand,Sweet / Milky,Local sweet shops,https://images.unsplash.com/photo-1599785209707-a456fc1337bb?auto=format&fit=crop&w=800&q=80,Khoya sweet wrapped in a maalu leaf.
995,Aloo Ke Gutke,Almora,Uttarakhand,Spicy / Earthy,Local eateries,https://images.unsplash.com/photo-1626777552726-4a6b54c97e46?auto=format&fit=crop&w=800&q=80,Potatoes tempered with jakhya.
996,Kumaoni Dubke,Almora,Uttarakhand,Earthy / Mild,Local homes,https://images.unsplash.com/photo-1626777552726-4a6b54c97e46?auto=format&fit=crop&w=800&q=80,Thick lentil curry.
997,Bhang Ki Chutney,Almora,Uttarakhand,Nutty / Tangy,Local homes,https://images.unsplash.com/photo-1626777552726-4a6b54c97e46?auto=format&fit=crop&w=800&q=80,Chutney made with hemp seeds.
998,Chamba Chukh,Chamba,Himachal Pradesh,Fiery / Tangy,Local homes,https://images.unsplash.com/photo-1626777552726-4a6b54c97e46?auto=format&fit=crop&w=800&q=80,Fiery chili pickle from Chamba.
999,Chamba Madra,Chamba,Himachal Pradesh,Tangy / Rich,Local restaurants,https://images.unsplash.com/photo-1626777552726-4a6b54c97e46?auto=format&fit=crop&w=800&q=80,Chickpeas in yogurt gravy.
1000,Silao Khaja,Nalanda,Bihar,Sweet / Flaky,Silao,https://images.unsplash.com/photo-1599785209707-a456fc1337bb?auto=format&fit=crop&w=800&q=80,Crisp layered sweet from Silao near Nalanda.
1001,Makhana Kheer,Darbhanga,Bihar,Sweet / Creamy,Local sweet shops,https://images.unsplash.com/photo-1599785209707-a456fc1337bb?auto=format&fit=crop&w=800&q=80,Kheer made from fox nuts.
1002,Mithila Fish Curry,Darbhanga,Bihar,Tangy / Spicy,Local eateries,https://images.unsplash.com/photo-1544025162-d76694265947?auto=format&fit=crop&w=800&q=80,Fish curry in mustard oil.
1003,Ratlami Sev,Ratlam,Madhya Pradesh,Spicy / Crunchy,Local namkeen shops,https://images.unsplash.com/photo-1626777552726-4a6b54c97e46?auto=format&fit=crop&w=800&q=80,Spicy clove-flavored sev.
1004,Ratlami Poha,Ratlam,Madhya Pradesh,Mild / Savory,Local breakfast stalls,https://images.unsplash.com/photo-1626777552726-4a6b54c97e46?auto=format&fit=crop&w=800&q=80,Poha topped with Ratlami sev.
1005,Burhanpur Jalebi,Burhanpur,Madhya Pradesh,Sweet / Crisp,Local sweet shops,https://images.unsplash.com/photo-1599785209707-a456fc1337bb?auto=format&fit=crop&w=800&q=80,Large juicy jalebis.