id,name,city,state,cuisine,rating,costForTwo,img,address
1,Karim's Heritage Dining,New Delhi,Delhi,Mughlai / North Indian,4.8 ★,1200,https://images.unsplash.com/photo-1555396273-367ea4eb4db5?auto=format&fit=crop&w=800&q=80,"Jama Masjid, Old Delhi"
2,Bade Miyan,Mumbai,Maharashtra,Mughal & Street Grill,4.6 ★,900,https://images.unsplash.com/photo-1504674900247-0877df9cc836?auto=format&fit=crop&w=800&q=80,"Colaba Causeway, Mumbai"
3,Kashi Chat Bhandar,Varanasi,Uttar Pradesh,Street Food / Chaat,4.7 ★,300,https://images.unsplash.com/photo-1565299624946-b28f40a0ae38?auto=format&fit=crop&w=800&q=80,"Godowlia Crossing, Varanasi"
4,MTR (Mavalli Tiffin Room),Bengaluru,Karnataka,South Indian / Traditional,4.8 ★,400,https://images.unsplash.com/photo-1589301760014-d929f3979dbc?auto=format&fit=crop&w=800&q=80,"Lalbagh Road, Bengaluru"
5,Tunday Kababi,Lucknow,Uttar Pradesh,Awadhi / Non-Veg,4.7 ★,600,https://images.unsplash.com/photo-1606474530462-8d76926720b7?auto=format&fit=crop&w=800&q=80,"Aminabad, Lucknow"
6,Chokhi Dhani Village,Jaipur,Rajasthan,Rajasthani Thali,4.6 ★,1500,https://images.unsplash.com/photo-1610192244261-3f33de3b55e4?auto=format&fit=crop&w=800&q=80,"Tonk Road, Jaipur"
7,Lucknow Coffee Roasters,Lucknow,Uttar Pradesh,Cafe / Continental,4.1 ★,650,https://images.unsplash.com/photo-1555396273-367ea4eb4db5?auto=format&fit=crop&w=800&q=80,"Gomti Nagar, Lucknow"
8,Golden Kebab Corner,Noida,Uttar Pradesh,Mughlai / North Indian,4.3 ★,600,https://images.unsplash.com/photo-1555396273-367ea4eb4db5?auto=format&fit=crop&w=800&q=80,"Civil Lines, Noida"
9,Hyderabad Handi,Hyderabad,Telangana,Hyderabadi Biryani,4.4 ★,1000,https://images.unsplash.com/photo-1606474530462-8d76926720b7?auto=format&fit=crop&w=800&q=80,"Banjara Hills, Hyderabad"
10,Rajkot Brew House,Rajkot,Gujarat,Bakery & Cafe,4.5 ★,800,https://images.unsplash.com/photo-1555396273-367ea4eb4db5?auto=format&fit=crop&w=800&q=80,"City Centre, Rajkot"
11,Urban Dastarkhwan,Navi Mumbai,Maharashtra,Mughlai / North Indian,4.0 ★,550,https://images.unsplash.com/photo-1555396273-367ea4eb4db5?auto=format&fit=crop&w=800&q=80,"Kharghar, Navi Mumbai"
12,Annapurna Chowk,Meerut,Uttar Pradesh,Street Food / Chaat,4.6 ★,400,https://images.unsplash.com/photo-1565299624946-b28f40a0ae38?auto=format&fit=crop&w=800&q=80,"Gandhi Road, Meerut"
13,Spice Sea Catch,Mangaluru,Karnataka,Mangalorean Seafood,4.2 ★,1050,https://images.unsplash.com/photo-1504674900247-0877df9cc836?auto=format&fit=crop&w=800&q=80,"Gandhi Road, Mangaluru"
14,New Delhi Kitchen,New Delhi,Delhi,Punjabi / Dhaba,4.7 ★,1050,https://images.unsplash.com/photo-1555396273-367ea4eb4db5?auto=format&fit=crop&w=800&q=80,"Saket, New Delhi"
15,Lucky Table,Bhubaneswar,Odisha,Bakery & Cafe,4.5 ★,350,https://images.unsplash.com/photo-1555396273-367ea4eb4db5?auto=format&fit=crop&w=800&q=80,"Lake Road, Bhubaneswar"
16,Puri Thela,Puri,Odisha,Street Food / Snacks,4.4 ★,300,https://images.unsplash.com/photo-1565299624946-b28f40a0ae38?auto=format&fit=crop&w=800&q=80,"Temple Road, Puri"
17,Kanpur Chowk,Kanpur,Uttar Pradesh,Street Food / Chaat,4.5 ★,300,https://images.unsplash.com/photo-1565299624946-b28f40a0ae38?auto=format&fit=crop&w=800&q=80,"Main Market, Kanpur"
18,Lucky Bakehouse,Rishikesh,Uttarakhand,Cafe / Continental,4.3 ★,1300,https://images.unsplash.com/photo-1555396273-367ea4eb4db5?auto=format&fit=crop&w=800&q=80,"Sadar Bazaar, Rishikesh"
19,Saffron Snack Point,Rajkot,Gujarat,Street Food / Snacks,4.6 ★,400,https://images.unsplash.com/photo-1565299624946-b28f40a0ae38?auto=format&fit=crop&w=800&q=80,"Station Road, Rajkot"
20,Jaipur Cafe,Jaipur,Rajasthan,Bakery & Cafe,4.6 ★,400,https://images.unsplash.com/photo-1555396273-367ea4eb4db5?auto=format&fit=crop&w=800&q=80,"Bani Park, Jaipur"
21,Ananda Thali House,Rajkot,Gujarat,Gujarati / Farsan,4.8 ★,650,https://images.unsplash.com/photo-1610192244261-3f33de3b55e4?auto=format&fit=crop&w=800&q=80,"Nehru Chowk, Rajkot"
22,Jai Chaat Bhandar,Amritsar,Punjab,Street Food / Chaat,4.3 ★,150,https://images.unsplash.com/photo-1565299624946-b28f40a0ae38?auto=format&fit=crop&w=800&q=80,"Civil Lines, Amritsar"
23,Golden Chat Corner,Pune,Maharashtra,Street Food / Vada Pav,4.3 ★,100,https://images.unsplash.com/photo-1565299624946-b28f40a0ae38?auto=format&fit=crop&w=800&q=80,"Koregaon Park, Pune"
24,Green Tandoor,Srinagar,Jammu and Kashmir,Kashmiri / Wazwan,4.4 ★,900,https://images.unsplash.com/photo-1555396273-367ea4eb4db5?auto=format&fit=crop&w=800&q=80,"Old City, Srinagar"
25,Ganga Biryani Point,Kozhikode,Kerala,Biryani & Kebabs,4.7 ★,750,https://images.unsplash.com/photo-1606474530462-8d76926720b7?auto=format&fit=crop&w=800&q=80,"Main Market, Kozhikode"
26,Baba's Thali House,Udaipur,Rajasthan,Dal Baati Churma / Rajasthani,4.6 ★,1200,https://images.unsplash.com/photo-1610192244261-3f33de3b55e4?auto=format&fit=crop&w=800&q=80,"Bazaar Street, Udaipur"
27,Heritage Filter Coffee House,Chennai,Tamil Nadu,South Indian / Traditional,4.1 ★,450,https://images.unsplash.com/photo-1589301760014-d929f3979dbc?auto=format&fit=crop&w=800&q=80,"Nungambakkam, Chennai"
28,Original Noodle House,Lucknow,Uttar Pradesh,Chinese / Indo-Chinese,4.4 ★,1000,https://images.unsplash.com/photo-1504674900247-0877df9cc836?auto=format&fit=crop&w=800&q=80,"Chowk, Lucknow"
29,Shree Mithai Wala,Siliguri,West Bengal,Mithai & Snacks,4.5 ★,350,https://images.unsplash.com/photo-1565299624946-b28f40a0ae38?auto=format&fit=crop&w=800&q=80,"Bazaar Street, Siliguri"
30,Bhubaneswar Chat Corner,Bhubaneswar,Odisha,Street Food / Snacks,4.7 ★,250,https://images.unsplash.com/photo-1565299624946-b28f40a0ae38?auto=format&fit=crop&w=800&q=80,"Civil Lines, Bhubaneswar"
31,Ananda Mandarin,Bengaluru,Karnataka,Pan-Asian,4.8 ★,1150,https://images.unsplash.com/photo-1555396273-367ea4eb4db5?auto=format&fit=crop&w=800&q=80,"Rajajinagar, Bengaluru"
32,Tasty Coffee Roasters,Dehradun,Uttarakhand,Cafe / Continental,4.7 ★,1250,https://images.unsplash.com/photo-1555396273-367ea4eb4db5?auto=format&fit=crop&w=800&q=80,"Bazaar Street, Dehradun"
33,Annapurna Biryani House,Srinagar,Jammu and Kashmir,Mughlai / North Indian,4.6 ★,1100,https://images.unsplash.com/photo-1555396273-367ea4eb4db5?auto=format&fit=crop&w=800&q=80,"Station Road, Srinagar"
34,Star Dum Biryani,Thiruvananthapuram,Kerala,Biryani & Kebabs,4.5 ★,750,https://images.unsplash.com/photo-1606474530462-8d76926720b7?auto=format&fit=crop&w=800&q=80,"Gandhi Road, Thiruvananthapuram"
35,Original Meals,Madurai,Tamil Nadu,South Indian / Traditional,4.5 ★,350,https://images.unsplash.com/photo-1589301760014-d929f3979dbc?auto=format&fit=crop&w=800&q=80,"MG Road, Madurai"
36,Sunrise Mithai Wala,Jaipur,Rajasthan,Mithai & Snacks,4.7 ★,400,https://images.unsplash.com/photo-1565299624946-b28f40a0ae38?auto=format&fit=crop&w=800&q=80,"Tonk Road, Jaipur"
37,Sri Krishna Jalebi House,Prayagraj,Uttar Pradesh,Mithai & Snacks,4.7 ★,500,https://images.unsplash.com/photo-1565299624946-b28f40a0ae38?auto=format&fit=crop&w=800&q=80,"Gandhi Road, Prayagraj"
38,Amritsar Dragon,Amritsar,Punjab,Chinese / Indo-Chinese,4.7 ★,500,https://images.unsplash.com/photo-1504674900247-0877df9cc836?auto=format&fit=crop&w=800&q=80,"Gandhi Road, Amritsar"
39,Maharaja Wok,Pune,Maharashtra,Pan-Asian,4.5 ★,2500,https://images.unsplash.com/photo-1555396273-367ea4eb4db5?auto=format&fit=crop&w=800&q=80,"Kothrud, Pune"
40,Bombay Dining Hall,Navi Mumbai,Maharashtra,Maharashtrian / Thali,4.6 ★,400,https://images.unsplash.com/photo-1610192244261-3f33de3b55e4?auto=format&fit=crop&w=800&q=80,"Airoli, Navi Mumbai"
41,Baba's Chowk,Kota,Rajasthan,Street Food / Snacks,4.6 ★,350,https://images.unsplash.com/photo-1565299624946-b28f40a0ae38?auto=format&fit=crop&w=800&q=80,"Gandhi Road, Kota"
42,Sai Restaurant,Bengaluru,Karnataka,Fine Dining / Multi-cuisine,4.4 ★,3700,https://images.unsplash.com/photo-1555396273-367ea4eb4db5?auto=format&fit=crop&w=800&q=80,"Whitefield, Bengaluru"
43,Crown Snack Point,Nashik,Maharashtra,Street Food / Vada Pav,4.9 ★,350,https://images.unsplash.com/photo-1565299624946-b28f40a0ae38?auto=format&fit=crop&w=800&q=80,"Old City, Nashik"
44,Heritage Thela,Noida,Uttar Pradesh,Banarasi / Chaat,4.1 ★,400,https://images.unsplash.com/photo-1565299624946-b28f40a0ae38?auto=format&fit=crop&w=800&q=80,"Gandhi Road, Noida"
45,Tasty Bhojan,Surat,Gujarat,Gujarati Thali,4.4 ★,950,https://images.unsplash.com/photo-1610192244261-3f33de3b55e4?auto=format&fit=crop&w=800&q=80,"Nehru Chowk, Surat"
46,Patel's Meals,Chennai,Tamil Nadu,South Indian / Traditional,4.3 ★,300,https://images.unsplash.com/photo-1589301760014-d929f3979dbc?auto=format&fit=crop&w=800&q=80,"Mylapore, Chennai"
47,Shiv Chowk,Nagpur,Maharashtra,Street Food / Vada Pav,4.8 ★,200,https://images.unsplash.com/photo-1565299624946-b28f40a0ae38?auto=format&fit=crop&w=800&q=80,"Ring Road, Nagpur"
48,Thanjavur Bhavan,Thanjavur,Tamil Nadu,Chettinad / South Indian,4.9 ★,900,https://images.unsplash.com/photo-1555396273-367ea4eb4db5?auto=format&fit=crop&w=800&q=80,"Ring Road, Thanjavur"
49,Jalandhar Tadka,Jalandhar,Punjab,Punjabi / Dhaba,4.4 ★,900,https://images.unsplash.com/photo-1555396273-367ea4eb4db5?auto=format&fit=crop&w=800&q=80,"Station Road, Jalandhar"
50,New Handi,Udaipur,Rajasthan,Biryani & Kebabs,4.4 ★,600,https://images.unsplash.com/photo-1606474530462-8d76926720b7?auto=format&fit=crop&w=800&q=80,"Station Road, Udaipur"
51,Nair's Prawn House,Panaji,Goa,Coastal / Seafood,4.2 ★,1950,https://images.unsplash.com/photo-1504674900247-0877df9cc836?auto=format&fit=crop&w=800&q=80,"Old City, Panaji"
52,Original Courtyard,Udaipur,Rajasthan,Multi-cuisine / Family,4.6 ★,1400,https://images.unsplash.com/photo-1555396273-367ea4eb4db5?auto=format&fit=crop&w=800&q=80,"Civil Lines, Udaipur"
53,Jai Biryani Darbar,Shimla,Himachal Pradesh,Biryani & Kebabs,4.5 ★,900,https://images.unsplash.com/photo-1606474530462-8d76926720b7?auto=format&fit=crop&w=800&q=80,"Temple Road, Shimla"
54,Royal Chat Corner,Gurugram,Haryana,Street Food / Chaat,4.7 ★,150,https://images.unsplash.com/photo-1565299624946-b28f40a0ae38?auto=format&fit=crop&w=800&q=80,"Temple Road, Gurugram"
55,Siliguri Thela,Siliguri,West Bengal,Kolkata Street Food / Rolls,4.0 ★,150,https://images.unsplash.com/photo-1565299624946-b28f40a0ae38?auto=format&fit=crop&w=800&q=80,"Sadar Bazaar, Siliguri"
56,Thiruvananthapuram Wok,Thiruvananthapuram,Kerala,Chinese / Indo-Chinese,4.5 ★,500,https://images.unsplash.com/photo-1504674900247-0877df9cc836?auto=format&fit=crop&w=800&q=80,"Old City, Thiruvananthapuram"
57,Meerut Halwai,Meerut,Uttar Pradesh,Mithai & Snacks,4.5 ★,300,https://images.unsplash.com/photo-1565299624946-b28f40a0ae38?auto=format&fit=crop&w=800&q=80,"Civil Lines, Meerut"
58,Ahmedabad Cafe,Ahmedabad,Gujarat,Bakery & Cafe,4.5 ★,800,https://images.unsplash.com/photo-1555396273-367ea4eb4db5?auto=format&fit=crop&w=800&q=80,"CG Road, Ahmedabad"
59,Udaipur Village Dining,Udaipur,Rajasthan,Rajasthani Thali,4.5 ★,1200,https://images.unsplash.com/photo-1610192244261-3f33de3b55e4?auto=format&fit=crop&w=800&q=80,"Temple Road, Udaipur"
60,Aroma Table,Chennai,Tamil Nadu,Bakery & Cafe,4.8 ★,750,https://images.unsplash.com/photo-1555396273-367ea4eb4db5?auto=format&fit=crop&w=800&q=80,"Adyar, Chennai"
61,Sharma's Annapurna,Jaisalmer,Rajasthan,Dal Baati Churma / Rajasthani,4.4 ★,450,https://images.unsplash.com/photo-1610192244261-3f33de3b55e4?auto=format&fit=crop&w=800&q=80,"Lake Road, Jaisalmer"
62,Sharma's Dhaba,Dehradun,Uttarakhand,Pahadi / Uttarakhandi,4.3 ★,800,https://images.unsplash.com/photo-1610192244261-3f33de3b55e4?auto=format&fit=crop&w=800&q=80,"Station Road, Dehradun"
63,Mayur Cafe,Mumbai,Maharashtra,Parsi / Irani Cafe,4.8 ★,500,https://images.unsplash.com/photo-1555396273-367ea4eb4db5?auto=format&fit=crop&w=800&q=80,"Girgaon, Mumbai"
64,Rustic Pizzeria,Jaipur,Rajasthan,Italian / Pizza,4.5 ★,800,https://images.unsplash.com/photo-1555396273-367ea4eb4db5?auto=format&fit=crop&w=800&q=80,"Tonk Road, Jaipur"
65,Desi Noodle House,Chennai,Tamil Nadu,Pan-Asian,4.5 ★,1800,https://images.unsplash.com/photo-1555396273-367ea4eb4db5?auto=format&fit=crop&w=800&q=80,"Nungambakkam, Chennai"
66,Sagar Tiffin Room,Bengaluru,Karnataka,South Indian / Tiffin,4.8 ★,400,https://images.unsplash.com/photo-1589301760014-d929f3979dbc?auto=format&fit=crop&w=800&q=80,"Brigade Road, Bengaluru"
67,Ananda Kitchen & Bar,Hyderabad,Telangana,Bakery & Cafe,4.6 ★,400,https://images.unsplash.com/photo-1555396273-367ea4eb4db5?auto=format&fit=crop&w=800&q=80,"Charminar, Hyderabad"
68,Udaipur Hakka Kitchen,Udaipur,Rajasthan,Chinese / Indo-Chinese,4.5 ★,750,https://images.unsplash.com/photo-1504674900247-0877df9cc836?auto=format&fit=crop&w=800&q=80,"Nehru Chowk, Udaipur"
69,Annapurna Slice,Bengaluru,Karnataka,Italian / Pizza,4.5 ★,1150,https://images.unsplash.com/photo-1555396273-367ea4eb4db5?auto=format&fit=crop&w=800&q=80,"Indiranagar, Bengaluru"
70,Chennai Prawn House,Chennai,Tamil Nadu,Coastal / Seafood,4.6 ★,1300,https://images.unsplash.com/photo-1504674900247-0877df9cc836?auto=format&fit=crop&w=800&q=80,"Mylapore, Chennai"
71,Sunrise Kitchen & Bar,Kochi,Kerala,Cafe / Continental,4.5 ★,1000,https://images.unsplash.com/photo-1555396273-367ea4eb4db5?auto=format&fit=crop&w=800&q=80,"Station Road, Kochi"
72,Patiala Da Dhaba,Patiala,Punjab,Punjabi / Dhaba,4.3 ★,500,https://images.unsplash.com/photo-1555396273-367ea4eb4db5?auto=format&fit=crop&w=800&q=80,"Temple Road, Patiala"
73,Aroma Dosa Corner,Bengaluru,Karnataka,Udupi / Vegetarian,4.9 ★,650,https://images.unsplash.com/photo-1589301760014-d929f3979dbc?auto=format&fit=crop&w=800&q=80,"Malleshwaram, Bengaluru"
74,Jabalpur Tandoor,Jabalpur,Madhya Pradesh,Bhopali / Non-Veg,4.5 ★,950,https://images.unsplash.com/photo-1606474530462-8d76926720b7?auto=format&fit=crop&w=800&q=80,"Old City, Jabalpur"
75,Gorakhpur Bhojanalaya,Gorakhpur,Uttar Pradesh,North Indian / Tandoor,4.5 ★,1500,https://images.unsplash.com/photo-1555396273-367ea4eb4db5?auto=format&fit=crop&w=800&q=80,"Bazaar Street, Gorakhpur"
76,Shiv Nukkad,Thane,Maharashtra,Street Food / Vada Pav,4.6 ★,150,https://images.unsplash.com/photo-1565299624946-b28f40a0ae38?auto=format&fit=crop&w=800&q=80,"Ghodbunder Road, Thane"
77,Gokul Annapurna,Imphal,Manipur,Assamese Thali,4.2 ★,350,https://images.unsplash.com/photo-1610192244261-3f33de3b55e4?auto=format&fit=crop&w=800&q=80,"Gandhi Road, Imphal"
78,Zaika Table,Pune,Maharashtra,Fine Dining / Multi-cuisine,4.4 ★,3750,https://images.unsplash.com/photo-1555396273-367ea4eb4db5?auto=format&fit=crop&w=800&q=80,"Camp, Pune"
79,Ananda Udupi Kitchen,Bengaluru,Karnataka,Filter Coffee & Tiffin,4.4 ★,350,https://images.unsplash.com/photo-1589301760014-d929f3979dbc?auto=format&fit=crop&w=800&q=80,"Whitefield, Bengaluru"
80,Madurai Kitchen,Madurai,Tamil Nadu,South Indian / Tiffin,4.3 ★,200,https://images.unsplash.com/photo-1589301760014-d929f3979dbc?auto=format&fit=crop&w=800&q=80,"Gandhi Road, Madurai"
81,Noida Bakehouse,Noida,Uttar Pradesh,Cafe / Continental,4.3 ★,900,https://images.unsplash.com/photo-1555396273-367ea4eb4db5?auto=format&fit=crop&w=800&q=80,"City Centre, Noida"
82,Sri Krishna Thela,Mathura,Uttar Pradesh,Street Food / Chaat,4.4 ★,150,https://images.unsplash.com/photo-1565299624946-b28f40a0ae38?auto=format&fit=crop&w=800&q=80,"Ring Road, Mathura"
83,Guwahati Kitchen,Guwahati,Assam,Assamese Thali,4.4 ★,700,https://images.unsplash.com/photo-1610192244261-3f33de3b55e4?auto=format&fit=crop&w=800&q=80,"Main Market, Guwahati"
84,Moti Thela,Gaya,Bihar,Bihari / Litti Chokha,4.3 ★,400,https://images.unsplash.com/photo-1565299624946-b28f40a0ae38?auto=format&fit=crop&w=800&q=80,"Temple Road, Gaya"
85,Bengaluru Kitchen,Bengaluru,Karnataka,South Indian / Traditional,4.4 ★,400,https://images.unsplash.com/photo-1589301760014-d929f3979dbc?auto=format&fit=crop&w=800&q=80,"Brigade Road, Bengaluru"
86,Mussoorie Tandoor House,Mussoorie,Uttarakhand,Punjabi / Dhaba,4.5 ★,750,https://images.unsplash.com/photo-1555396273-367ea4eb4db5?auto=format&fit=crop&w=800&q=80,"Main Market, Mussoorie"
87,Gupta's Table,New Delhi,Delhi,Bakery & Cafe,4.4 ★,400,https://images.unsplash.com/photo-1555396273-367ea4eb4db5?auto=format&fit=crop&w=800&q=80,"Hauz Khas Village, New Delhi"
88,Gokul Kitchen & Bar,Patna,Bihar,Bakery & Cafe,4.5 ★,500,https://images.unsplash.com/photo-1555396273-367ea4eb4db5?auto=format&fit=crop&w=800&q=80,"Gandhi Road, Patna"
89,Hyderabad Nawabi Kitchen,Hyderabad,Telangana,Hyderabadi / Mughlai,4.5 ★,650,https://images.unsplash.com/photo-1606474530462-8d76926720b7?auto=format&fit=crop&w=800&q=80,"Madhapur, Hyderabad"
90,Ananda Restaurant,Mumbai,Maharashtra,Fine Dining / Multi-cuisine,4.9 ★,3050,https://images.unsplash.com/photo-1555396273-367ea4eb4db5?auto=format&fit=crop&w=800&q=80,"Dadar, Mumbai"
91,Ganga Tiffin Room,Chennai,Tamil Nadu,Chettinad / South Indian,4.7 ★,1150,https://images.unsplash.com/photo-1555396273-367ea4eb4db5?auto=format&fit=crop&w=800&q=80,"T Nagar, Chennai"
92,Crown Noodle House,Hyderabad,Telangana,Chinese / Indo-Chinese,4.9 ★,900,https://images.unsplash.com/photo-1504674900247-0877df9cc836?auto=format&fit=crop&w=800&q=80,"Abids, Hyderabad"
93,Original Dhaba,Mumbai,Maharashtra,Punjabi / Dhaba,4.5 ★,750,https://images.unsplash.com/photo-1555396273-367ea4eb4db5?auto=format&fit=crop&w=800&q=80,"Fort, Mumbai"
94,Desi Tadka,Gurugram,Haryana,North Indian / Tandoor,4.2 ★,950,https://images.unsplash.com/photo-1555396273-367ea4eb4db5?auto=format&fit=crop&w=800&q=80,"Station Road, Gurugram"
95,Sai Darbar,Jammu,Jammu and Kashmir,Kashmiri / Wazwan,4.6 ★,950,https://images.unsplash.com/photo-1555396273-367ea4eb4db5?auto=format&fit=crop&w=800&q=80,"Bus Stand Road, Jammu"
96,Sharma's Kabab Palace,Noida,Uttar Pradesh,Awadhi / Non-Veg,4.7 ★,600,https://images.unsplash.com/photo-1606474530462-8d76926720b7?auto=format&fit=crop&w=800&q=80,"Lake Road, Noida"
97,Iyer's Chaat House,Aurangabad,Maharashtra,Street Food / Vada Pav,4.4 ★,350,https://images.unsplash.com/photo-1565299624946-b28f40a0ae38?auto=format&fit=crop&w=800&q=80,"MG Road, Aurangabad"
98,Jabalpur Sweets & Snacks,Jabalpur,Madhya Pradesh,Mithai & Snacks,4.8 ★,250,https://images.unsplash.com/photo-1565299624946-b28f40a0ae38?auto=format&fit=crop&w=800&q=80,"Old City, Jabalpur"
99,Ganga Catch of the Day,Nashik,Maharashtra,Malvani / Seafood,4.7 ★,1200,https://images.unsplash.com/photo-1504674900247-0877df9cc836?auto=format&fit=crop&w=800&q=80,"Station Road, Nashik"
100,Rangoli Chaat Bhandar,Gorakhpur,Uttar Pradesh,Street Food / Chaat,4.6 ★,250,https://images.unsplash.com/photo-1565299624946-b28f40a0ae38?auto=format&fit=crop&w=800&q=80,"Temple Road, Gorakhpur"
101,Vadodara Dining,Vadodara,Gujarat,Multi-cuisine / Family,4.5 ★,1300,https://images.unsplash.com/photo-1555396273-367ea4eb4db5?auto=format&fit=crop&w=800&q=80,"Old City, Vadodara"
102,Kozhikode Biryani Kitchen,Kozhikode,Kerala,Biryani & Kebabs,4.6 ★,400,https://images.unsplash.com/photo-1606474530462-8d76926720b7?auto=format&fit=crop&w=800&q=80,"Old City, Kozhikode"
103,Maharaja Chaat House,Agra,Uttar Pradesh,Street Food / Chaat,4.9 ★,150,https://images.unsplash.com/photo-1565299624946-b28f40a0ae38?auto=format&fit=crop&w=800&q=80,"Lake Road, Agra"
104,Ahmedabad Slice,Ahmedabad,Gujarat,Italian / Pizza,4.4 ★,1450,https://images.unsplash.com/photo-1555396273-367ea4eb4db5?auto=format&fit=crop&w=800&q=80,"Manek Chowk, Ahmedabad"
105,Aroma Kabab Palace,Mumbai,Maharashtra,Mughlai / North Indian,4.3 ★,800,https://images.unsplash.com/photo-1555396273-367ea4eb4db5?auto=format&fit=crop&w=800&q=80,"Dadar, Mumbai"
106,Nashik Fish Corner,Nashik,Maharashtra,Malvani / Seafood,4.8 ★,1250,https://images.unsplash.com/photo-1504674900247-0877df9cc836?auto=format&fit=crop&w=800&q=80,"Nehru Chowk, Nashik"
107,Madurai Dosa Corner,Madurai,Tamil Nadu,South Indian / Traditional,4.7 ★,300,https://images.unsplash.com/photo-1589301760014-d929f3979dbc?auto=format&fit=crop&w=800&q=80,"Civil Lines, Madurai"
108,Bombay Nawabi Kitchen,Kolkata,West Bengal,Mughlai / North Indian,4.6 ★,700,https://images.unsplash.com/photo-1555396273-367ea4eb4db5?auto=format&fit=crop&w=800&q=80,"College Street, Kolkata"
109,Ujjain Chowk,Ujjain,Madhya Pradesh,Malwa / Poha-Jalebi,4.5 ★,250,https://images.unsplash.com/photo-1565299624946-b28f40a0ae38?auto=format&fit=crop&w=800&q=80,"City Centre, Ujjain"
110,Gandhinagar Dining Hall,Gandhinagar,Gujarat,Gujarati / Farsan,4.7 ★,350,https://images.unsplash.com/photo-1610192244261-3f33de3b55e4?auto=format&fit=crop&w=800&q=80,"City Centre, Gandhinagar"
111,Ananda Sea Catch,Pune,Maharashtra,Malvani / Seafood,4.6 ★,1400,https://images.unsplash.com/photo-1504674900247-0877df9cc836?auto=format&fit=crop&w=800&q=80,"Shivajinagar, Pune"
112,Bengaluru Hakka Kitchen,Bengaluru,Karnataka,Pan-Asian,4.5 ★,2450,https://images.unsplash.com/photo-1555396273-367ea4eb4db5?auto=format&fit=crop&w=800&q=80,"Jayanagar, Bengaluru"
113,Famous Tide,Aurangabad,Maharashtra,Malvani / Seafood,4.5 ★,700,https://images.unsplash.com/photo-1504674900247-0877df9cc836?auto=format&fit=crop&w=800&q=80,"Bus Stand Road, Aurangabad"
114,Dharamshala Bistro,Dharamshala,Himachal Pradesh,Cafe / Continental,4.9 ★,900,https://images.unsplash.com/photo-1555396273-367ea4eb4db5?auto=format&fit=crop&w=800&q=80,"Station Road, Dharamshala"
115,Classic Thali House,Pune,Maharashtra,Maharashtrian / Thali,4.3 ★,800,https://images.unsplash.com/photo-1610192244261-3f33de3b55e4?auto=format&fit=crop&w=800&q=80,"Baner, Pune"
116,Spice Signature,Alleppey,Kerala,Multi-cuisine / Family,4.6 ★,1350,https://images.unsplash.com/photo-1555396273-367ea4eb4db5?auto=format&fit=crop&w=800&q=80,"Station Road, Alleppey"
117,Jai Kitchen & Bar,Ranchi,Jharkhand,Bakery & Cafe,4.8 ★,350,https://images.unsplash.com/photo-1555396273-367ea4eb4db5?auto=format&fit=crop&w=800&q=80,"Ring Road, Ranchi"
118,Khan's Nukkad,Vadodara,Gujarat,Street Food / Snacks,4.5 ★,300,https://images.unsplash.com/photo-1565299624946-b28f40a0ae38?auto=format&fit=crop&w=800&q=80,"Temple Road, Vadodara"
119,Shiv Tandoor House,Gurugram,Haryana,Punjabi / Dhaba,4.7 ★,700,https://images.unsplash.com/photo-1555396273-367ea4eb4db5?auto=format&fit=crop&w=800&q=80,"Sadar Bazaar, Gurugram"
120,Meerut Snack Point,Meerut,Uttar Pradesh,Street Food / Chaat,4.7 ★,150,https://images.unsplash.com/photo-1565299624946-b28f40a0ae38?auto=format&fit=crop&w=800&q=80,"Temple Road, Meerut"
121,Iyer's Rasoi,Jamshedpur,Jharkhand,Punjabi / Dhaba,4.4 ★,850,https://images.unsplash.com/photo-1555396273-367ea4eb4db5?auto=format&fit=crop&w=800&q=80,"Main Market, Jamshedpur"
122,Patel's Handi,Delhi,Delhi,Biryani & Kebabs,4.6 ★,850,https://images.unsplash.com/photo-1606474530462-8d76926720b7?auto=format&fit=crop&w=800&q=80,"Lajpat Nagar, Delhi"
123,Kolhapur Catch of the Day,Kolhapur,Maharashtra,Malvani / Seafood,4.8 ★,1100,https://images.unsplash.com/photo-1504674900247-0877df9cc836?auto=format&fit=crop&w=800&q=80,"Station Road, Kolhapur"
124,Famous Curry House,Indore,Madhya Pradesh,Punjabi / Dhaba,4.3 ★,550,https://images.unsplash.com/photo-1555396273-367ea4eb4db5?auto=format&fit=crop&w=800&q=80,"MG Road, Indore"
125,Surat Dining Hall,Surat,Gujarat,Gujarati Thali,4.8 ★,500,https://images.unsplash.com/photo-1610192244261-3f33de3b55e4?auto=format&fit=crop&w=800&q=80,"MG Road, Surat"
126,Khan's Biryani Darbar,Visakhapatnam,Andhra Pradesh,Biryani & Kebabs,4.2 ★,800,https://images.unsplash.com/photo-1606474530462-8d76926720b7?auto=format&fit=crop&w=800&q=80,"Temple Road, Visakhapatnam"
127,Mayur Chopsticks,Rajkot,Gujarat,Pan-Asian,4.9 ★,2150,https://images.unsplash.com/photo-1555396273-367ea4eb4db5?auto=format&fit=crop&w=800&q=80,"MG Road, Rajkot"
128,Singh's Table,Bengaluru,Karnataka,Cafe / Continental,4.5 ★,1500,https://images.unsplash.com/photo-1555396273-367ea4eb4db5?auto=format&fit=crop&w=800&q=80,"Whitefield, Bengaluru"
129,Rustic Chaat Bhandar,Thane,Maharashtra,Maharashtrian / Misal & Snacks,4.4 ★,500,https://images.unsplash.com/photo-1565299624946-b28f40a0ae38?auto=format&fit=crop&w=800&q=80,"Naupada, Thane"
130,Kolkata Osteria,Kolkata,West Bengal,Italian / Pizza,4.4 ★,800,https://images.unsplash.com/photo-1555396273-367ea4eb4db5?auto=format&fit=crop&w=800&q=80,"Salt Lake, Kolkata"
131,Mumbai Courtyard,Mumbai,Maharashtra,Multi-cuisine / Family,4.9 ★,1050,https://images.unsplash.com/photo-1555396273-367ea4eb4db5?auto=format&fit=crop&w=800&q=80,"Fort, Mumbai"
132,Bombay Tadka,New Delhi,Delhi,North Indian / Tandoor,4.4 ★,800,https://images.unsplash.com/photo-1555396273-367ea4eb4db5?auto=format&fit=crop&w=800&q=80,"Chandni Chowk, New Delhi"
133,Lucknow Courtyard,Lucknow,Uttar Pradesh,Fine Dining / Multi-cuisine,4.2 ★,2250,https://images.unsplash.com/photo-1555396273-367ea4eb4db5?auto=format&fit=crop&w=800&q=80,"Hazratganj, Lucknow"
134,Gokul Chowk,Jaipur,Rajasthan,Street Food / Snacks,4.3 ★,200,https://images.unsplash.com/photo-1565299624946-b28f40a0ae38?auto=format&fit=crop&w=800&q=80,"Tonk Road, Jaipur"
135,Lucknow Wok,Lucknow,Uttar Pradesh,Chinese / Indo-Chinese,4.9 ★,1000,https://images.unsplash.com/photo-1504674900247-0877df9cc836?auto=format&fit=crop&w=800&q=80,"Aliganj, Lucknow"
136,Desi Pan Asia,Bengaluru,Karnataka,Chinese / Indo-Chinese,4.1 ★,1250,https://images.unsplash.com/photo-1504674900247-0877df9cc836?auto=format&fit=crop&w=800&q=80,"Malleshwaram, Bengaluru"
137,Famous Thali House,Udaipur,Rajasthan,Laal Maas / Rajasthani Non-Veg,4.6 ★,700,https://images.unsplash.com/photo-1504674900247-0877df9cc836?auto=format&fit=crop&w=800&q=80,"Old City, Udaipur"
138,Gupta's Cafe,Hyderabad,Telangana,Bakery & Cafe,4.3 ★,800,https://images.unsplash.com/photo-1555396273-367ea4eb4db5?auto=format&fit=crop&w=800&q=80,"Banjara Hills, Hyderabad"
139,Golden Rasoi,Noida,Uttar Pradesh,North Indian / Tandoor,4.5 ★,1400,https://images.unsplash.com/photo-1555396273-367ea4eb4db5?auto=format&fit=crop&w=800&q=80,"Nehru Chowk, Noida"
140,Mumbai Bistro,Mumbai,Maharashtra,Cafe / Continental,4.8 ★,1200,https://images.unsplash.com/photo-1555396273-367ea4eb4db5?auto=format&fit=crop&w=800&q=80,"Worli, Mumbai"
141,Rangoli Biryani House,Noida,Uttar Pradesh,Mughlai / North Indian,4.9 ★,1050,https://images.unsplash.com/photo-1555396273-367ea4eb4db5?auto=format&fit=crop&w=800&q=80,"Main Market, Noida"
142,Kolkata Chowk,Kolkata,West Bengal,Kolkata Street Food / Rolls,4.5 ★,400,https://images.unsplash.com/photo-1565299624946-b28f40a0ae38?auto=format&fit=crop&w=800&q=80,"Bhowanipore, Kolkata"
143,Shan-e Da Dhaba,Bhopal,Madhya Pradesh,Punjabi / Dhaba,4.8 ★,650,https://images.unsplash.com/photo-1555396273-367ea4eb4db5?auto=format&fit=crop&w=800&q=80,"Bus Stand Road, Bhopal"
144,Jodhpur Table,Jodhpur,Rajasthan,Multi-cuisine / Family,4.4 ★,1200,https://images.unsplash.com/photo-1555396273-367ea4eb4db5?auto=format&fit=crop&w=800&q=80,"MG Road, Jodhpur"
145,Dehradun Noodle House,Dehradun,Uttarakhand,Chinese / Indo-Chinese,4.3 ★,550,https://images.unsplash.com/photo-1504674900247-0877df9cc836?auto=format&fit=crop&w=800&q=80,"Gandhi Road, Dehradun"
146,Ganga Thali House,Hyderabad,Telangana,Andhra Meals,4.3 ★,700,https://images.unsplash.com/photo-1610192244261-3f33de3b55e4?auto=format&fit=crop&w=800&q=80,"Abids, Hyderabad"
147,Annapurna Biryani Bazaar,Kolkata,West Bengal,Biryani & Kebabs,4.5 ★,950,https://images.unsplash.com/photo-1606474530462-8d76926720b7?auto=format&fit=crop&w=800&q=80,"Salt Lake, Kolkata"
148,Lucky Cafe & Kitchen,Jaipur,Rajasthan,Cafe / Continental,4.6 ★,1000,https://images.unsplash.com/photo-1555396273-367ea4eb4db5?auto=format&fit=crop&w=800&q=80,"Tonk Road, Jaipur"
149,Classic Sweets & Snacks,Gaya,Bihar,Mithai & Snacks,4.7 ★,300,https://images.unsplash.com/photo-1565299624946-b28f40a0ae38?auto=format&fit=crop&w=800&q=80,"Gandhi Road, Gaya"
150,Jaipur Annapurna,Jaipur,Rajasthan,Laal Maas / Rajasthani Non-Veg,4.5 ★,1100,https://images.unsplash.com/photo-1504674900247-0877df9cc836?auto=format&fit=crop&w=800&q=80,"C-Scheme, Jaipur"
151,Shree Cafe & Kitchen,Kozhikode,Kerala,Bakery & Cafe,4.5 ★,700,https://images.unsplash.com/photo-1555396273-367ea4eb4db5?auto=format&fit=crop&w=800&q=80,"Lake Road, Kozhikode"
152,Gaya Chaat Bhandar,Gaya,Bihar,Bihari / Litti Chokha,4.9 ★,300,https://images.unsplash.com/photo-1565299624946-b28f40a0ae38?auto=format&fit=crop&w=800&q=80,"Station Road, Gaya"
153,Thane Thali House,Thane,Maharashtra,Maharashtrian / Thali,4.5 ★,350,https://images.unsplash.com/photo-1610192244261-3f33de3b55e4?auto=format&fit=crop&w=800&q=80,"Naupada, Thane"
154,Nair's Pan Asia,Thiruvananthapuram,Kerala,Pan-Asian,4.4 ★,1200,https://images.unsplash.com/photo-1555396273-367ea4eb4db5?auto=format&fit=crop&w=800&q=80,"Station Road, Thiruvananthapuram"
155,Singh's Rasoi,Jaipur,Rajasthan,Rajasthani Thali,4.5 ★,650,https://images.unsplash.com/photo-1610192244261-3f33de3b55e4?auto=format&fit=crop&w=800&q=80,"Vaishali Nagar, Jaipur"
156,Bengaluru Bistro,Bengaluru,Karnataka,Bakery & Cafe,4.2 ★,500,https://images.unsplash.com/photo-1555396273-367ea4eb4db5?auto=format&fit=crop&w=800&q=80,"Whitefield, Bengaluru"
157,Aroma Bhojan,Jodhpur,Rajasthan,Rajasthani Thali,4.4 ★,1700,https://images.unsplash.com/photo-1610192244261-3f33de3b55e4?auto=format&fit=crop&w=800&q=80,"Sadar Bazaar, Jodhpur"
158,Golden Restaurant,Gaya,Bihar,Multi-cuisine / Family,4.9 ★,1150,https://images.unsplash.com/photo-1555396273-367ea4eb4db5?auto=format&fit=crop&w=800&q=80,"Lake Road, Gaya"
159,Swad Brew House,Chandigarh,Chandigarh,Cafe / Continental,4.5 ★,850,https://images.unsplash.com/photo-1555396273-367ea4eb4db5?auto=format&fit=crop&w=800&q=80,"Old City, Chandigarh"
160,Shan-e Grand Dining,Mumbai,Maharashtra,Fine Dining / Multi-cuisine,4.0 ★,2700,https://images.unsplash.com/photo-1555396273-367ea4eb4db5?auto=format&fit=crop&w=800&q=80,"Worli, Mumbai"
161,Grand Dragon,Jodhpur,Rajasthan,Pan-Asian,4.6 ★,1700,https://images.unsplash.com/photo-1555396273-367ea4eb4db5?auto=format&fit=crop&w=800&q=80,"Nehru Chowk, Jodhpur"
162,Iyer's Tandoor House,Patna,Bihar,Punjabi / Dhaba,4.2 ★,700,https://images.unsplash.com/photo-1555396273-367ea4eb4db5?auto=format&fit=crop&w=800&q=80,"Ring Road, Patna"
163,Rustic Jalebi House,Ludhiana,Punjab,Mithai & Snacks,4.8 ★,350,https://images.unsplash.com/photo-1565299624946-b28f40a0ae38?auto=format&fit=crop&w=800&q=80,"Ring Road, Ludhiana"
164,Swad Cafe,Dharamshala,Himachal Pradesh,Himachali / Pahadi,4.5 ★,550,https://images.unsplash.com/photo-1610192244261-3f33de3b55e4?auto=format&fit=crop&w=800&q=80,"Bazaar Street, Dharamshala"
165,Sunrise Nukkad,Gwalior,Madhya Pradesh,Street Food / Chaat,4.3 ★,200,https://images.unsplash.com/photo-1565299624946-b28f40a0ae38?auto=format&fit=crop&w=800&q=80,"Nehru Chowk, Gwalior"
166,Green Chopsticks,Chennai,Tamil Nadu,Chinese / Indo-Chinese,4.2 ★,1050,https://images.unsplash.com/photo-1504674900247-0877df9cc836?auto=format&fit=crop&w=800&q=80,"Nungambakkam, Chennai"
167,Kolkata Bowl,Kolkata,West Bengal,Northeast / Momos,4.9 ★,350,https://images.unsplash.com/photo-1565299624946-b28f40a0ae38?auto=format&fit=crop&w=800&q=80,"New Market, Kolkata"
168,Gupta's Chowk,Thane,Maharashtra,Street Food / Vada Pav,4.4 ★,150,https://images.unsplash.com/photo-1565299624946-b28f40a0ae38?auto=format&fit=crop&w=800&q=80,"Kopri, Thane"
169,Udaipur Thela,Udaipur,Rajasthan,Street Food / Snacks,4.6 ★,300,https://images.unsplash.com/photo-1565299624946-b28f40a0ae38?auto=format&fit=crop&w=800&q=80,"Sadar Bazaar, Udaipur"
170,Udupi Catch of the Day,Udupi,Karnataka,Mangalorean Seafood,4.2 ★,600,https://images.unsplash.com/photo-1504674900247-0877df9cc836?auto=format&fit=crop&w=800&q=80,"MG Road, Udupi"
171,Ananda Dastarkhwan,Siliguri,West Bengal,Mughlai / North Indian,4.5 ★,1400,https://images.unsplash.com/photo-1555396273-367ea4eb4db5?auto=format&fit=crop&w=800&q=80,"Sadar Bazaar, Siliguri"
172,Kesar Cafe & Kitchen,Ludhiana,Punjab,Bakery & Cafe,4.8 ★,400,https://images.unsplash.com/photo-1555396273-367ea4eb4db5?auto=format&fit=crop&w=800&q=80,"City Centre, Ludhiana"
173,Gokul Bhojanalay,Jodhpur,Rajasthan,Dal Baati Churma / Rajasthani,4.6 ★,1000,https://images.unsplash.com/photo-1610192244261-3f33de3b55e4?auto=format&fit=crop&w=800&q=80,"Old City, Jodhpur"
174,Aroma Wok,Mumbai,Maharashtra,Pan-Asian,4.3 ★,1800,https://images.unsplash.com/photo-1555396273-367ea4eb4db5?auto=format&fit=crop&w=800&q=80,"Powai, Mumbai"
175,Original Kabab Palace,Indore,Madhya Pradesh,Bhopali / Non-Veg,4.6 ★,500,https://images.unsplash.com/photo-1606474530462-8d76926720b7?auto=format&fit=crop&w=800&q=80,"Station Road, Indore"
176,Iyer's Table,Gurugram,Haryana,Cafe / Continental,4.3 ★,1400,https://images.unsplash.com/photo-1555396273-367ea4eb4db5?auto=format&fit=crop&w=800&q=80,"Civil Lines, Gurugram"
177,Golden Village Dining,Raipur,Chhattisgarh,Chhattisgarhi / Regional,4.4 ★,700,https://images.unsplash.com/photo-1610192244261-3f33de3b55e4?auto=format&fit=crop&w=800&q=80,"Old City, Raipur"
178,Jai Street Bites,Nashik,Maharashtra,Maharashtrian / Misal & Snacks,4.6 ★,250,https://images.unsplash.com/photo-1565299624946-b28f40a0ae38?auto=format&fit=crop&w=800&q=80,"Bazaar Street, Nashik"
179,Gokul Noodle House,Panaji,Goa,Pan-Asian,4.3 ★,1400,https://images.unsplash.com/photo-1555396273-367ea4eb4db5?auto=format&fit=crop&w=800&q=80,"Nehru Chowk, Panaji"
180,Sagar Pasta House,Bhopal,Madhya Pradesh,Italian / Pizza,4.2 ★,1350,https://images.unsplash.com/photo-1555396273-367ea4eb4db5?auto=format&fit=crop&w=800&q=80,"Bazaar Street, Bhopal"
181,Indore Dairy & Sweets,Indore,Madhya Pradesh,Mithai & Snacks,4.5 ★,450,https://images.unsplash.com/photo-1565299624946-b28f40a0ae38?auto=format&fit=crop&w=800&q=80,"Temple Road, Indore"
182,Rangoli Mughal Kitchen,Kolkata,West Bengal,Mughlai / North Indian,4.5 ★,1500,https://images.unsplash.com/photo-1555396273-367ea4eb4db5?auto=format&fit=crop&w=800&q=80,"Bhowanipore, Kolkata"
183,Moti Cafe,Hyderabad,Telangana,Cafe / Continental,4.7 ★,800,https://images.unsplash.com/photo-1555396273-367ea4eb4db5?auto=format&fit=crop&w=800&q=80,"Jubilee Hills, Hyderabad"
184,Patna Cafe,Patna,Bihar,Bakery & Cafe,4.1 ★,750,https://images.unsplash.com/photo-1555396273-367ea4eb4db5?auto=format&fit=crop&w=800&q=80,"Civil Lines, Patna"
185,Jammu Biryani House,Jammu,Jammu and Kashmir,Mughlai / North Indian,4.5 ★,1450,https://images.unsplash.com/photo-1555396273-367ea4eb4db5?auto=format&fit=crop&w=800&q=80,"Sadar Bazaar, Jammu"
186,Baba's Dragon,Kanpur,Uttar Pradesh,Chinese / Indo-Chinese,4.9 ★,500,https://images.unsplash.com/photo-1504674900247-0877df9cc836?auto=format&fit=crop&w=800&q=80,"Temple Road, Kanpur"
187,Iyer's Slice,Dehradun,Uttarakhand,Italian / Pizza,4.7 ★,1000,https://images.unsplash.com/photo-1555396273-367ea4eb4db5?auto=format&fit=crop&w=800&q=80,"Temple Road, Dehradun"
188,Green Bhandar,Udaipur,Rajasthan,Mithai & Snacks,4.3 ★,200,https://images.unsplash.com/photo-1565299624946-b28f40a0ae38?auto=format&fit=crop&w=800&q=80,"Civil Lines, Udaipur"
189,Hubballi Biryani Kitchen,Hubballi,Karnataka,Biryani & Kebabs,4.4 ★,400,https://images.unsplash.com/photo-1606474530462-8d76926720b7?auto=format&fit=crop&w=800&q=80,"Nehru Chowk, Hubballi"
190,Gokul Chaat Bhandar,Agra,Uttar Pradesh,Street Food / Chaat,4.3 ★,200,https://images.unsplash.com/photo-1565299624946-b28f40a0ae38?auto=format&fit=crop&w=800&q=80,"MG Road, Agra"
191,Nair's Bhojanalay,Kozhikode,Kerala,Kerala Meals / Sadya,4.6 ★,700,https://images.unsplash.com/photo-1610192244261-3f33de3b55e4?auto=format&fit=crop&w=800&q=80,"MG Road, Kozhikode"
192,Kolhapur Bistro,Kolhapur,Maharashtra,Cafe / Continental,4.7 ★,1100,https://images.unsplash.com/photo-1555396273-367ea4eb4db5?auto=format&fit=crop&w=800&q=80,"Ring Road, Kolhapur"
193,Rustic Kitchen,Jodhpur,Rajasthan,Italian / Pizza,4.0 ★,1450,https://images.unsplash.com/photo-1555396273-367ea4eb4db5?auto=format&fit=crop&w=800&q=80,"Sadar Bazaar, Jodhpur"
194,Ganga Bhojanalay,Warangal,Telangana,Andhra Meals,4.5 ★,450,https://images.unsplash.com/photo-1610192244261-3f33de3b55e4?auto=format&fit=crop&w=800&q=80,"Bus Stand Road, Warangal"
195,Golden Osteria,Panaji,Goa,Italian / Pizza,4.6 ★,1500,https://images.unsplash.com/photo-1555396273-367ea4eb4db5?auto=format&fit=crop&w=800&q=80,"Old City, Panaji"
196,Bombay Thela,Bhopal,Madhya Pradesh,Malwa / Poha-Jalebi,4.5 ★,350,https://images.unsplash.com/photo-1565299624946-b28f40a0ae38?auto=format&fit=crop&w=800&q=80,"Bus Stand Road, Bhopal"
197,Annapurna Noodle House,New Delhi,Delhi,Chinese / Indo-Chinese,4.4 ★,1000,https://images.unsplash.com/photo-1504674900247-0877df9cc836?auto=format&fit=crop&w=800&q=80,"Connaught Place, New Delhi"
198,Shillong Dragon,Shillong,Meghalaya,Chinese / Indo-Chinese,4.3 ★,1050,https://images.unsplash.com/photo-1504674900247-0877df9cc836?auto=format&fit=crop&w=800&q=80,"Sadar Bazaar, Shillong"
199,Sharma's Hakka Kitchen,Mussoorie,Uttarakhand,Chinese / Indo-Chinese,4.4 ★,1000,https://images.unsplash.com/photo-1504674900247-0877df9cc836?auto=format&fit=crop&w=800&q=80,"Bazaar Street, Mussoorie"
200,New Kebab Corner,Varanasi,Uttar Pradesh,Awadhi / Non-Veg,4.7 ★,850,https://images.unsplash.com/photo-1606474530462-8d76926720b7?auto=format&fit=crop&w=800&q=80,"Bazaar Street, Varanasi"
201,Jamshedpur Thela,Jamshedpur,Jharkhand,Bihari / Litti Chokha,4.1 ★,550,https://images.unsplash.com/photo-1565299624946-b28f40a0ae38?auto=format&fit=crop&w=800&q=80,"Bus Stand Road, Jamshedpur"
202,Pondicherry Table,Pondicherry,Puducherry,Cafe / Continental,4.2 ★,1450,https://images.unsplash.com/photo-1555396273-367ea4eb4db5?auto=format&fit=crop&w=800&q=80,"Civil Lines, Pondicherry"
203,Jalandhar Chat Corner,Jalandhar,Punjab,Street Food / Chaat,4.9 ★,150,https://images.unsplash.com/photo-1565299624946-b28f40a0ae38?auto=format&fit=crop&w=800&q=80,"Sadar Bazaar, Jalandhar"
204,Famous Wok,Kolhapur,Maharashtra,Chinese / Indo-Chinese,4.7 ★,750,https://images.unsplash.com/photo-1504674900247-0877df9cc836?auto=format&fit=crop&w=800&q=80,"City Centre, Kolhapur"
205,Imphal Momo Point,Imphal,Manipur,Northeast / Momos,4.3 ★,300,https://images.unsplash.com/photo-1565299624946-b28f40a0ae38?auto=format&fit=crop&w=800&q=80,"Nehru Chowk, Imphal"
206,Ganga Table,Dehradun,Uttarakhand,Multi-cuisine / Family,4.1 ★,700,https://images.unsplash.com/photo-1555396273-367ea4eb4db5?auto=format&fit=crop&w=800&q=80,"Sadar Bazaar, Dehradun"
207,Chotu's Rasoi,Indore,Madhya Pradesh,Punjabi / Dhaba,4.6 ★,950,https://images.unsplash.com/photo-1555396273-367ea4eb4db5?auto=format&fit=crop&w=800&q=80,"Main Market, Indore"
208,Patel's Mughal Kitchen,Jammu,Jammu and Kashmir,Mughlai / North Indian,4.5 ★,1250,https://images.unsplash.com/photo-1555396273-367ea4eb4db5?auto=format&fit=crop&w=800&q=80,"Old City, Jammu"
209,Gupta's Chaat Bhandar,Patna,Bihar,Bihari / Litti Chokha,4.7 ★,450,https://images.unsplash.com/photo-1565299624946-b28f40a0ae38?auto=format&fit=crop&w=800&q=80,"Sadar Bazaar, Patna"
210,Moti Prawn House,Kochi,Kerala,Coastal / Seafood,4.8 ★,1300,https://images.unsplash.com/photo-1504674900247-0877df9cc836?auto=format&fit=crop&w=800&q=80,"Bazaar Street, Kochi"
211,Bengaluru Dum Biryani,Bengaluru,Karnataka,Biryani & Kebabs,4.8 ★,700,https://images.unsplash.com/photo-1606474530462-8d76926720b7?auto=format&fit=crop&w=800&q=80,"Brigade Road, Bengaluru"
212,Patna Slice,Patna,Bihar,Italian / Pizza,4.3 ★,900,https://images.unsplash.com/photo-1555396273-367ea4eb4db5?auto=format&fit=crop&w=800&q=80,"City Centre, Patna"
213,Gupta's Brew House,Coimbatore,Tamil Nadu,Bakery & Cafe,4.2 ★,450,https://images.unsplash.com/photo-1555396273-367ea4eb4db5?auto=format&fit=crop&w=800&q=80,"Old City, Coimbatore"
214,Patel's Idli House,Bengaluru,Karnataka,Filter Coffee & Tiffin,4.3 ★,450,https://images.unsplash.com/photo-1589301760014-d929f3979dbc?auto=format&fit=crop&w=800&q=80,"HSR Layout, Bengaluru"
215,Desi Filter Coffee House,Coimbatore,Tamil Nadu,Filter Coffee & Tiffin,4.4 ★,350,https://images.unsplash.com/photo-1589301760014-d929f3979dbc?auto=format&fit=crop&w=800&q=80,"Nehru Chowk, Coimbatore"
216,Star Dairy & Sweets,Noida,Uttar Pradesh,Mithai & Snacks,4.5 ★,300,https://images.unsplash.com/photo-1565299624946-b28f40a0ae38?auto=format&fit=crop&w=800&q=80,"Bazaar Street, Noida"
217,Maharaja Filter Coffee House,Chennai,Tamil Nadu,Chettinad / South Indian,4.5 ★,1250,https://images.unsplash.com/photo-1555396273-367ea4eb4db5?auto=format&fit=crop&w=800&q=80,"Alwarpet, Chennai"
218,Thiruvananthapuram Bhojan,Thiruvananthapuram,Kerala,Kerala Meals / Sadya,4.4 ★,350,https://images.unsplash.com/photo-1610192244261-3f33de3b55e4?auto=format&fit=crop&w=800&q=80,"Bus Stand Road, Thiruvananthapuram"
219,Tiruchirappalli Kitchen,Tiruchirappalli,Tamil Nadu,South Indian / Tiffin,4.2 ★,350,https://images.unsplash.com/photo-1589301760014-d929f3979dbc?auto=format&fit=crop&w=800&q=80,"Bazaar Street, Tiruchirappalli"
220,Moti Chat Corner,Solapur,Maharashtra,Street Food / Vada Pav,4.3 ★,150,https://images.unsplash.com/photo-1565299624946-b28f40a0ae38?auto=format&fit=crop&w=800&q=80,"MG Road, Solapur"
221,Spice Cafe & Kitchen,Pune,Maharashtra,Bakery & Cafe,4.5 ★,650,https://images.unsplash.com/photo-1555396273-367ea4eb4db5?auto=format&fit=crop&w=800&q=80,"FC Road, Pune"
222,Varanasi Table,Varanasi,Uttar Pradesh,Fine Dining / Multi-cuisine,4.4 ★,3050,https://images.unsplash.com/photo-1555396273-367ea4eb4db5?auto=format&fit=crop&w=800&q=80,"City Centre, Varanasi"
223,Panaji Fish Corner,Panaji,Goa,Coastal / Seafood,4.6 ★,1450,https://images.unsplash.com/photo-1504674900247-0877df9cc836?auto=format&fit=crop&w=800&q=80,"Sadar Bazaar, Panaji"
224,Chennai Mandarin,Chennai,Tamil Nadu,Pan-Asian,4.4 ★,1150,https://images.unsplash.com/photo-1555396273-367ea4eb4db5?auto=format&fit=crop&w=800&q=80,"T Nagar, Chennai"
225,Nair's Coffee Roasters,Manali,Himachal Pradesh,Cafe / Continental,4.4 ★,1500,https://images.unsplash.com/photo-1555396273-367ea4eb4db5?auto=format&fit=crop&w=800&q=80,"Ring Road, Manali"
226,Royal Tide,Aurangabad,Maharashtra,Malvani / Seafood,4.7 ★,800,https://images.unsplash.com/photo-1504674900247-0877df9cc836?auto=format&fit=crop&w=800&q=80,"Lake Road, Aurangabad"
227,Crown Bakehouse,Dehradun,Uttarakhand,Cafe / Continental,4.4 ★,700,https://images.unsplash.com/photo-1555396273-367ea4eb4db5?auto=format&fit=crop&w=800&q=80,"Bazaar Street, Dehradun"
228,Aroma Dhaba,Mussoorie,Uttarakhand,Pahadi / Uttarakhandi,4.5 ★,650,https://images.unsplash.com/photo-1610192244261-3f33de3b55e4?auto=format&fit=crop&w=800&q=80,"Ring Road, Mussoorie"
229,Zaika Bhojanalay,Aurangabad,Maharashtra,Maharashtrian / Thali,4.6 ★,450,https://images.unsplash.com/photo-1610192244261-3f33de3b55e4?auto=format&fit=crop&w=800&q=80,"Nehru Chowk, Aurangabad"
230,Desi Chaat House,Vadodara,Gujarat,Street Food / Snacks,4.4 ★,250,https://images.unsplash.com/photo-1565299624946-b28f40a0ae38?auto=format&fit=crop&w=800&q=80,"Station Road, Vadodara"
231,Patel's Restaurant,Varanasi,Uttar Pradesh,Fine Dining / Multi-cuisine,4.3 ★,1950,https://images.unsplash.com/photo-1555396273-367ea4eb4db5?auto=format&fit=crop&w=800&q=80,"Gandhi Road, Varanasi"
232,Maharaja Annapurna,Jodhpur,Rajasthan,Laal Maas / Rajasthani Non-Veg,4.5 ★,950,https://images.unsplash.com/photo-1504674900247-0877df9cc836?auto=format&fit=crop&w=800&q=80,"Old City, Jodhpur"
233,Shree Chaat House,Vadodara,Gujarat,Street Food / Snacks,4.2 ★,200,https://images.unsplash.com/photo-1565299624946-b28f40a0ae38?auto=format&fit=crop&w=800&q=80,"Bazaar Street, Vadodara"
234,Bengaluru Osteria,Bengaluru,Karnataka,Italian / Pizza,4.5 ★,1300,https://images.unsplash.com/photo-1555396273-367ea4eb4db5?auto=format&fit=crop&w=800&q=80,"Indiranagar, Bengaluru"
235,Saffron Bakehouse,Dehradun,Uttarakhand,Cafe / Continental,4.2 ★,850,https://images.unsplash.com/photo-1555396273-367ea4eb4db5?auto=format&fit=crop&w=800&q=80,"Civil Lines, Dehradun"
236,Ludhiana Curry House,Ludhiana,Punjab,North Indian / Tandoor,4.3 ★,900,https://images.unsplash.com/photo-1555396273-367ea4eb4db5?auto=format&fit=crop&w=800&q=80,"Bus Stand Road, Ludhiana"
237,Golden Mandarin,Varanasi,Uttar Pradesh,Chinese / Indo-Chinese,4.4 ★,700,https://images.unsplash.com/photo-1504674900247-0877df9cc836?auto=format&fit=crop&w=800&q=80,"City Centre, Varanasi"
238,Sai Biryani Darbar,Dharamshala,Himachal Pradesh,Biryani & Kebabs,4.8 ★,1000,https://images.unsplash.com/photo-1606474530462-8d76926720b7?auto=format&fit=crop&w=800&q=80,"Main Market, Dharamshala"
239,Delhi Sweet House,Delhi,Delhi,Mithai & Snacks,4.5 ★,250,https://images.unsplash.com/photo-1565299624946-b28f40a0ae38?auto=format&fit=crop&w=800&q=80,"Nizamuddin, Delhi"
240,Chennai Oven,Chennai,Tamil Nadu,Italian / Pizza,4.5 ★,800,https://images.unsplash.com/photo-1555396273-367ea4eb4db5?auto=format&fit=crop&w=800&q=80,"Besant Nagar, Chennai"
241,Gupta's Chaat House,Patna,Bihar,Bihari / Litti Chokha,4.2 ★,400,https://images.unsplash.com/photo-1565299624946-b28f40a0ae38?auto=format&fit=crop&w=800&q=80,"Nehru Chowk, Patna"
242,Coimbatore Dosa Corner,Coimbatore,Tamil Nadu,Filter Coffee & Tiffin,4.5 ★,400,https://images.unsplash.com/photo-1589301760014-d929f3979dbc?auto=format&fit=crop&w=800&q=80,"Old City, Coimbatore"
243,Jodhpur Bowl,Jodhpur,Rajasthan,Chinese / Indo-Chinese,4.5 ★,600,https://images.unsplash.com/photo-1504674900247-0877df9cc836?auto=format&fit=crop&w=800&q=80,"Gandhi Road, Jodhpur"
244,Rustic Kitchen & Bar,Kanpur,Uttar Pradesh,Multi-cuisine / Family,4.7 ★,1300,https://images.unsplash.com/photo-1555396273-367ea4eb4db5?auto=format&fit=crop&w=800&q=80,"Station Road, Kanpur"
245,Aurangabad Tide,Aurangabad,Maharashtra,Malvani / Seafood,4.1 ★,950,https://images.unsplash.com/photo-1504674900247-0877df9cc836?auto=format&fit=crop&w=800&q=80,"Lake Road, Aurangabad"
246,Lazeez Cafe,Mumbai,Maharashtra,Bakery & Cafe,4.8 ★,700,https://images.unsplash.com/photo-1555396273-367ea4eb4db5?auto=format&fit=crop&w=800&q=80,"Powai, Mumbai"
247,Shiv Seafood Kitchen,Panaji,Goa,Goan / Portuguese,4.3 ★,2550,https://images.unsplash.com/photo-1555396273-367ea4eb4db5?auto=format&fit=crop&w=800&q=80,"Sadar Bazaar, Panaji"
248,Lucknow Cafe & Kitchen,Lucknow,Uttar Pradesh,Cafe / Continental,4.7 ★,1150,https://images.unsplash.com/photo-1555396273-367ea4eb4db5?auto=format&fit=crop&w=800&q=80,"Aliganj, Lucknow"
249,Hyderabad Cafe & Kitchen,Hyderabad,Telangana,Cafe / Continental,4.5 ★,850,https://images.unsplash.com/photo-1555396273-367ea4eb4db5?auto=format&fit=crop&w=800&q=80,"Gachibowli, Hyderabad"
250,Singh's Dhaba,Lonavala,Maharashtra,Punjabi / Dhaba,4.5 ★,750,https://images.unsplash.com/photo-1555396273-367ea4eb4db5?auto=format&fit=crop&w=800&q=80,"MG Road, Lonavala"
251,Singh's Cafe,Amritsar,Punjab,Bakery & Cafe,4.6 ★,500,https://images.unsplash.com/photo-1555396273-367ea4eb4db5?auto=format&fit=crop&w=800&q=80,"Bus Stand Road, Amritsar"
252,Mumbai Kitchen,Mumbai,Maharashtra,Maharashtrian / Thali,4.6 ★,650,https://images.unsplash.com/photo-1610192244261-3f33de3b55e4?auto=format&fit=crop&w=800&q=80,"Girgaon, Mumbai"
253,Nawab Bakehouse,Delhi,Delhi,Cafe / Continental,4.6 ★,800,https://images.unsplash.com/photo-1555396273-367ea4eb4db5?auto=format&fit=crop&w=800&q=80,"Paharganj, Delhi"
254,Sagar Mughal Kitchen,Agra,Uttar Pradesh,Mughlai / North Indian,4.6 ★,600,https://images.unsplash.com/photo-1555396273-367ea4eb4db5?auto=format&fit=crop&w=800&q=80,"Bus Stand Road, Agra"
255,Ganga Chaat House,Bhubaneswar,Odisha,Street Food / Snacks,4.5 ★,300,https://images.unsplash.com/photo-1565299624946-b28f40a0ae38?auto=format&fit=crop&w=800&q=80,"Nehru Chowk, Bhubaneswar"
256,Jai Wok,Lucknow,Uttar Pradesh,Pan-Asian,4.4 ★,2200,https://images.unsplash.com/photo-1555396273-367ea4eb4db5?auto=format&fit=crop&w=800&q=80,"Gomti Nagar, Lucknow"
257,Lucky Halwai,New Delhi,Delhi,Mithai & Snacks,4.4 ★,450,https://images.unsplash.com/photo-1565299624946-b28f40a0ae38?auto=format&fit=crop&w=800&q=80,"Khan Market, New Delhi"
258,Swad Cafe & Kitchen,New Delhi,Delhi,Cafe / Continental,4.9 ★,1500,https://images.unsplash.com/photo-1555396273-367ea4eb4db5?auto=format&fit=crop&w=800&q=80,"Paharganj, New Delhi"
259,Chotu's Jalebi House,Prayagraj,Uttar Pradesh,Mithai & Snacks,4.4 ★,250,https://images.unsplash.com/photo-1565299624946-b28f40a0ae38?auto=format&fit=crop&w=800&q=80,"Ring Road, Prayagraj"
260,Visakhapatnam Bakehouse,Visakhapatnam,Andhra Pradesh,Bakery & Cafe,4.7 ★,350,https://images.unsplash.com/photo-1555396273-367ea4eb4db5?auto=format&fit=crop&w=800&q=80,"Ring Road, Visakhapatnam"
261,Dilli Table,Amritsar,Punjab,Fine Dining / Multi-cuisine,4.6 ★,2150,https://images.unsplash.com/photo-1555396273-367ea4eb4db5?auto=format&fit=crop&w=800&q=80,"Ring Road, Amritsar"
262,Gupta's Biryani Kitchen,Alleppey,Kerala,Biryani & Kebabs,4.4 ★,950,https://images.unsplash.com/photo-1606474530462-8d76926720b7?auto=format&fit=crop&w=800&q=80,"Old City, Alleppey"
263,Royal Bhandar,Prayagraj,Uttar Pradesh,Mithai & Snacks,4.4 ★,350,https://images.unsplash.com/photo-1565299624946-b28f40a0ae38?auto=format&fit=crop&w=800&q=80,"Ring Road, Prayagraj"
264,Tasty Kabab Palace,Agra,Uttar Pradesh,Mughlai / North Indian,4.5 ★,600,https://images.unsplash.com/photo-1555396273-367ea4eb4db5?auto=format&fit=crop&w=800&q=80,"Sadar Bazaar, Agra"
265,Kozhikode Fish Thali House,Kozhikode,Kerala,Coastal / Seafood,4.6 ★,700,https://images.unsplash.com/photo-1504674900247-0877df9cc836?auto=format&fit=crop&w=800&q=80,"Bus Stand Road, Kozhikode"
266,Gupta's Osteria,Coimbatore,Tamil Nadu,Italian / Pizza,4.4 ★,1500,https://images.unsplash.com/photo-1555396273-367ea4eb4db5?auto=format&fit=crop&w=800&q=80,"Ring Road, Coimbatore"
267,Chotu's Coffee Roasters,Bengaluru,Karnataka,Cafe / Continental,4.5 ★,1500,https://images.unsplash.com/photo-1555396273-367ea4eb4db5?auto=format&fit=crop&w=800&q=80,"Basavanagudi, Bengaluru"
268,Sri Krishna Kitchen,Udupi,Karnataka,Filter Coffee & Tiffin,4.7 ★,250,https://images.unsplash.com/photo-1589301760014-d929f3979dbc?auto=format&fit=crop&w=800&q=80,"Ring Road, Udupi"
269,Annapurna Snack Point,Gandhinagar,Gujarat,Street Food / Snacks,4.2 ★,400,https://images.unsplash.com/photo-1565299624946-b28f40a0ae38?auto=format&fit=crop&w=800&q=80,"City Centre, Gandhinagar"
270,Rustic Cafe & Kitchen,Indore,Madhya Pradesh,Cafe / Continental,4.9 ★,1100,https://images.unsplash.com/photo-1555396273-367ea4eb4db5?auto=format&fit=crop&w=800&q=80,"Temple Road, Indore"
271,Original Osteria,New Delhi,Delhi,Italian / Pizza,4.8 ★,1150,https://images.unsplash.com/photo-1555396273-367ea4eb4db5?auto=format&fit=crop&w=800&q=80,"Chandni Chowk, New Delhi"
272,Jai Rasoi,Thane,Maharashtra,Maharashtrian / Thali,4.6 ★,350,https://images.unsplash.com/photo-1610192244261-3f33de3b55e4?auto=format&fit=crop&w=800&q=80,"Naupada, Thane"
273,Nawab Chopsticks,Visakhapatnam,Andhra Pradesh,Pan-Asian,4.6 ★,1850,https://images.unsplash.com/photo-1555396273-367ea4eb4db5?auto=format&fit=crop&w=800&q=80,"Bus Stand Road, Visakhapatnam"
274,New Delhi Pizzeria,New Delhi,Delhi,Italian / Pizza,4.8 ★,1000,https://images.unsplash.com/photo-1555396273-367ea4eb4db5?auto=format&fit=crop&w=800&q=80,"Chandni Chowk, New Delhi"
275,Singh's Darbar,Srinagar,Jammu and Kashmir,Mughlai / North Indian,4.9 ★,1450,https://images.unsplash.com/photo-1555396273-367ea4eb4db5?auto=format&fit=crop&w=800&q=80,"Bus Stand Road, Srinagar"
276,Lucknow Tandoor,Lucknow,Uttar Pradesh,Kebabs & Biryani,4.5 ★,600,https://images.unsplash.com/photo-1606474530462-8d76926720b7?auto=format&fit=crop&w=800&q=80,"Aliganj, Lucknow"
277,Golden Brew House,Thane,Maharashtra,Bakery & Cafe,4.0 ★,750,https://images.unsplash.com/photo-1555396273-367ea4eb4db5?auto=format&fit=crop&w=800&q=80,"Kopri, Thane"
278,Gandhinagar Bhojanalay,Gandhinagar,Gujarat,Gujarati / Farsan,4.2 ★,400,https://images.unsplash.com/photo-1610192244261-3f33de3b55e4?auto=format&fit=crop&w=800&q=80,"City Centre, Gandhinagar"
279,Desi Courtyard,Mumbai,Maharashtra,Fine Dining / Multi-cuisine,4.5 ★,3150,https://images.unsplash.com/photo-1555396273-367ea4eb4db5?auto=format&fit=crop&w=800&q=80,"Bandra West, Mumbai"
280,Urban Mithai Wala,Kolkata,West Bengal,Mithai & Snacks,4.7 ★,350,https://images.unsplash.com/photo-1565299624946-b28f40a0ae38?auto=format&fit=crop&w=800&q=80,"Ballygunge, Kolkata"
281,Crown Rasoi,Nagpur,Maharashtra,Maharashtrian / Thali,4.3 ★,550,https://images.unsplash.com/photo-1610192244261-3f33de3b55e4?auto=format&fit=crop&w=800&q=80,"City Centre, Nagpur"
282,Surat Street Bites,Surat,Gujarat,Street Food / Snacks,4.5 ★,350,https://images.unsplash.com/photo-1565299624946-b28f40a0ae38?auto=format&fit=crop&w=800&q=80,"Nehru Chowk, Surat"
283,Tasty Bhojanalay,Ajmer,Rajasthan,Rajasthani Thali,4.5 ★,1000,https://images.unsplash.com/photo-1610192244261-3f33de3b55e4?auto=format&fit=crop&w=800&q=80,"Civil Lines, Ajmer"
284,Udaipur Bistro,Udaipur,Rajasthan,Bakery & Cafe,4.4 ★,450,https://images.unsplash.com/photo-1555396273-367ea4eb4db5?auto=format&fit=crop&w=800&q=80,"Civil Lines, Udaipur"
285,Kolkata Table,Kolkata,West Bengal,Cafe / Continental,4.6 ★,900,https://images.unsplash.com/photo-1555396273-367ea4eb4db5?auto=format&fit=crop&w=800&q=80,"College Street, Kolkata"
286,Nawab Meals,Visakhapatnam,Andhra Pradesh,South Indian / Tiffin,4.9 ★,400,https://images.unsplash.com/photo-1589301760014-d929f3979dbc?auto=format&fit=crop&w=800&q=80,"Ring Road, Visakhapatnam"
287,Nawab Village Dining,Kozhikode,Kerala,Kerala Meals / Sadya,4.5 ★,800,https://images.unsplash.com/photo-1610192244261-3f33de3b55e4?auto=format&fit=crop&w=800&q=80,"Lake Road, Kozhikode"
288,Annapurna Bhojanalay,Warangal,Telangana,Andhra Meals,4.3 ★,300,https://images.unsplash.com/photo-1610192244261-3f33de3b55e4?auto=format&fit=crop&w=800&q=80,"Bazaar Street, Warangal"
289,Crown Chowk,Ujjain,Madhya Pradesh,Malwa / Poha-Jalebi,4.7 ★,150,https://images.unsplash.com/photo-1565299624946-b28f40a0ae38?auto=format&fit=crop&w=800&q=80,"Civil Lines, Ujjain"
290,Ghaziabad Dastarkhwan,Ghaziabad,Uttar Pradesh,Kebabs & Biryani,4.6 ★,700,https://images.unsplash.com/photo-1606474530462-8d76926720b7?auto=format&fit=crop&w=800&q=80,"Sadar Bazaar, Ghaziabad"
291,Singh's Bistro,Dehradun,Uttarakhand,Cafe / Continental,4.8 ★,600,https://images.unsplash.com/photo-1555396273-367ea4eb4db5?auto=format&fit=crop&w=800&q=80,"Ring Road, Dehradun"
292,Maharaja Table,Bengaluru,Karnataka,Fine Dining / Multi-cuisine,4.6 ★,3350,https://images.unsplash.com/photo-1555396273-367ea4eb4db5?auto=format&fit=crop&w=800&q=80,"Church Street, Bengaluru"
293,Aurangabad Bhojanalay,Aurangabad,Maharashtra,Maharashtrian / Thali,4.6 ★,650,https://images.unsplash.com/photo-1610192244261-3f33de3b55e4?auto=format&fit=crop&w=800&q=80,"Ring Road, Aurangabad"
294,Famous Brew House,Ahmedabad,Gujarat,Cafe / Continental,4.7 ★,1600,https://images.unsplash.com/photo-1555396273-367ea4eb4db5?auto=format&fit=crop&w=800&q=80,"Law Garden, Ahmedabad"
295,Royal Sea Catch,Hubballi,Karnataka,Mangalorean Seafood,4.5 ★,1500,https://images.unsplash.com/photo-1504674900247-0877df9cc836?auto=format&fit=crop&w=800&q=80,"Sadar Bazaar, Hubballi"
296,Dehradun Bistro,Dehradun,Uttarakhand,Cafe / Continental,4.2 ★,750,https://images.unsplash.com/photo-1555396273-367ea4eb4db5?auto=format&fit=crop&w=800&q=80,"Civil Lines, Dehradun"
297,Bombay Restaurant,Patna,Bihar,Fine Dining / Multi-cuisine,4.3 ★,3050,https://images.unsplash.com/photo-1555396273-367ea4eb4db5?auto=format&fit=crop&w=800&q=80,"Old City, Patna"
298,Gokul Mughal Kitchen,Srinagar,Jammu and Kashmir,Mughlai / North Indian,4.5 ★,1300,https://images.unsplash.com/photo-1555396273-367ea4eb4db5?auto=format&fit=crop&w=800&q=80,"Nehru Chowk, Srinagar"
299,Khan's Rasoi,Pune,Maharashtra,Punjabi / Dhaba,4.5 ★,900,https://images.unsplash.com/photo-1555396273-367ea4eb4db5?auto=format&fit=crop&w=800&q=80,"Shivajinagar, Pune"
300,Khan's Prawn House,Cuttack,Odisha,Odisha Seafood,4.4 ★,500,https://images.unsplash.com/photo-1504674900247-0877df9cc836?auto=format&fit=crop&w=800&q=80,"Gandhi Road, Cuttack"
301,Jodhpur Chowk,Jodhpur,Rajasthan,Street Food / Snacks,4.7 ★,150,https://images.unsplash.com/photo-1565299624946-b28f40a0ae38?auto=format&fit=crop&w=800&q=80,"Main Market, Jodhpur"
302,Star Biryani Darbar,Visakhapatnam,Andhra Pradesh,Biryani & Kebabs,4.8 ★,500,https://images.unsplash.com/photo-1606474530462-8d76926720b7?auto=format&fit=crop&w=800&q=80,"Main Market, Visakhapatnam"
303,Zaika Dairy & Sweets,Ludhiana,Punjab,Mithai & Snacks,4.8 ★,450,https://images.unsplash.com/photo-1565299624946-b28f40a0ae38?auto=format&fit=crop&w=800&q=80,"Bazaar Street, Ludhiana"
304,New Delhi Kitchen & Bar,New Delhi,Delhi,Fine Dining / Multi-cuisine,4.4 ★,2800,https://images.unsplash.com/photo-1555396273-367ea4eb4db5?auto=format&fit=crop&w=800&q=80,"Connaught Place, New Delhi"
305,Meerut Nawabi Kitchen,Meerut,Uttar Pradesh,Awadhi / Non-Veg,4.4 ★,1200,https://images.unsplash.com/photo-1606474530462-8d76926720b7?auto=format&fit=crop&w=800&q=80,"Station Road, Meerut"
306,Aurangabad Coffee Roasters,Aurangabad,Maharashtra,Parsi / Irani Cafe,4.3 ★,600,https://images.unsplash.com/photo-1555396273-367ea4eb4db5?auto=format&fit=crop&w=800&q=80,"MG Road, Aurangabad"
307,Mumbai Mandarin,Mumbai,Maharashtra,Chinese / Indo-Chinese,4.4 ★,850,https://images.unsplash.com/photo-1504674900247-0877df9cc836?auto=format&fit=crop&w=800&q=80,"Malad West, Mumbai"
308,Annapurna Biryani Darbar,Mysuru,Karnataka,Biryani & Kebabs,4.5 ★,400,https://images.unsplash.com/photo-1606474530462-8d76926720b7?auto=format&fit=crop&w=800&q=80,"Temple Road, Mysuru"
309,Thrissur Bhavan,Thrissur,Kerala,South Indian / Tiffin,4.9 ★,450,https://images.unsplash.com/photo-1589301760014-d929f3979dbc?auto=format&fit=crop&w=800&q=80,"Lake Road, Thrissur"
310,Chotu's Biryani House,Jabalpur,Madhya Pradesh,Bhopali / Non-Veg,4.6 ★,900,https://images.unsplash.com/photo-1606474530462-8d76926720b7?auto=format&fit=crop&w=800&q=80,"Station Road, Jabalpur"
311,Aroma Street Bites,Patna,Bihar,Street Food / Snacks,4.8 ★,400,https://images.unsplash.com/photo-1565299624946-b28f40a0ae38?auto=format&fit=crop&w=800&q=80,"City Centre, Patna"
312,Sharma's Signature,Indore,Madhya Pradesh,Multi-cuisine / Family,4.9 ★,1500,https://images.unsplash.com/photo-1555396273-367ea4eb4db5?auto=format&fit=crop&w=800&q=80,"MG Road, Indore"
313,Dharamshala Tadka,Dharamshala,Himachal Pradesh,Punjabi / Dhaba,4.4 ★,950,https://images.unsplash.com/photo-1555396273-367ea4eb4db5?auto=format&fit=crop&w=800&q=80,"Gandhi Road, Dharamshala"
314,Mayur Bowl,Bhubaneswar,Odisha,Pan-Asian,4.5 ★,1250,https://images.unsplash.com/photo-1555396273-367ea4eb4db5?auto=format&fit=crop&w=800&q=80,"Civil Lines, Bhubaneswar"
315,Noida Biryani House,Noida,Uttar Pradesh,Biryani & Kebabs,4.4 ★,500,https://images.unsplash.com/photo-1606474530462-8d76926720b7?auto=format&fit=crop&w=800&q=80,"Gandhi Road, Noida"
316,Moti Hakka Kitchen,Pune,Maharashtra,Chinese / Indo-Chinese,4.1 ★,1100,https://images.unsplash.com/photo-1504674900247-0877df9cc836?auto=format&fit=crop&w=800&q=80,"Koregaon Park, Pune"
317,Bengaluru Biryani Point,Bengaluru,Karnataka,Biryani & Kebabs,4.4 ★,1000,https://images.unsplash.com/photo-1606474530462-8d76926720b7?auto=format&fit=crop&w=800&q=80,"Basavanagudi, Bengaluru"
318,Panaji Trattoria,Panaji,Goa,Italian / Pizza,4.7 ★,1900,https://images.unsplash.com/photo-1555396273-367ea4eb4db5?auto=format&fit=crop&w=800&q=80,"Lake Road, Panaji"
319,Crown Tide,Tirupati,Andhra Pradesh,Coastal / Seafood,4.4 ★,1600,https://images.unsplash.com/photo-1504674900247-0877df9cc836?auto=format&fit=crop&w=800&q=80,"Temple Road, Tirupati"
320,Green Kabab Palace,Kanpur,Uttar Pradesh,Mughlai / North Indian,4.4 ★,1200,https://images.unsplash.com/photo-1555396273-367ea4eb4db5?auto=format&fit=crop&w=800&q=80,"Gandhi Road, Kanpur"
321,Kochi Bakehouse,Kochi,Kerala,Cafe / Continental,4.4 ★,950,https://images.unsplash.com/photo-1555396273-367ea4eb4db5?auto=format&fit=crop&w=800&q=80,"Civil Lines, Kochi"
322,Desi Da Dhaba,Chandigarh,Chandigarh,North Indian / Tandoor,4.5 ★,900,https://images.unsplash.com/photo-1555396273-367ea4eb4db5?auto=format&fit=crop&w=800&q=80,"Civil Lines, Chandigarh"
323,Chotu's Dosa Corner,Madurai,Tamil Nadu,South Indian / Traditional,4.1 ★,300,https://images.unsplash.com/photo-1589301760014-d929f3979dbc?auto=format&fit=crop&w=800&q=80,"Bazaar Street, Madurai"
324,Jai Bhavan,Madurai,Tamil Nadu,South Indian / Traditional,4.7 ★,600,https://images.unsplash.com/photo-1589301760014-d929f3979dbc?auto=format&fit=crop&w=800&q=80,"Civil Lines, Madurai"
325,Golden Idli House,Salem,Tamil Nadu,South Indian / Traditional,4.6 ★,500,https://images.unsplash.com/photo-1589301760014-d929f3979dbc?auto=format&fit=crop&w=800&q=80,"Civil Lines, Salem"
326,Puri Coastal Kitchen,Puri,Odisha,Odisha Seafood,4.5 ★,600,https://images.unsplash.com/photo-1504674900247-0877df9cc836?auto=format&fit=crop&w=800&q=80,"Ring Road, Puri"
327,Iyer's Cafe,Dehradun,Uttarakhand,Cafe / Continental,4.5 ★,1500,https://images.unsplash.com/photo-1555396273-367ea4eb4db5?auto=format&fit=crop&w=800&q=80,"Sadar Bazaar, Dehradun"
328,Lazeez Biryani Kitchen,Chennai,Tamil Nadu,Biryani & Kebabs,4.7 ★,950,https://images.unsplash.com/photo-1606474530462-8d76926720b7?auto=format&fit=crop&w=800&q=80,"Mylapore, Chennai"
329,Prayagraj Namkeen Corner,Prayagraj,Uttar Pradesh,Mithai & Snacks,4.3 ★,200,https://images.unsplash.com/photo-1565299624946-b28f40a0ae38?auto=format&fit=crop&w=800&q=80,"Old City, Prayagraj"
330,Urban Fine Dining,Mumbai,Maharashtra,Fine Dining / Multi-cuisine,4.8 ★,2450,https://images.unsplash.com/photo-1555396273-367ea4eb4db5?auto=format&fit=crop&w=800&q=80,"Bandra West, Mumbai"
331,Green Tadka,Ranchi,Jharkhand,Punjabi / Dhaba,4.9 ★,900,https://images.unsplash.com/photo-1555396273-367ea4eb4db5?auto=format&fit=crop&w=800&q=80,"Gandhi Road, Ranchi"
332,New Wok,Udaipur,Rajasthan,Chinese / Indo-Chinese,4.5 ★,750,https://images.unsplash.com/photo-1504674900247-0877df9cc836?auto=format&fit=crop&w=800&q=80,"Station Road, Udaipur"
333,Rangoli Bakehouse,Delhi,Delhi,Bakery & Cafe,4.6 ★,850,https://images.unsplash.com/photo-1555396273-367ea4eb4db5?auto=format&fit=crop&w=800&q=80,"Greater Kailash, Delhi"
334,Amritsar Bakehouse,Amritsar,Punjab,Cafe / Continental,4.3 ★,1400,https://images.unsplash.com/photo-1555396273-367ea4eb4db5?auto=format&fit=crop&w=800&q=80,"Bus Stand Road, Amritsar"
335,Kesar Signature,Hyderabad,Telangana,Fine Dining / Multi-cuisine,4.4 ★,3250,https://images.unsplash.com/photo-1555396273-367ea4eb4db5?auto=format&fit=crop&w=800&q=80,"Begumpet, Hyderabad"
336,Green Udupi Kitchen,Mysuru,Karnataka,South Indian / Traditional,4.7 ★,350,https://images.unsplash.com/photo-1589301760014-d929f3979dbc?auto=format&fit=crop&w=800&q=80,"Ring Road, Mysuru"
337,Khan's Sweets & Snacks,Udaipur,Rajasthan,Mithai & Snacks,4.6 ★,400,https://images.unsplash.com/photo-1565299624946-b28f40a0ae38?auto=format&fit=crop&w=800&q=80,"Sadar Bazaar, Udaipur"
338,Green Coffee Roasters,Thanjavur,Tamil Nadu,Cafe / Continental,4.7 ★,950,https://images.unsplash.com/photo-1555396273-367ea4eb4db5?auto=format&fit=crop&w=800&q=80,"Old City, Thanjavur"
339,Zaika Osteria,Panaji,Goa,Italian / Pizza,4.7 ★,1200,https://images.unsplash.com/photo-1555396273-367ea4eb4db5?auto=format&fit=crop&w=800&q=80,"City Centre, Panaji"
340,Masala Restaurant,Lucknow,Uttar Pradesh,Fine Dining / Multi-cuisine,4.6 ★,3400,https://images.unsplash.com/photo-1555396273-367ea4eb4db5?auto=format&fit=crop&w=800&q=80,"Gomti Nagar, Lucknow"
341,Shan-e Coffee Roasters,New Delhi,Delhi,Bakery & Cafe,4.4 ★,750,https://images.unsplash.com/photo-1555396273-367ea4eb4db5?auto=format&fit=crop&w=800&q=80,"Chandni Chowk, New Delhi"
342,Shan-e Kitchen,Kolkata,West Bengal,Northeast / Momos,4.7 ★,300,https://images.unsplash.com/photo-1565299624946-b28f40a0ae38?auto=format&fit=crop&w=800&q=80,"Salt Lake, Kolkata"
343,Aroma Rasoi,Agra,Uttar Pradesh,North Indian / Tandoor,4.7 ★,700,https://images.unsplash.com/photo-1555396273-367ea4eb4db5?auto=format&fit=crop&w=800&q=80,"Old City, Agra"
344,Dibrugarh Thali House,Dibrugarh,Assam,Assamese Thali,4.3 ★,900,https://images.unsplash.com/photo-1610192244261-3f33de3b55e4?auto=format&fit=crop&w=800&q=80,"Ring Road, Dibrugarh"
345,Sunrise Tiffin Room,Bengaluru,Karnataka,Filter Coffee & Tiffin,4.9 ★,450,https://images.unsplash.com/photo-1589301760014-d929f3979dbc?auto=format&fit=crop&w=800&q=80,"Koramangala, Bengaluru"
346,Kochi Thali House,Kochi,Kerala,Kerala Meals / Sadya,4.7 ★,450,https://images.unsplash.com/photo-1610192244261-3f33de3b55e4?auto=format&fit=crop&w=800&q=80,"Temple Road, Kochi"
347,Shree Table,Lucknow,Uttar Pradesh,Cafe / Continental,4.2 ★,1100,https://images.unsplash.com/photo-1555396273-367ea4eb4db5?auto=format&fit=crop&w=800&q=80,"Chowk, Lucknow"
348,Tasty Da Dhaba,Delhi,Delhi,Punjabi / Dhaba,4.2 ★,500,https://images.unsplash.com/photo-1555396273-367ea4eb4db5?auto=format&fit=crop&w=800&q=80,"Nizamuddin, Delhi"
349,Aroma Cafe,Surat,Gujarat,Cafe / Continental,4.2 ★,1500,https://images.unsplash.com/photo-1555396273-367ea4eb4db5?auto=format&fit=crop&w=800&q=80,"Ring Road, Surat"
350,Lucknow Dragon,Lucknow,Uttar Pradesh,Chinese / Indo-Chinese,4.3 ★,550,https://images.unsplash.com/photo-1504674900247-0877df9cc836?auto=format&fit=crop&w=800&q=80,"Gomti Nagar, Lucknow"
351,Bhopal Kitchen,Bhopal,Madhya Pradesh,Punjabi / Dhaba,4.5 ★,800,https://images.unsplash.com/photo-1555396273-367ea4eb4db5?auto=format&fit=crop&w=800&q=80,"Civil Lines, Bhopal"
352,Crown Kitchen & Bar,Kolkata,West Bengal,Bakery & Cafe,4.3 ★,500,https://images.unsplash.com/photo-1555396273-367ea4eb4db5?auto=format&fit=crop&w=800&q=80,"Salt Lake, Kolkata"
353,Saffron Cafe & Kitchen,Jodhpur,Rajasthan,Cafe / Continental,4.9 ★,800,https://images.unsplash.com/photo-1555396273-367ea4eb4db5?auto=format&fit=crop&w=800&q=80,"Bazaar Street, Jodhpur"
354,Hyderabad Bakehouse,Hyderabad,Telangana,Cafe / Continental,4.4 ★,1400,https://images.unsplash.com/photo-1555396273-367ea4eb4db5?auto=format&fit=crop&w=800&q=80,"Secunderabad, Hyderabad"
355,Khan's Cafe,Manali,Himachal Pradesh,Tibetan / Momos,4.9 ★,350,https://images.unsplash.com/photo-1565299624946-b28f40a0ae38?auto=format&fit=crop&w=800&q=80,"Nehru Chowk, Manali"
356,Star Osteria,Jaipur,Rajasthan,Italian / Pizza,4.6 ★,1000,https://images.unsplash.com/photo-1555396273-367ea4eb4db5?auto=format&fit=crop&w=800&q=80,"Johari Bazaar, Jaipur"
357,Jai Kabab Palace,Noida,Uttar Pradesh,Awadhi / Non-Veg,4.5 ★,550,https://images.unsplash.com/photo-1606474530462-8d76926720b7?auto=format&fit=crop&w=800&q=80,"MG Road, Noida"
358,Aroma Signature,Dehradun,Uttarakhand,Multi-cuisine / Family,4.7 ★,1000,https://images.unsplash.com/photo-1555396273-367ea4eb4db5?auto=format&fit=crop&w=800&q=80,"Temple Road, Dehradun"
359,Patel's Snack Point,Kota,Rajasthan,Street Food / Snacks,4.8 ★,200,https://images.unsplash.com/photo-1565299624946-b28f40a0ae38?auto=format&fit=crop&w=800&q=80,"Nehru Chowk, Kota"
360,Masala Bhojanalay,Udaipur,Rajasthan,Laal Maas / Rajasthani Non-Veg,4.2 ★,600,https://images.unsplash.com/photo-1504674900247-0877df9cc836?auto=format&fit=crop&w=800&q=80,"City Centre, Udaipur"
361,Iyer's Filter Coffee House,Guntur,Andhra Pradesh,South Indian / Tiffin,4.6 ★,250,https://images.unsplash.com/photo-1589301760014-d929f3979dbc?auto=format&fit=crop&w=800&q=80,"MG Road, Guntur"
362,Delhi Kebab Corner,Delhi,Delhi,Kebabs & Biryani,4.1 ★,1050,https://images.unsplash.com/photo-1606474530462-8d76926720b7?auto=format&fit=crop&w=800&q=80,"Chandni Chowk, Delhi"
363,Star Coffee Roasters,Margao,Goa,Cafe / Continental,4.7 ★,800,https://images.unsplash.com/photo-1555396273-367ea4eb4db5?auto=format&fit=crop&w=800&q=80,"Bazaar Street, Margao"
364,Nagpur Thali House,Nagpur,Maharashtra,Maharashtrian / Thali,4.8 ★,800,https://images.unsplash.com/photo-1610192244261-3f33de3b55e4?auto=format&fit=crop&w=800&q=80,"MG Road, Nagpur"
365,Gupta's Darbar,Solapur,Maharashtra,Mughlai / North Indian,4.7 ★,1150,https://images.unsplash.com/photo-1555396273-367ea4eb4db5?auto=format&fit=crop&w=800&q=80,"MG Road, Solapur"
366,Ludhiana Restaurant,Ludhiana,Punjab,Fine Dining / Multi-cuisine,4.5 ★,3150,https://images.unsplash.com/photo-1555396273-367ea4eb4db5?auto=format&fit=crop&w=800&q=80,"Temple Road, Ludhiana"
367,Spice Filter Coffee House,Coimbatore,Tamil Nadu,South Indian / Traditional,4.9 ★,500,https://images.unsplash.com/photo-1589301760014-d929f3979dbc?auto=format&fit=crop&w=800&q=80,"Civil Lines, Coimbatore"
368,Noida Darbar,Noida,Uttar Pradesh,Awadhi / Non-Veg,4.0 ★,700,https://images.unsplash.com/photo-1606474530462-8d76926720b7?auto=format&fit=crop&w=800&q=80,"Civil Lines, Noida"
369,Chennai Bistro,Chennai,Tamil Nadu,Italian / Pizza,4.3 ★,1250,https://images.unsplash.com/photo-1555396273-367ea4eb4db5?auto=format&fit=crop&w=800&q=80,"T Nagar, Chennai"
370,Nawab Catch of the Day,Madurai,Tamil Nadu,Coastal / Seafood,4.3 ★,1300,https://images.unsplash.com/photo-1504674900247-0877df9cc836?auto=format&fit=crop&w=800&q=80,"Ring Road, Madurai"
371,Gokul Wok,Panaji,Goa,Chinese / Indo-Chinese,4.1 ★,600,https://images.unsplash.com/photo-1504674900247-0877df9cc836?auto=format&fit=crop&w=800&q=80,"Civil Lines, Panaji"
372,Annapurna Cafe,Jodhpur,Rajasthan,Cafe / Continental,4.2 ★,900,https://images.unsplash.com/photo-1555396273-367ea4eb4db5?auto=format&fit=crop&w=800&q=80,"Lake Road, Jodhpur"
373,Zaika Bistro,Pune,Maharashtra,Parsi / Irani Cafe,4.5 ★,900,https://images.unsplash.com/photo-1555396273-367ea4eb4db5?auto=format&fit=crop&w=800&q=80,"Shivajinagar, Pune"
374,Guwahati Cafe & Kitchen,Guwahati,Assam,Bakery & Cafe,4.5 ★,600,https://images.unsplash.com/photo-1555396273-367ea4eb4db5?auto=format&fit=crop&w=800&q=80,"City Centre, Guwahati"
375,Chotu's Bistro,Kolkata,West Bengal,Italian / Pizza,4.3 ★,1100,https://images.unsplash.com/photo-1555396273-367ea4eb4db5?auto=format&fit=crop&w=800&q=80,"Esplanade, Kolkata"
376,Rangoli Brew House,Noida,Uttar Pradesh,Bakery & Cafe,4.3 ★,550,https://images.unsplash.com/photo-1555396273-367ea4eb4db5?auto=format&fit=crop&w=800&q=80,"Main Market, Noida"
377,Pune Bakehouse,Pune,Maharashtra,Parsi / Irani Cafe,4.5 ★,800,https://images.unsplash.com/photo-1555396273-367ea4eb4db5?auto=format&fit=crop&w=800&q=80,"Baner, Pune"
378,Crown Pan Asia,Bhopal,Madhya Pradesh,Pan-Asian,4.6 ★,1100,https://images.unsplash.com/photo-1555396273-367ea4eb4db5?auto=format&fit=crop&w=800&q=80,"Station Road, Bhopal"
379,Swad Chowk,Vadodara,Gujarat,Street Food / Snacks,4.4 ★,250,https://images.unsplash.com/photo-1565299624946-b28f40a0ae38?auto=format&fit=crop&w=800&q=80,"Nehru Chowk, Vadodara"
380,Gupta's Bhojanalay,Bikaner,Rajasthan,Rajasthani Thali,4.3 ★,1300,https://images.unsplash.com/photo-1610192244261-3f33de3b55e4?auto=format&fit=crop&w=800&q=80,"Bazaar Street, Bikaner"
381,Sai Noodle House,Chennai,Tamil Nadu,Chinese / Indo-Chinese,4.1 ★,650,https://images.unsplash.com/photo-1504674900247-0877df9cc836?auto=format&fit=crop&w=800&q=80,"Besant Nagar, Chennai"
382,Ganga Kitchen & Bar,Jodhpur,Rajasthan,Cafe / Continental,4.4 ★,650,https://images.unsplash.com/photo-1555396273-367ea4eb4db5?auto=format&fit=crop&w=800&q=80,"City Centre, Jodhpur"
383,Jodhpur Dawat,Jodhpur,Rajasthan,Biryani & Kebabs,4.4 ★,450,https://images.unsplash.com/photo-1606474530462-8d76926720b7?auto=format&fit=crop&w=800&q=80,"Bazaar Street, Jodhpur"
384,Haridwar Tadka,Haridwar,Uttarakhand,Punjabi / Dhaba,4.9 ★,650,https://images.unsplash.com/photo-1555396273-367ea4eb4db5?auto=format&fit=crop&w=800&q=80,"Ring Road, Haridwar"
385,Bombay Namkeen Corner,Rajkot,Gujarat,Mithai & Snacks,4.4 ★,500,https://images.unsplash.com/photo-1565299624946-b28f40a0ae38?auto=format&fit=crop&w=800&q=80,"Sadar Bazaar, Rajkot"
386,Sri Krishna Biryani Bazaar,Visakhapatnam,Andhra Pradesh,Biryani & Kebabs,4.3 ★,700,https://images.unsplash.com/photo-1606474530462-8d76926720b7?auto=format&fit=crop&w=800&q=80,"Temple Road, Visakhapatnam"
387,Shiv Dawat,Dibrugarh,Assam,Biryani & Kebabs,4.5 ★,750,https://images.unsplash.com/photo-1606474530462-8d76926720b7?auto=format&fit=crop&w=800&q=80,"Nehru Chowk, Dibrugarh"
388,New Village Dining,Surat,Gujarat,Gujarati Thali,4.6 ★,900,https://images.unsplash.com/photo-1610192244261-3f33de3b55e4?auto=format&fit=crop&w=800&q=80,"Gandhi Road, Surat"
389,Lucknow Fine Dining,Lucknow,Uttar Pradesh,Fine Dining / Multi-cuisine,4.5 ★,2150,https://images.unsplash.com/photo-1555396273-367ea4eb4db5?auto=format&fit=crop&w=800&q=80,"Alambagh, Lucknow"
390,Golden Catch of the Day,Nagpur,Maharashtra,Malvani / Seafood,4.4 ★,1100,https://images.unsplash.com/photo-1504674900247-0877df9cc836?auto=format&fit=crop&w=800&q=80,"Sadar Bazaar, Nagpur"
391,Kochi Kitchen,Kochi,Kerala,Kerala Meals / Sadya,4.5 ★,800,https://images.unsplash.com/photo-1610192244261-3f33de3b55e4?auto=format&fit=crop&w=800&q=80,"Civil Lines, Kochi"
392,Raipur Chowk,Raipur,Chhattisgarh,Street Food / Snacks,4.5 ★,300,https://images.unsplash.com/photo-1565299624946-b28f40a0ae38?auto=format&fit=crop&w=800&q=80,"Gandhi Road, Raipur"
393,Sunrise Thali House,Surat,Gujarat,Gujarati / Farsan,4.3 ★,550,https://images.unsplash.com/photo-1610192244261-3f33de3b55e4?auto=format&fit=crop&w=800&q=80,"Civil Lines, Surat"
394,Bengaluru Cafe,Bengaluru,Karnataka,Cafe / Continental,4.5 ★,900,https://images.unsplash.com/photo-1555396273-367ea4eb4db5?auto=format&fit=crop&w=800&q=80,"Malleshwaram, Bengaluru"
395,Mumbai Table,Mumbai,Maharashtra,Cafe / Continental,4.5 ★,750,https://images.unsplash.com/photo-1555396273-367ea4eb4db5?auto=format&fit=crop&w=800&q=80,"Fort, Mumbai"
396,Margao Brew House,Margao,Goa,Cafe / Continental,4.6 ★,1300,https://images.unsplash.com/photo-1555396273-367ea4eb4db5?auto=format&fit=crop&w=800&q=80,"MG Road, Margao"
397,Urban Biryani House,Delhi,Delhi,Mughlai / North Indian,4.7 ★,650,https://images.unsplash.com/photo-1555396273-367ea4eb4db5?auto=format&fit=crop&w=800&q=80,"Connaught Place, Delhi"
398,Ranchi Rasoi,Ranchi,Jharkhand,Punjabi / Dhaba,4.4 ★,1000,https://images.unsplash.com/photo-1555396273-367ea4eb4db5?auto=format&fit=crop&w=800&q=80,"Main Market, Ranchi"
399,Patna Tandoor House,Patna,Bihar,Punjabi / Dhaba,4.2 ★,450,https://images.unsplash.com/photo-1555396273-367ea4eb4db5?auto=format&fit=crop&w=800&q=80,"MG Road, Patna"
400,Jodhpur Bhojanalay,Jodhpur,Rajasthan,Rajasthani Thali,4.7 ★,1700,https://images.unsplash.com/photo-1610192244261-3f33de3b55e4?auto=format&fit=crop&w=800&q=80,"Sadar Bazaar, Jodhpur"
401,Gupta's Bakehouse,Bengaluru,Karnataka,Cafe / Continental,4.7 ★,1250,https://images.unsplash.com/photo-1555396273-367ea4eb4db5?auto=format&fit=crop&w=800&q=80,"Church Street, Bengaluru"
402,Aroma Dastarkhwan,Jabalpur,Madhya Pradesh,Bhopali / Non-Veg,4.4 ★,700,https://images.unsplash.com/photo-1606474530462-8d76926720b7?auto=format&fit=crop&w=800&q=80,"Main Market, Jabalpur"
403,Shiv Bistro,Hyderabad,Telangana,Cafe / Continental,4.8 ★,700,https://images.unsplash.com/photo-1555396273-367ea4eb4db5?auto=format&fit=crop&w=800&q=80,"Madhapur, Hyderabad"
404,Nair's Mughal Kitchen,Aurangabad,Maharashtra,Mughlai / North Indian,4.8 ★,1250,https://images.unsplash.com/photo-1555396273-367ea4eb4db5?auto=format&fit=crop&w=800&q=80,"Station Road, Aurangabad"
405,Gurugram Slice,Gurugram,Haryana,Italian / Pizza,4.5 ★,800,https://images.unsplash.com/photo-1555396273-367ea4eb4db5?auto=format&fit=crop&w=800&q=80,"Old City, Gurugram"
406,Green Kitchen & Bar,Dehradun,Uttarakhand,Multi-cuisine / Family,4.1 ★,600,https://images.unsplash.com/photo-1555396273-367ea4eb4db5?auto=format&fit=crop&w=800&q=80,"MG Road, Dehradun"
407,Crown Chopsticks,Delhi,Delhi,Pan-Asian,4.5 ★,2000,https://images.unsplash.com/photo-1555396273-367ea4eb4db5?auto=format&fit=crop&w=800&q=80,"Hauz Khas Village, Delhi"
408,Kesar Dining,Nashik,Maharashtra,Multi-cuisine / Family,4.3 ★,850,https://images.unsplash.com/photo-1555396273-367ea4eb4db5?auto=format&fit=crop&w=800&q=80,"MG Road, Nashik"
409,Mumbai Rasoi,Mumbai,Maharashtra,Punjabi / Dhaba,4.8 ★,1050,https://images.unsplash.com/photo-1555396273-367ea4eb4db5?auto=format&fit=crop&w=800&q=80,"Lower Parel, Mumbai"
410,Lucknow Restaurant,Lucknow,Uttar Pradesh,Fine Dining / Multi-cuisine,4.9 ★,2750,https://images.unsplash.com/photo-1555396273-367ea4eb4db5?auto=format&fit=crop&w=800&q=80,"Aminabad, Lucknow"
411,Masala Pasta House,New Delhi,Delhi,Italian / Pizza,4.2 ★,1000,https://images.unsplash.com/photo-1555396273-367ea4eb4db5?auto=format&fit=crop&w=800&q=80,"Nizamuddin, New Delhi"
412,Mathura Biryani House,Mathura,Uttar Pradesh,Mughlai / North Indian,4.4 ★,1350,https://images.unsplash.com/photo-1555396273-367ea4eb4db5?auto=format&fit=crop&w=800&q=80,"Civil Lines, Mathura"
413,Kolkata Darbar,Kolkata,West Bengal,Mughlai / North Indian,4.6 ★,650,https://images.unsplash.com/photo-1555396273-367ea4eb4db5?auto=format&fit=crop&w=800&q=80,"Camac Street, Kolkata"
414,Faridabad Tadka,Faridabad,Haryana,Punjabi / Dhaba,4.2 ★,1000,https://images.unsplash.com/photo-1555396273-367ea4eb4db5?auto=format&fit=crop&w=800&q=80,"MG Road, Faridabad"
415,Classic Restaurant,Rajkot,Gujarat,Multi-cuisine / Family,4.2 ★,700,https://images.unsplash.com/photo-1555396273-367ea4eb4db5?auto=format&fit=crop&w=800&q=80,"Civil Lines, Rajkot"
416,Kolkata Chopsticks,Kolkata,West Bengal,Chinese / Indo-Chinese,4.3 ★,450,https://images.unsplash.com/photo-1504674900247-0877df9cc836?auto=format&fit=crop&w=800&q=80,"New Market, Kolkata"
417,Sri Krishna Dastarkhwan,Kanpur,Uttar Pradesh,Awadhi / Non-Veg,4.6 ★,750,https://images.unsplash.com/photo-1606474530462-8d76926720b7?auto=format&fit=crop&w=800&q=80,"MG Road, Kanpur"
418,Sunrise Noodle House,Kolkata,West Bengal,Indo-Chinese / Kolkata,4.6 ★,1000,https://images.unsplash.com/photo-1504674900247-0877df9cc836?auto=format&fit=crop&w=800&q=80,"Ballygunge, Kolkata"
419,Rangoli Kitchen,Nainital,Uttarakhand,Pahadi / Uttarakhandi,4.3 ★,300,https://images.unsplash.com/photo-1610192244261-3f33de3b55e4?auto=format&fit=crop&w=800&q=80,"Ring Road, Nainital"
420,Annapurna Kitchen,Nashik,Maharashtra,Maharashtrian / Thali,4.5 ★,600,https://images.unsplash.com/photo-1610192244261-3f33de3b55e4?auto=format&fit=crop&w=800&q=80,"Bus Stand Road, Nashik"
421,Singh's Bakehouse,New Delhi,Delhi,Bakery & Cafe,4.3 ★,750,https://images.unsplash.com/photo-1555396273-367ea4eb4db5?auto=format&fit=crop&w=800&q=80,"Karol Bagh, New Delhi"
422,Patel's Mess,Manali,Himachal Pradesh,Himachali / Pahadi,4.7 ★,350,https://images.unsplash.com/photo-1610192244261-3f33de3b55e4?auto=format&fit=crop&w=800&q=80,"Lake Road, Manali"
423,Masala Mughal Kitchen,Jabalpur,Madhya Pradesh,Bhopali / Non-Veg,4.8 ★,850,https://images.unsplash.com/photo-1606474530462-8d76926720b7?auto=format&fit=crop&w=800&q=80,"Bus Stand Road, Jabalpur"
424,Tasty Signature,Kolkata,West Bengal,Fine Dining / Multi-cuisine,4.3 ★,3800,https://images.unsplash.com/photo-1555396273-367ea4eb4db5?auto=format&fit=crop&w=800&q=80,"Bhowanipore, Kolkata"
425,Lazeez Bhojanalaya,Srinagar,Jammu and Kashmir,Punjabi / Dhaba,4.4 ★,1000,https://images.unsplash.com/photo-1555396273-367ea4eb4db5?auto=format&fit=crop&w=800&q=80,"Lake Road, Srinagar"
426,Tasty Handi,Kozhikode,Kerala,Biryani & Kebabs,4.7 ★,600,https://images.unsplash.com/photo-1606474530462-8d76926720b7?auto=format&fit=crop&w=800&q=80,"Station Road, Kozhikode"
427,Prayagraj Sweets & Snacks,Prayagraj,Uttar Pradesh,Mithai & Snacks,4.7 ★,200,https://images.unsplash.com/photo-1565299624946-b28f40a0ae38?auto=format&fit=crop&w=800&q=80,"Old City, Prayagraj"
428,Famous Pan Asia,Vadodara,Gujarat,Pan-Asian,4.9 ★,1100,https://images.unsplash.com/photo-1555396273-367ea4eb4db5?auto=format&fit=crop&w=800&q=80,"Old City, Vadodara"
429,Royal Snack Point,Lucknow,Uttar Pradesh,Banarasi / Chaat,4.7 ★,200,https://images.unsplash.com/photo-1565299624946-b28f40a0ae38?auto=format&fit=crop&w=800&q=80,"Aminabad, Lucknow"
430,Iyer's Thela,Jamshedpur,Jharkhand,Bihari / Litti Chokha,4.4 ★,250,https://images.unsplash.com/photo-1565299624946-b28f40a0ae38?auto=format&fit=crop&w=800&q=80,"Main Market, Jamshedpur"
431,Mussoorie Tadka,Mussoorie,Uttarakhand,Punjabi / Dhaba,4.4 ★,450,https://images.unsplash.com/photo-1555396273-367ea4eb4db5?auto=format&fit=crop&w=800&q=80,"Old City, Mussoorie"
432,Shree Cafe,Bhubaneswar,Odisha,Bakery & Cafe,4.8 ★,650,https://images.unsplash.com/photo-1555396273-367ea4eb4db5?auto=format&fit=crop&w=800&q=80,"Sadar Bazaar, Bhubaneswar"
433,Ludhiana Sweet House,Ludhiana,Punjab,Mithai & Snacks,4.9 ★,500,https://images.unsplash.com/photo-1565299624946-b28f40a0ae38?auto=format&fit=crop&w=800&q=80,"Nehru Chowk, Ludhiana"
434,Ludhiana Pan Asia,Ludhiana,Punjab,Pan-Asian,4.9 ★,2600,https://images.unsplash.com/photo-1555396273-367ea4eb4db5?auto=format&fit=crop&w=800&q=80,"Main Market, Ludhiana"
435,Chotu's Table,Guwahati,Assam,Northeast / Momos,4.8 ★,450,https://images.unsplash.com/photo-1565299624946-b28f40a0ae38?auto=format&fit=crop&w=800&q=80,"Nehru Chowk, Guwahati"
436,Patel's Mandarin,Bhubaneswar,Odisha,Chinese / Indo-Chinese,4.4 ★,750,https://images.unsplash.com/photo-1504674900247-0877df9cc836?auto=format&fit=crop&w=800&q=80,"Main Market, Bhubaneswar"
437,Golden Kitchen & Bar,Gurugram,Haryana,Fine Dining / Multi-cuisine,4.5 ★,2300,https://images.unsplash.com/photo-1555396273-367ea4eb4db5?auto=format&fit=crop&w=800&q=80,"Ring Road, Gurugram"
438,Mayur Osteria,Bhubaneswar,Odisha,Italian / Pizza,4.3 ★,1000,https://images.unsplash.com/photo-1555396273-367ea4eb4db5?auto=format&fit=crop&w=800&q=80,"Station Road, Bhubaneswar"
439,Rangoli Fish Thali House,Guntur,Andhra Pradesh,Coastal / Seafood,4.6 ★,1300,https://images.unsplash.com/photo-1504674900247-0877df9cc836?auto=format&fit=crop&w=800&q=80,"Station Road, Guntur"
440,Bengaluru Table,Bengaluru,Karnataka,Bakery & Cafe,4.9 ★,450,https://images.unsplash.com/photo-1555396273-367ea4eb4db5?auto=format&fit=crop&w=800&q=80,"Rajajinagar, Bengaluru"
441,Sharma's Idli House,Salem,Tamil Nadu,Chettinad / South Indian,4.7 ★,900,https://images.unsplash.com/photo-1555396273-367ea4eb4db5?auto=format&fit=crop&w=800&q=80,"Gandhi Road, Salem"
442,Spice Coffee Roasters,Aurangabad,Maharashtra,Cafe / Continental,4.1 ★,1150,https://images.unsplash.com/photo-1555396273-367ea4eb4db5?auto=format&fit=crop&w=800&q=80,"Bazaar Street, Aurangabad"
443,Gokul Sea Catch,Kozhikode,Kerala,Malabar / Kerala Seafood,4.2 ★,750,https://images.unsplash.com/photo-1504674900247-0877df9cc836?auto=format&fit=crop&w=800&q=80,"Bazaar Street, Kozhikode"
444,Tasty Kitchen,Gaya,Bihar,Punjabi / Dhaba,4.7 ★,700,https://images.unsplash.com/photo-1555396273-367ea4eb4db5?auto=format&fit=crop&w=800&q=80,"Sadar Bazaar, Gaya"
445,Delhi Pizzeria,Delhi,Delhi,Italian / Pizza,4.5 ★,1700,https://images.unsplash.com/photo-1555396273-367ea4eb4db5?auto=format&fit=crop&w=800&q=80,"Karol Bagh, Delhi"
446,Kochi Hakka Kitchen,Kochi,Kerala,Pan-Asian,4.5 ★,2250,https://images.unsplash.com/photo-1555396273-367ea4eb4db5?auto=format&fit=crop&w=800&q=80,"Bazaar Street, Kochi"
447,Gwalior Nawabi Kitchen,Gwalior,Madhya Pradesh,Bhopali / Non-Veg,4.6 ★,500,https://images.unsplash.com/photo-1606474530462-8d76926720b7?auto=format&fit=crop&w=800&q=80,"Gandhi Road, Gwalior"
448,Sunrise Cafe & Kitchen,Mumbai,Maharashtra,Cafe / Continental,4.6 ★,1400,https://images.unsplash.com/photo-1555396273-367ea4eb4db5?auto=format&fit=crop&w=800&q=80,"Chembur, Mumbai"
449,Jalandhar Namkeen Corner,Jalandhar,Punjab,Mithai & Snacks,4.8 ★,400,https://images.unsplash.com/photo-1565299624946-b28f40a0ae38?auto=format&fit=crop&w=800&q=80,"Old City, Jalandhar"
450,Aroma Prawn House,Margao,Goa,Coastal / Seafood,4.7 ★,700,https://images.unsplash.com/photo-1504674900247-0877df9cc836?auto=format&fit=crop&w=800&q=80,"MG Road, Margao"
451,Mayur Wok,Bengaluru,Karnataka,Pan-Asian,4.3 ★,2150,https://images.unsplash.com/photo-1555396273-367ea4eb4db5?auto=format&fit=crop&w=800&q=80,"Indiranagar, Bengaluru"
452,Classic Fish Thali House,Mysuru,Karnataka,Mangalorean Seafood,4.4 ★,900,https://images.unsplash.com/photo-1504674900247-0877df9cc836?auto=format&fit=crop&w=800&q=80,"Sadar Bazaar, Mysuru"
453,Shree Fish Thali House,Margao,Goa,Goan Seafood,4.1 ★,1150,https://images.unsplash.com/photo-1504674900247-0877df9cc836?auto=format&fit=crop&w=800&q=80,"Ring Road, Margao"
454,Sri Krishna Handi,Udaipur,Rajasthan,Biryani & Kebabs,4.9 ★,800,https://images.unsplash.com/photo-1606474530462-8d76926720b7?auto=format&fit=crop&w=800&q=80,"Temple Road, Udaipur"
455,Spice Bhandar,Amritsar,Punjab,Mithai & Snacks,4.7 ★,450,https://images.unsplash.com/photo-1565299624946-b28f40a0ae38?auto=format&fit=crop&w=800&q=80,"Bus Stand Road, Amritsar"
456,Original Dosa Corner,Guntur,Andhra Pradesh,South Indian / Tiffin,4.7 ★,250,https://images.unsplash.com/photo-1589301760014-d929f3979dbc?auto=format&fit=crop&w=800&q=80,"Ring Road, Guntur"
457,New Delhi Nawabi Kitchen,New Delhi,Delhi,Mughlai / North Indian,4.5 ★,1500,https://images.unsplash.com/photo-1555396273-367ea4eb4db5?auto=format&fit=crop&w=800&q=80,"Greater Kailash, New Delhi"
458,Gupta's Dhaba,Gurugram,Haryana,Punjabi / Dhaba,4.1 ★,950,https://images.unsplash.com/photo-1555396273-367ea4eb4db5?auto=format&fit=crop&w=800&q=80,"Station Road, Gurugram"
459,Gokul Tadka,Prayagraj,Uttar Pradesh,North Indian / Tandoor,4.4 ★,1600,https://images.unsplash.com/photo-1555396273-367ea4eb4db5?auto=format&fit=crop&w=800&q=80,"Gandhi Road, Prayagraj"
460,Hyderabad Biryani House,Hyderabad,Telangana,Kebabs & Biryani,4.6 ★,450,https://images.unsplash.com/photo-1606474530462-8d76926720b7?auto=format&fit=crop&w=800&q=80,"Begumpet, Hyderabad"
461,Crown Chaat House,Rajkot,Gujarat,Street Food / Snacks,4.9 ★,150,https://images.unsplash.com/photo-1565299624946-b28f40a0ae38?auto=format&fit=crop&w=800&q=80,"Nehru Chowk, Rajkot"
462,Classic Mandarin,Ranchi,Jharkhand,Pan-Asian,4.5 ★,1800,https://images.unsplash.com/photo-1555396273-367ea4eb4db5?auto=format&fit=crop&w=800&q=80,"Old City, Ranchi"
463,Swad Dastarkhwan,Warangal,Telangana,Hyderabadi / Mughlai,4.5 ★,900,https://images.unsplash.com/photo-1606474530462-8d76926720b7?auto=format&fit=crop&w=800&q=80,"Bazaar Street, Warangal"
464,Nawab Thela,Bhopal,Madhya Pradesh,Malwa / Poha-Jalebi,4.3 ★,200,https://images.unsplash.com/photo-1565299624946-b28f40a0ae38?auto=format&fit=crop&w=800&q=80,"MG Road, Bhopal"
465,New Noodle House,Mumbai,Maharashtra,Chinese / Indo-Chinese,4.4 ★,500,https://images.unsplash.com/photo-1504674900247-0877df9cc836?auto=format&fit=crop&w=800&q=80,"Chembur, Mumbai"
466,Classic Dining,Lucknow,Uttar Pradesh,Fine Dining / Multi-cuisine,4.5 ★,3350,https://images.unsplash.com/photo-1555396273-367ea4eb4db5?auto=format&fit=crop&w=800&q=80,"Hazratganj, Lucknow"
467,Original Da Dhaba,Gurugram,Haryana,Punjabi / Dhaba,4.1 ★,850,https://images.unsplash.com/photo-1555396273-367ea4eb4db5?auto=format&fit=crop&w=800&q=80,"Nehru Chowk, Gurugram"
468,Bhubaneswar Dining Hall,Bhubaneswar,Odisha,Odia Thali,4.3 ★,650,https://images.unsplash.com/photo-1610192244261-3f33de3b55e4?auto=format&fit=crop&w=800&q=80,"Lake Road, Bhubaneswar"
469,Hyderabad Slice,Hyderabad,Telangana,Italian / Pizza,4.6 ★,1650,https://images.unsplash.com/photo-1555396273-367ea4eb4db5?auto=format&fit=crop&w=800&q=80,"Madhapur, Hyderabad"
470,Ananda Dhaba,Raipur,Chhattisgarh,Punjabi / Dhaba,4.6 ★,900,https://images.unsplash.com/photo-1555396273-367ea4eb4db5?auto=format&fit=crop&w=800&q=80,"Civil Lines, Raipur"
471,Nagpur Restaurant,Nagpur,Maharashtra,Multi-cuisine / Family,4.3 ★,1200,https://images.unsplash.com/photo-1555396273-367ea4eb4db5?auto=format&fit=crop&w=800&q=80,"Bazaar Street, Nagpur"
472,Hyderabad Darbar,Hyderabad,Telangana,Kebabs & Biryani,4.1 ★,400,https://images.unsplash.com/photo-1606474530462-8d76926720b7?auto=format&fit=crop&w=800&q=80,"Abids, Hyderabad"
473,Dibrugarh Table,Dibrugarh,Assam,Multi-cuisine / Family,4.4 ★,850,https://images.unsplash.com/photo-1555396273-367ea4eb4db5?auto=format&fit=crop&w=800&q=80,"Bus Stand Road, Dibrugarh"
474,Annapurna Fine Dining,Patna,Bihar,Multi-cuisine / Family,4.5 ★,1450,https://images.unsplash.com/photo-1555396273-367ea4eb4db5?auto=format&fit=crop&w=800&q=80,"Lake Road, Patna"
475,Royal Nawabi Kitchen,Pune,Maharashtra,Mughlai / North Indian,4.6 ★,1200,https://images.unsplash.com/photo-1555396273-367ea4eb4db5?auto=format&fit=crop&w=800&q=80,"Koregaon Park, Pune"
476,Star Dragon,Indore,Madhya Pradesh,Pan-Asian,4.7 ★,1650,https://images.unsplash.com/photo-1555396273-367ea4eb4db5?auto=format&fit=crop&w=800&q=80,"Station Road, Indore"
477,Ganga Chowk,Kolkata,West Bengal,Kolkata Street Food / Rolls,4.7 ★,150,https://images.unsplash.com/photo-1565299624946-b28f40a0ae38?auto=format&fit=crop&w=800&q=80,"New Market, Kolkata"
478,Pondicherry Coffee Roasters,Pondicherry,Puducherry,French / Cafe,4.7 ★,800,https://images.unsplash.com/photo-1555396273-367ea4eb4db5?auto=format&fit=crop&w=800&q=80,"Temple Road, Pondicherry"
479,Dilli Brew House,Bhubaneswar,Odisha,Bakery & Cafe,4.5 ★,600,https://images.unsplash.com/photo-1555396273-367ea4eb4db5?auto=format&fit=crop&w=800&q=80,"Bazaar Street, Bhubaneswar"
480,Golden Bakehouse,Dehradun,Uttarakhand,Cafe / Continental,4.1 ★,1250,https://images.unsplash.com/photo-1555396273-367ea4eb4db5?auto=format&fit=crop&w=800&q=80,"Bus Stand Road, Dehradun"
481,Star Momo House,Dharamshala,Himachal Pradesh,Tibetan / Momos,4.4 ★,450,https://images.unsplash.com/photo-1565299624946-b28f40a0ae38?auto=format&fit=crop&w=800&q=80,"Old City, Dharamshala"
482,Nair's Bistro,New Delhi,Delhi,Bakery & Cafe,4.6 ★,750,https://images.unsplash.com/photo-1555396273-367ea4eb4db5?auto=format&fit=crop&w=800&q=80,"Lajpat Nagar, New Delhi"
483,Star Kitchen,Ranchi,Jharkhand,Punjabi / Dhaba,4.5 ★,550,https://images.unsplash.com/photo-1555396273-367ea4eb4db5?auto=format&fit=crop&w=800&q=80,"MG Road, Ranchi"
484,Ludhiana Tandoor House,Ludhiana,Punjab,Punjabi / Dhaba,4.1 ★,650,https://images.unsplash.com/photo-1555396273-367ea4eb4db5?auto=format&fit=crop&w=800&q=80,"Nehru Chowk, Ludhiana"
485,Sri Krishna Coffee Roasters,New Delhi,Delhi,Bakery & Cafe,4.5 ★,900,https://images.unsplash.com/photo-1555396273-367ea4eb4db5?auto=format&fit=crop&w=800&q=80,"Rajouri Garden, New Delhi"
486,Bombay Cafe,Dehradun,Uttarakhand,Pahadi / Uttarakhandi,4.7 ★,400,https://images.unsplash.com/photo-1610192244261-3f33de3b55e4?auto=format&fit=crop&w=800&q=80,"Lake Road, Dehradun"
487,Shree Kebab Corner,Srinagar,Jammu and Kashmir,Mughlai / North Indian,4.7 ★,850,https://images.unsplash.com/photo-1555396273-367ea4eb4db5?auto=format&fit=crop&w=800&q=80,"Temple Road, Srinagar"
488,Lazeez Biryani Point,Alleppey,Kerala,Biryani & Kebabs,4.3 ★,500,https://images.unsplash.com/photo-1606474530462-8d76926720b7?auto=format&fit=crop&w=800&q=80,"Lake Road, Alleppey"
489,Ahmedabad Grand Dining,Ahmedabad,Gujarat,Multi-cuisine / Family,4.6 ★,1450,https://images.unsplash.com/photo-1555396273-367ea4eb4db5?auto=format&fit=crop&w=800&q=80,"CG Road, Ahmedabad"
490,Mayur Dum Biryani,Mangaluru,Karnataka,Biryani & Kebabs,4.6 ★,600,https://images.unsplash.com/photo-1606474530462-8d76926720b7?auto=format&fit=crop&w=800&q=80,"Station Road, Mangaluru"
491,Maharaja Bhojan,Jodhpur,Rajasthan,Dal Baati Churma / Rajasthani,4.4 ★,1100,https://images.unsplash.com/photo-1610192244261-3f33de3b55e4?auto=format&fit=crop&w=800&q=80,"City Centre, Jodhpur"
492,Sai Kitchen,Ahmedabad,Gujarat,Gujarati / Farsan,4.6 ★,400,https://images.unsplash.com/photo-1610192244261-3f33de3b55e4?auto=format&fit=crop&w=800&q=80,"Satellite, Ahmedabad"
493,Hyderabad Tandoor,Hyderabad,Telangana,Hyderabadi / Mughlai,4.6 ★,600,https://images.unsplash.com/photo-1606474530462-8d76926720b7?auto=format&fit=crop&w=800&q=80,"Secunderabad, Hyderabad"
494,Dilli Prawn House,Navi Mumbai,Maharashtra,Malvani / Seafood,4.6 ★,1000,https://images.unsplash.com/photo-1504674900247-0877df9cc836?auto=format&fit=crop&w=800&q=80,"Vashi, Navi Mumbai"
495,Pune Hakka Kitchen,Pune,Maharashtra,Chinese / Indo-Chinese,4.3 ★,1100,https://images.unsplash.com/photo-1504674900247-0877df9cc836?auto=format&fit=crop&w=800&q=80,"Baner, Pune"
496,Thane Curry House,Thane,Maharashtra,Punjabi / Dhaba,4.7 ★,1000,https://images.unsplash.com/photo-1555396273-367ea4eb4db5?auto=format&fit=crop&w=800&q=80,"Ghodbunder Road, Thane"
497,Shillong Momo House,Shillong,Meghalaya,Northeast / Momos,4.7 ★,600,https://images.unsplash.com/photo-1565299624946-b28f40a0ae38?auto=format&fit=crop&w=800&q=80,"Mall Road, Shillong"
498,Grand Mughal Kitchen,Mathura,Uttar Pradesh,Mughlai / North Indian,4.6 ★,1200,https://images.unsplash.com/photo-1555396273-367ea4eb4db5?auto=format&fit=crop&w=800&q=80,"Gandhi Road, Mathura"
499,Famous Restaurant,Kolkata,West Bengal,Multi-cuisine / Family,4.4 ★,1350,https://images.unsplash.com/photo-1555396273-367ea4eb4db5?auto=format&fit=crop&w=800&q=80,"Bhowanipore, Kolkata"
500,Nashik Brew House,Nashik,Maharashtra,Parsi / Irani Cafe,4.5 ★,800,https://images.unsplash.com/photo-1555396273-367ea4eb4db5?auto=format&fit=crop&w=800&q=80,"Nehru Chowk, Nashik"
501,Masala Bakehouse,Guwahati,Assam,Bakery & Cafe,4.6 ★,350,https://images.unsplash.com/photo-1555396273-367ea4eb4db5?auto=format&fit=crop&w=800&q=80,"Gandhi Road, Guwahati"
502,Nagpur Slice,Nagpur,Maharashtra,Italian / Pizza,4.4 ★,900,https://images.unsplash.com/photo-1555396273-367ea4eb4db5?auto=format&fit=crop&w=800&q=80,"Temple Road, Nagpur"
503,Varanasi Mughal Kitchen,Varanasi,Uttar Pradesh,Kebabs & Biryani,4.5 ★,450,https://images.unsplash.com/photo-1606474530462-8d76926720b7?auto=format&fit=crop&w=800&q=80,"Nehru Chowk, Varanasi"
504,Sai Dum Biryani,Hyderabad,Telangana,Hyderabadi Biryani,4.8 ★,1150,https://images.unsplash.com/photo-1606474530462-8d76926720b7?auto=format&fit=crop&w=800&q=80,"Begumpet, Hyderabad"
505,New Delhi Sweet House,New Delhi,Delhi,Mithai & Snacks,4.6 ★,500,https://images.unsplash.com/photo-1565299624946-b28f40a0ae38?auto=format&fit=crop&w=800&q=80,"Rajouri Garden, New Delhi"
506,New Tandoor,Ghaziabad,Uttar Pradesh,Kebabs & Biryani,4.4 ★,450,https://images.unsplash.com/photo-1606474530462-8d76926720b7?auto=format&fit=crop&w=800&q=80,"Nehru Chowk, Ghaziabad"
507,Spice Catch of the Day,Margao,Goa,Coastal / Seafood,4.5 ★,1200,https://images.unsplash.com/photo-1504674900247-0877df9cc836?auto=format&fit=crop&w=800&q=80,"MG Road, Margao"
508,Iyer's Mughal Kitchen,Srinagar,Jammu and Kashmir,Mughlai / North Indian,4.5 ★,1050,https://images.unsplash.com/photo-1555396273-367ea4eb4db5?auto=format&fit=crop&w=800&q=80,"Bus Stand Road, Srinagar"
509,Patel's Table,Raipur,Chhattisgarh,Bakery & Cafe,4.6 ★,450,https://images.unsplash.com/photo-1555396273-367ea4eb4db5?auto=format&fit=crop&w=800&q=80,"Old City, Raipur"
510,Shree Kabab Palace,Lucknow,Uttar Pradesh,Kebabs & Biryani,4.9 ★,700,https://images.unsplash.com/photo-1606474530462-8d76926720b7?auto=format&fit=crop&w=800&q=80,"Hazratganj, Lucknow"
511,Rangoli Annapurna,Jaipur,Rajasthan,Laal Maas / Rajasthani Non-Veg,4.5 ★,1000,https://images.unsplash.com/photo-1504674900247-0877df9cc836?auto=format&fit=crop&w=800&q=80,"Bani Park, Jaipur"
512,Nair's Mithai Wala,Udaipur,Rajasthan,Mithai & Snacks,4.8 ★,250,https://images.unsplash.com/photo-1565299624946-b28f40a0ae38?auto=format&fit=crop&w=800&q=80,"Main Market, Udaipur"
513,Desi Brew House,Jaipur,Rajasthan,Bakery & Cafe,4.7 ★,650,https://images.unsplash.com/photo-1555396273-367ea4eb4db5?auto=format&fit=crop&w=800&q=80,"Vaishali Nagar, Jaipur"
514,Sagar Biryani Point,Panaji,Goa,Biryani & Kebabs,4.8 ★,500,https://images.unsplash.com/photo-1606474530462-8d76926720b7?auto=format&fit=crop&w=800&q=80,"Old City, Panaji"
515,Singh's Dragon,Guwahati,Assam,Chinese / Indo-Chinese,4.5 ★,700,https://images.unsplash.com/photo-1504674900247-0877df9cc836?auto=format&fit=crop&w=800&q=80,"Nehru Chowk, Guwahati"
516,Thiruvananthapuram Fish Thali House,Thiruvananthapuram,Kerala,Malabar / Kerala Seafood,4.8 ★,1150,https://images.unsplash.com/photo-1504674900247-0877df9cc836?auto=format&fit=crop&w=800&q=80,"Bus Stand Road, Thiruvananthapuram"
517,Swad Kitchen & Bar,Ahmedabad,Gujarat,Fine Dining / Multi-cuisine,4.6 ★,2550,https://images.unsplash.com/photo-1555396273-367ea4eb4db5?auto=format&fit=crop&w=800&q=80,"Navrangpura, Ahmedabad"
518,Chotu's Coastal Kitchen,Pune,Maharashtra,Malvani / Seafood,4.2 ★,1100,https://images.unsplash.com/photo-1504674900247-0877df9cc836?auto=format&fit=crop&w=800&q=80,"Shivajinagar, Pune"
519,Leh Bowl,Leh,Ladakh,Ladakhi / Tibetan,4.0 ★,700,https://images.unsplash.com/photo-1610192244261-3f33de3b55e4?auto=format&fit=crop&w=800&q=80,"Nehru Chowk, Leh"
520,Khan's Sweet House,Patiala,Punjab,Mithai & Snacks,4.8 ★,350,https://images.unsplash.com/photo-1565299624946-b28f40a0ae38?auto=format&fit=crop&w=800&q=80,"Main Market, Patiala"
521,Bilaspur Rasoi,Bilaspur,Chhattisgarh,Punjabi / Dhaba,4.3 ★,450,https://images.unsplash.com/photo-1555396273-367ea4eb4db5?auto=format&fit=crop&w=800&q=80,"Ring Road, Bilaspur"
522,Star Dawat,Bengaluru,Karnataka,Biryani & Kebabs,4.3 ★,1000,https://images.unsplash.com/photo-1606474530462-8d76926720b7?auto=format&fit=crop&w=800&q=80,"Malleshwaram, Bengaluru"
523,Heritage Bhojanalaya,Delhi,Delhi,Punjabi / Dhaba,4.7 ★,1050,https://images.unsplash.com/photo-1555396273-367ea4eb4db5?auto=format&fit=crop&w=800&q=80,"Saket, Delhi"
524,Khan's Dining Hall,Bikaner,Rajasthan,Dal Baati Churma / Rajasthani,4.7 ★,750,https://images.unsplash.com/photo-1610192244261-3f33de3b55e4?auto=format&fit=crop&w=800&q=80,"City Centre, Bikaner"
525,Lazeez Momo Point,Gangtok,Sikkim,Northeast / Momos,4.3 ★,350,https://images.unsplash.com/photo-1565299624946-b28f40a0ae38?auto=format&fit=crop&w=800&q=80,"Bazaar Street, Gangtok"
526,Zaika Kitchen,Pune,Maharashtra,Italian / Pizza,4.2 ★,1550,https://images.unsplash.com/photo-1555396273-367ea4eb4db5?auto=format&fit=crop&w=800&q=80,"Koregaon Park, Pune"
527,Nashik Chopsticks,Nashik,Maharashtra,Chinese / Indo-Chinese,4.8 ★,400,https://images.unsplash.com/photo-1504674900247-0877df9cc836?auto=format&fit=crop&w=800&q=80,"Old City, Nashik"
528,Green Courtyard,Jaipur,Rajasthan,Multi-cuisine / Family,4.3 ★,700,https://images.unsplash.com/photo-1555396273-367ea4eb4db5?auto=format&fit=crop&w=800&q=80,"C-Scheme, Jaipur"
529,Nashik Pizzeria,Nashik,Maharashtra,Italian / Pizza,4.3 ★,1100,https://images.unsplash.com/photo-1555396273-367ea4eb4db5?auto=format&fit=crop&w=800&q=80,"Station Road, Nashik"
530,Udaipur Chaat Bhandar,Udaipur,Rajasthan,Street Food / Snacks,4.3 ★,200,https://images.unsplash.com/photo-1565299624946-b28f40a0ae38?auto=format&fit=crop&w=800&q=80,"Bazaar Street, Udaipur"
531,Saffron Kitchen & Bar,New Delhi,Delhi,Fine Dining / Multi-cuisine,4.5 ★,3100,https://images.unsplash.com/photo-1555396273-367ea4eb4db5?auto=format&fit=crop&w=800&q=80,"Hauz Khas Village, New Delhi"
532,Sai Table,Thiruvananthapuram,Kerala,Cafe / Continental,4.4 ★,950,https://images.unsplash.com/photo-1555396273-367ea4eb4db5?auto=format&fit=crop&w=800&q=80,"Bus Stand Road, Thiruvananthapuram"
533,Kesar Noodle House,Bhavnagar,Gujarat,Chinese / Indo-Chinese,4.5 ★,450,https://images.unsplash.com/photo-1504674900247-0877df9cc836?auto=format&fit=crop&w=800&q=80,"Bazaar Street, Bhavnagar"
534,Classic Courtyard,Coimbatore,Tamil Nadu,Multi-cuisine / Family,4.7 ★,950,https://images.unsplash.com/photo-1555396273-367ea4eb4db5?auto=format&fit=crop&w=800&q=80,"Bus Stand Road, Coimbatore"
535,Sunrise Biryani House,Delhi,Delhi,Kebabs & Biryani,4.6 ★,1050,https://images.unsplash.com/photo-1606474530462-8d76926720b7?auto=format&fit=crop&w=800&q=80,"Connaught Place, Delhi"
536,Khan's Kitchen,Indore,Madhya Pradesh,Punjabi / Dhaba,4.9 ★,950,https://images.unsplash.com/photo-1555396273-367ea4eb4db5?auto=format&fit=crop&w=800&q=80,"Station Road, Indore"
537,Kesar Chaat Bhandar,Agra,Uttar Pradesh,Banarasi / Chaat,4.3 ★,400,https://images.unsplash.com/photo-1565299624946-b28f40a0ae38?auto=format&fit=crop&w=800&q=80,"Civil Lines, Agra"
538,Khan's Coffee Roasters,Kolkata,West Bengal,Bakery & Cafe,4.8 ★,650,https://images.unsplash.com/photo-1555396273-367ea4eb4db5?auto=format&fit=crop&w=800&q=80,"Esplanade, Kolkata"
539,Vijayawada Meals,Vijayawada,Andhra Pradesh,South Indian / Tiffin,4.4 ★,350,https://images.unsplash.com/photo-1589301760014-d929f3979dbc?auto=format&fit=crop&w=800&q=80,"Nehru Chowk, Vijayawada"
540,Gupta's Thukpa Corner,Kolkata,West Bengal,Northeast / Momos,4.7 ★,650,https://images.unsplash.com/photo-1565299624946-b28f40a0ae38?auto=format&fit=crop&w=800&q=80,"Park Street, Kolkata"
541,Thane Biryani House,Thane,Maharashtra,Mughlai / North Indian,4.2 ★,700,https://images.unsplash.com/photo-1555396273-367ea4eb4db5?auto=format&fit=crop&w=800&q=80,"Naupada, Thane"
542,Maharaja Chaat Bhandar,Agra,Uttar Pradesh,Street Food / Chaat,4.6 ★,200,https://images.unsplash.com/photo-1565299624946-b28f40a0ae38?auto=format&fit=crop&w=800&q=80,"MG Road, Agra"
543,Jaisalmer Rasoi,Jaisalmer,Rajasthan,Dal Baati Churma / Rajasthani,4.6 ★,1200,https://images.unsplash.com/photo-1610192244261-3f33de3b55e4?auto=format&fit=crop&w=800&q=80,"City Centre, Jaisalmer"
544,Tasty Mandarin,Indore,Madhya Pradesh,Chinese / Indo-Chinese,4.7 ★,1000,https://images.unsplash.com/photo-1504674900247-0877df9cc836?auto=format&fit=crop&w=800&q=80,"Station Road, Indore"
545,Famous Kitchen & Bar,Ludhiana,Punjab,Cafe / Continental,4.2 ★,1200,https://images.unsplash.com/photo-1555396273-367ea4eb4db5?auto=format&fit=crop&w=800&q=80,"Bazaar Street, Ludhiana"
546,Kolkata Kabab Palace,Kolkata,West Bengal,Mughlai / North Indian,4.6 ★,1250,https://images.unsplash.com/photo-1555396273-367ea4eb4db5?auto=format&fit=crop&w=800&q=80,"Ballygunge, Kolkata"
547,Bombay Bistro,Mumbai,Maharashtra,Bakery & Cafe,4.7 ★,450,https://images.unsplash.com/photo-1555396273-367ea4eb4db5?auto=format&fit=crop&w=800&q=80,"Lower Parel, Mumbai"
548,Royal Kitchen & Bar,Kanpur,Uttar Pradesh,Multi-cuisine / Family,4.8 ★,950,https://images.unsplash.com/photo-1555396273-367ea4eb4db5?auto=format&fit=crop&w=800&q=80,"Bus Stand Road, Kanpur"
549,Lucky Bistro,Mumbai,Maharashtra,Cafe / Continental,4.4 ★,1100,https://images.unsplash.com/photo-1555396273-367ea4eb4db5?auto=format&fit=crop&w=800&q=80,"Fort, Mumbai"
550,Sri Krishna Noodle House,Ahmedabad,Gujarat,Chinese / Indo-Chinese,4.6 ★,400,https://images.unsplash.com/photo-1504674900247-0877df9cc836?auto=format&fit=crop&w=800&q=80,"Vastrapur, Ahmedabad"
551,Desi Bistro,Haridwar,Uttarakhand,Cafe / Continental,4.3 ★,800,https://images.unsplash.com/photo-1555396273-367ea4eb4db5?auto=format&fit=crop&w=800&q=80,"Ring Road, Haridwar"
552,Jaipur Chopsticks,Jaipur,Rajasthan,Chinese / Indo-Chinese,4.6 ★,1050,https://images.unsplash.com/photo-1504674900247-0877df9cc836?auto=format&fit=crop&w=800&q=80,"Vaishali Nagar, Jaipur"
553,Zaika Mughal Kitchen,Varanasi,Uttar Pradesh,Awadhi / Non-Veg,4.3 ★,1100,https://images.unsplash.com/photo-1606474530462-8d76926720b7?auto=format&fit=crop&w=800&q=80,"City Centre, Varanasi"
554,Guwahati Thali House,Guwahati,Assam,Assamese Thali,4.5 ★,400,https://images.unsplash.com/photo-1610192244261-3f33de3b55e4?auto=format&fit=crop&w=800&q=80,"Bazaar Street, Guwahati"
555,Golden Oven,Mumbai,Maharashtra,Italian / Pizza,4.4 ★,900,https://images.unsplash.com/photo-1555396273-367ea4eb4db5?auto=format&fit=crop&w=800&q=80,"Dadar, Mumbai"
556,Star Kitchen & Bar,Bengaluru,Karnataka,Bakery & Cafe,4.4 ★,900,https://images.unsplash.com/photo-1555396273-367ea4eb4db5?auto=format&fit=crop&w=800&q=80,"Malleshwaram, Bengaluru"
557,Royal Restaurant,Kochi,Kerala,Multi-cuisine / Family,4.6 ★,1350,https://images.unsplash.com/photo-1555396273-367ea4eb4db5?auto=format&fit=crop&w=800&q=80,"Civil Lines, Kochi"
558,New Table,Nainital,Uttarakhand,Pahadi / Uttarakhandi,4.8 ★,800,https://images.unsplash.com/photo-1610192244261-3f33de3b55e4?auto=format&fit=crop&w=800&q=80,"Gandhi Road, Nainital"
559,Famous Hakka Kitchen,Thanjavur,Tamil Nadu,Chinese / Indo-Chinese,4.1 ★,700,https://images.unsplash.com/photo-1504674900247-0877df9cc836?auto=format&fit=crop&w=800&q=80,"Sadar Bazaar, Thanjavur"
560,Iyer's Catch of the Day,Thane,Maharashtra,Malvani / Seafood,4.5 ★,1150,https://images.unsplash.com/photo-1504674900247-0877df9cc836?auto=format&fit=crop&w=800&q=80,"Ghodbunder Road, Thane"
561,Tasty Pasta House,Ahmedabad,Gujarat,Italian / Pizza,4.3 ★,1000,https://images.unsplash.com/photo-1555396273-367ea4eb4db5?auto=format&fit=crop&w=800&q=80,"SG Highway, Ahmedabad"
562,Visakhapatnam Dragon,Visakhapatnam,Andhra Pradesh,Pan-Asian,4.4 ★,1500,https://images.unsplash.com/photo-1555396273-367ea4eb4db5?auto=format&fit=crop&w=800&q=80,"Sadar Bazaar, Visakhapatnam"
563,Rustic Restaurant,Thanjavur,Tamil Nadu,Multi-cuisine / Family,4.4 ★,900,https://images.unsplash.com/photo-1555396273-367ea4eb4db5?auto=format&fit=crop&w=800&q=80,"Gandhi Road, Thanjavur"
564,Noida Curry House,Noida,Uttar Pradesh,North Indian / Tandoor,4.5 ★,800,https://images.unsplash.com/photo-1555396273-367ea4eb4db5?auto=format&fit=crop&w=800&q=80,"Gandhi Road, Noida"
565,Heritage Restaurant,Hyderabad,Telangana,Multi-cuisine / Family,4.5 ★,1100,https://images.unsplash.com/photo-1555396273-367ea4eb4db5?auto=format&fit=crop&w=800&q=80,"Kondapur, Hyderabad"
566,Grand Da Dhaba,Delhi,Delhi,North Indian / Tandoor,4.8 ★,1700,https://images.unsplash.com/photo-1555396273-367ea4eb4db5?auto=format&fit=crop&w=800&q=80,"Greater Kailash, Delhi"
567,Thiruvananthapuram Fish Corner,Thiruvananthapuram,Kerala,Coastal / Seafood,4.8 ★,1500,https://images.unsplash.com/photo-1504674900247-0877df9cc836?auto=format&fit=crop&w=800&q=80,"Nehru Chowk, Thiruvananthapuram"
568,Heritage Street Bites,Patiala,Punjab,Street Food / Chaat,4.2 ★,200,https://images.unsplash.com/photo-1565299624946-b28f40a0ae38?auto=format&fit=crop&w=800&q=80,"Gandhi Road, Patiala"
569,Lucknow Dastarkhwan,Lucknow,Uttar Pradesh,Mughlai / North Indian,4.4 ★,800,https://images.unsplash.com/photo-1555396273-367ea4eb4db5?auto=format&fit=crop&w=800&q=80,"Gomti Nagar, Lucknow"
570,New Delhi Kabab Palace,New Delhi,Delhi,Mughlai / North Indian,4.4 ★,800,https://images.unsplash.com/photo-1555396273-367ea4eb4db5?auto=format&fit=crop&w=800&q=80,"Hauz Khas Village, New Delhi"
571,Shan-e Bowl,Chennai,Tamil Nadu,Pan-Asian,4.7 ★,2400,https://images.unsplash.com/photo-1555396273-367ea4eb4db5?auto=format&fit=crop&w=800&q=80,"Alwarpet, Chennai"
572,Gurugram Bhojanalaya,Gurugram,Haryana,North Indian / Tandoor,4.4 ★,950,https://images.unsplash.com/photo-1555396273-367ea4eb4db5?auto=format&fit=crop&w=800&q=80,"Station Road, Gurugram"
573,Kesar Cafe,Surat,Gujarat,Cafe / Continental,4.7 ★,1200,https://images.unsplash.com/photo-1555396273-367ea4eb4db5?auto=format&fit=crop&w=800&q=80,"MG Road, Surat"
574,Bombay Tandoor,Prayagraj,Uttar Pradesh,Kebabs & Biryani,4.2 ★,700,https://images.unsplash.com/photo-1606474530462-8d76926720b7?auto=format&fit=crop&w=800&q=80,"Main Market, Prayagraj"
575,Jai Filter Coffee House,Madurai,Tamil Nadu,South Indian / Tiffin,4.4 ★,450,https://images.unsplash.com/photo-1589301760014-d929f3979dbc?auto=format&fit=crop&w=800&q=80,"Bus Stand Road, Madurai"
576,Ranchi Chaat Bhandar,Ranchi,Jharkhand,Bihari / Litti Chokha,4.4 ★,400,https://images.unsplash.com/photo-1565299624946-b28f40a0ae38?auto=format&fit=crop&w=800&q=80,"Bus Stand Road, Ranchi"
577,Shree Grand Dining,Lucknow,Uttar Pradesh,Fine Dining / Multi-cuisine,4.0 ★,2650,https://images.unsplash.com/photo-1555396273-367ea4eb4db5?auto=format&fit=crop&w=800&q=80,"Alambagh, Lucknow"
578,Lazeez Kitchen & Bar,Hyderabad,Telangana,Fine Dining / Multi-cuisine,4.4 ★,2600,https://images.unsplash.com/photo-1555396273-367ea4eb4db5?auto=format&fit=crop&w=800&q=80,"Banjara Hills, Hyderabad"
579,Lucky Nukkad,Gorakhpur,Uttar Pradesh,Banarasi / Chaat,4.6 ★,400,https://images.unsplash.com/photo-1565299624946-b28f40a0ae38?auto=format&fit=crop&w=800&q=80,"Old City, Gorakhpur"
580,Bhubaneswar Annapurna,Bhubaneswar,Odisha,Odia Thali,4.4 ★,400,https://images.unsplash.com/photo-1610192244261-3f33de3b55e4?auto=format&fit=crop&w=800&q=80,"Old City, Bhubaneswar"
581,Annapurna Table,Aurangabad,Maharashtra,Fine Dining / Multi-cuisine,4.5 ★,3550,https://images.unsplash.com/photo-1555396273-367ea4eb4db5?auto=format&fit=crop&w=800&q=80,"Ring Road, Aurangabad"
582,Sharma's Coastal Kitchen,Hubballi,Karnataka,Mangalorean Seafood,4.4 ★,700,https://images.unsplash.com/photo-1504674900247-0877df9cc836?auto=format&fit=crop&w=800&q=80,"Bus Stand Road, Hubballi"
583,Kolhapur Thali House,Kolhapur,Maharashtra,Maharashtrian / Thali,4.3 ★,350,https://images.unsplash.com/photo-1610192244261-3f33de3b55e4?auto=format&fit=crop&w=800&q=80,"MG Road, Kolhapur"
584,Delhi Kabab Palace,Delhi,Delhi,Mughlai / North Indian,4.8 ★,850,https://images.unsplash.com/photo-1555396273-367ea4eb4db5?auto=format&fit=crop&w=800&q=80,"Rajouri Garden, Delhi"
585,Sri Krishna Mess,Manali,Himachal Pradesh,Himachali / Pahadi,4.6 ★,600,https://images.unsplash.com/photo-1610192244261-3f33de3b55e4?auto=format&fit=crop&w=800&q=80,"Ring Road, Manali"
586,Iyer's Dhaba,Raipur,Chhattisgarh,Punjabi / Dhaba,4.9 ★,1000,https://images.unsplash.com/photo-1555396273-367ea4eb4db5?auto=format&fit=crop&w=800&q=80,"Nehru Chowk, Raipur"
587,Dilli Tiffin Room,Chennai,Tamil Nadu,Chettinad / South Indian,4.5 ★,1200,https://images.unsplash.com/photo-1555396273-367ea4eb4db5?auto=format&fit=crop&w=800&q=80,"Alwarpet, Chennai"
588,Patel's Bakehouse,Hyderabad,Telangana,Cafe / Continental,4.5 ★,800,https://images.unsplash.com/photo-1555396273-367ea4eb4db5?auto=format&fit=crop&w=800&q=80,"Abids, Hyderabad"
589,Delhi Wok,Delhi,Delhi,Chinese / Indo-Chinese,4.2 ★,1050,https://images.unsplash.com/photo-1504674900247-0877df9cc836?auto=format&fit=crop&w=800&q=80,"Saket, Delhi"
590,Shan-e Bhavan,Thanjavur,Tamil Nadu,Filter Coffee & Tiffin,4.7 ★,300,https://images.unsplash.com/photo-1589301760014-d929f3979dbc?auto=format&fit=crop&w=800&q=80,"City Centre, Thanjavur"
591,Nair's Tadka,Jalandhar,Punjab,North Indian / Tandoor,4.4 ★,1550,https://images.unsplash.com/photo-1555396273-367ea4eb4db5?auto=format&fit=crop&w=800&q=80,"Bazaar Street, Jalandhar"
592,Nair's Wok,Chandigarh,Chandigarh,Pan-Asian,4.4 ★,1250,https://images.unsplash.com/photo-1555396273-367ea4eb4db5?auto=format&fit=crop&w=800&q=80,"Main Market, Chandigarh"
593,Sharma's Chaat Bhandar,Rajkot,Gujarat,Street Food / Snacks,4.4 ★,350,https://images.unsplash.com/photo-1565299624946-b28f40a0ae38?auto=format&fit=crop&w=800&q=80,"Station Road, Rajkot"
594,Gupta's Hakka Kitchen,Ahmedabad,Gujarat,Chinese / Indo-Chinese,4.4 ★,1050,https://images.unsplash.com/photo-1504674900247-0877df9cc836?auto=format&fit=crop&w=800&q=80,"CG Road, Ahmedabad"
595,Kolkata Nukkad,Kolkata,West Bengal,Kolkata Street Food / Rolls,4.9 ★,150,https://images.unsplash.com/photo-1565299624946-b28f40a0ae38?auto=format&fit=crop&w=800&q=80,"Ballygunge, Kolkata"
596,Nair's Chowk,Bilaspur,Chhattisgarh,Street Food / Snacks,4.2 ★,400,https://images.unsplash.com/photo-1565299624946-b28f40a0ae38?auto=format&fit=crop&w=800&q=80,"Nehru Chowk, Bilaspur"
597,Grand Wok,Hyderabad,Telangana,Chinese / Indo-Chinese,4.6 ★,950,https://images.unsplash.com/photo-1504674900247-0877df9cc836?auto=format&fit=crop&w=800&q=80,"Charminar, Hyderabad"
598,Desi Wok,Kozhikode,Kerala,Pan-Asian,4.3 ★,2200,https://images.unsplash.com/photo-1555396273-367ea4eb4db5?auto=format&fit=crop&w=800&q=80,"Nehru Chowk, Kozhikode"
599,Rangoli Dosa Corner,Mysuru,Karnataka,South Indian / Traditional,4.4 ★,400,https://images.unsplash.com/photo-1589301760014-d929f3979dbc?auto=format&fit=crop&w=800&q=80,"Lake Road, Mysuru"
600,Kozhikode Table,Kozhikode,Kerala,Fine Dining / Multi-cuisine,4.9 ★,3400,https://images.unsplash.com/photo-1555396273-367ea4eb4db5?auto=format&fit=crop&w=800&q=80,"Main Market, Kozhikode"
601,Dehradun Cafe,Dehradun,Uttarakhand,Cafe / Continental,4.9 ★,1000,https://images.unsplash.com/photo-1555396273-367ea4eb4db5?auto=format&fit=crop&w=800&q=80,"Civil Lines, Dehradun"
602,Agra Courtyard,Agra,Uttar Pradesh,Fine Dining / Multi-cuisine,4.9 ★,2450,https://images.unsplash.com/photo-1555396273-367ea4eb4db5?auto=format&fit=crop&w=800&q=80,"Bazaar Street, Agra"
603,Original Kitchen & Bar,Varanasi,Uttar Pradesh,Fine Dining / Multi-cuisine,4.4 ★,3300,https://images.unsplash.com/photo-1555396273-367ea4eb4db5?auto=format&fit=crop&w=800&q=80,"Main Market, Varanasi"
604,Dilli Mandarin,Varanasi,Uttar Pradesh,Pan-Asian,4.5 ★,2550,https://images.unsplash.com/photo-1555396273-367ea4eb4db5?auto=format&fit=crop&w=800&q=80,"Station Road, Varanasi"
605,Grand Bhavan,Madurai,Tamil Nadu,South Indian / Traditional,4.0 ★,500,https://images.unsplash.com/photo-1589301760014-d929f3979dbc?auto=format&fit=crop&w=800&q=80,"Nehru Chowk, Madurai"
606,Kesar Dragon,Ahmedabad,Gujarat,Pan-Asian,4.2 ★,1050,https://images.unsplash.com/photo-1555396273-367ea4eb4db5?auto=format&fit=crop&w=800&q=80,"Satellite, Ahmedabad"
607,Gokul Brew House,Bengaluru,Karnataka,Bakery & Cafe,4.8 ★,650,https://images.unsplash.com/photo-1555396273-367ea4eb4db5?auto=format&fit=crop&w=800&q=80,"Basavanagudi, Bengaluru"
608,Delhi Curry House,Delhi,Delhi,North Indian / Tandoor,4.4 ★,1200,https://images.unsplash.com/photo-1555396273-367ea4eb4db5?auto=format&fit=crop&w=800&q=80,"Greater Kailash, Delhi"
609,Sai Fine Dining,Panaji,Goa,Multi-cuisine / Family,4.7 ★,1050,https://images.unsplash.com/photo-1555396273-367ea4eb4db5?auto=format&fit=crop&w=800&q=80,"Bazaar Street, Panaji"
610,Sai Biryani House,Guntur,Andhra Pradesh,Biryani & Kebabs,4.2 ★,900,https://images.unsplash.com/photo-1606474530462-8d76926720b7?auto=format&fit=crop&w=800&q=80,"Old City, Guntur"
611,Baba's Darbar,Pune,Maharashtra,Mughlai / North Indian,4.1 ★,1000,https://images.unsplash.com/photo-1555396273-367ea4eb4db5?auto=format&fit=crop&w=800&q=80,"Kalyani Nagar, Pune"
612,Thiruvananthapuram Sea Catch,Thiruvananthapuram,Kerala,Malabar / Kerala Seafood,4.7 ★,850,https://images.unsplash.com/photo-1504674900247-0877df9cc836?auto=format&fit=crop&w=800&q=80,"Old City, Thiruvananthapuram"
613,Baba's Dining,Kochi,Kerala,Fine Dining / Multi-cuisine,4.2 ★,3000,https://images.unsplash.com/photo-1555396273-367ea4eb4db5?auto=format&fit=crop&w=800&q=80,"Station Road, Kochi"
614,Shiv Dairy & Sweets,Rajkot,Gujarat,Mithai & Snacks,4.3 ★,300,https://images.unsplash.com/photo-1565299624946-b28f40a0ae38?auto=format&fit=crop&w=800&q=80,"Main Market, Rajkot"
615,Heritage Snack Point,Gorakhpur,Uttar Pradesh,Street Food / Chaat,4.7 ★,250,https://images.unsplash.com/photo-1565299624946-b28f40a0ae38?auto=format&fit=crop&w=800&q=80,"Main Market, Gorakhpur"
616,Sri Krishna Slice,Ranchi,Jharkhand,Italian / Pizza,4.7 ★,850,https://images.unsplash.com/photo-1555396273-367ea4eb4db5?auto=format&fit=crop&w=800&q=80,"Gandhi Road, Ranchi"
617,Royal Bowl,Guwahati,Assam,Northeast / Momos,4.3 ★,400,https://images.unsplash.com/photo-1565299624946-b28f40a0ae38?auto=format&fit=crop&w=800&q=80,"Sadar Bazaar, Guwahati"
618,Indore Mithai Wala,Indore,Madhya Pradesh,Mithai & Snacks,4.8 ★,500,https://images.unsplash.com/photo-1565299624946-b28f40a0ae38?auto=format&fit=crop&w=800&q=80,"Nehru Chowk, Indore"
619,Raipur Tandoor House,Raipur,Chhattisgarh,Punjabi / Dhaba,4.5 ★,550,https://images.unsplash.com/photo-1555396273-367ea4eb4db5?auto=format&fit=crop&w=800&q=80,"Bazaar Street, Raipur"
620,Mayur Nawabi Kitchen,Hyderabad,Telangana,Kebabs & Biryani,4.6 ★,450,https://images.unsplash.com/photo-1606474530462-8d76926720b7?auto=format&fit=crop&w=800&q=80,"Charminar, Hyderabad"
621,Heritage Darbar,Delhi,Delhi,Mughlai / North Indian,4.8 ★,1500,https://images.unsplash.com/photo-1555396273-367ea4eb4db5?auto=format&fit=crop&w=800&q=80,"Paharganj, Delhi"
622,Hyderabad Wok,Hyderabad,Telangana,Chinese / Indo-Chinese,4.8 ★,1000,https://images.unsplash.com/photo-1504674900247-0877df9cc836?auto=format&fit=crop&w=800&q=80,"Begumpet, Hyderabad"
623,Heritage Brew House,Pune,Maharashtra,Bakery & Cafe,4.2 ★,450,https://images.unsplash.com/photo-1555396273-367ea4eb4db5?auto=format&fit=crop&w=800&q=80,"Kothrud, Pune"
624,Nagpur Tandoor House,Nagpur,Maharashtra,Punjabi / Dhaba,4.6 ★,450,https://images.unsplash.com/photo-1555396273-367ea4eb4db5?auto=format&fit=crop&w=800&q=80,"Gandhi Road, Nagpur"
625,Bhubaneswar Thela,Bhubaneswar,Odisha,Street Food / Snacks,4.5 ★,200,https://images.unsplash.com/photo-1565299624946-b28f40a0ae38?auto=format&fit=crop&w=800&q=80,"Lake Road, Bhubaneswar"
626,Nagpur Mughal Kitchen,Nagpur,Maharashtra,Mughlai / North Indian,4.4 ★,1500,https://images.unsplash.com/photo-1555396273-367ea4eb4db5?auto=format&fit=crop&w=800&q=80,"Old City, Nagpur"
627,Gurugram Bhandar,Gurugram,Haryana,Mithai & Snacks,4.7 ★,300,https://images.unsplash.com/photo-1565299624946-b28f40a0ae38?auto=format&fit=crop&w=800&q=80,"Main Market, Gurugram"
628,Patel's Coffee Roasters,Kolhapur,Maharashtra,Parsi / Irani Cafe,4.7 ★,500,https://images.unsplash.com/photo-1555396273-367ea4eb4db5?auto=format&fit=crop&w=800&q=80,"Station Road, Kolhapur"
629,Ranchi Kitchen,Ranchi,Jharkhand,Punjabi / Dhaba,4.5 ★,650,https://images.unsplash.com/photo-1555396273-367ea4eb4db5?auto=format&fit=crop&w=800&q=80,"Ring Road, Ranchi"
630,Pondicherry Cafe & Kitchen,Pondicherry,Puducherry,French / Cafe,4.3 ★,900,https://images.unsplash.com/photo-1555396273-367ea4eb4db5?auto=format&fit=crop&w=800&q=80,"Sadar Bazaar, Pondicherry"
631,Jaipur Dragon,Jaipur,Rajasthan,Chinese / Indo-Chinese,4.5 ★,1050,https://images.unsplash.com/photo-1504674900247-0877df9cc836?auto=format&fit=crop&w=800&q=80,"MI Road, Jaipur"
632,Shan-e Nukkad,Noida,Uttar Pradesh,Street Food / Chaat,4.4 ★,450,https://images.unsplash.com/photo-1565299624946-b28f40a0ae38?auto=format&fit=crop&w=800&q=80,"Sadar Bazaar, Noida"
633,Dilli Noodle House,Dehradun,Uttarakhand,Chinese / Indo-Chinese,4.2 ★,1000,https://images.unsplash.com/photo-1504674900247-0877df9cc836?auto=format&fit=crop&w=800&q=80,"Old City, Dehradun"
634,Sai Chopsticks,Lucknow,Uttar Pradesh,Pan-Asian,4.5 ★,1700,https://images.unsplash.com/photo-1555396273-367ea4eb4db5?auto=format&fit=crop&w=800&q=80,"Alambagh, Lucknow"
635,Mumbai Slice,Mumbai,Maharashtra,Italian / Pizza,4.3 ★,1100,https://images.unsplash.com/photo-1555396273-367ea4eb4db5?auto=format&fit=crop&w=800&q=80,"Lower Parel, Mumbai"
636,Nainital Bhojanalaya,Nainital,Uttarakhand,Punjabi / Dhaba,4.5 ★,800,https://images.unsplash.com/photo-1555396273-367ea4eb4db5?auto=format&fit=crop&w=800&q=80,"Bazaar Street, Nainital"
637,Classic Bowl,Kolkata,West Bengal,Pan-Asian,4.4 ★,2000,https://images.unsplash.com/photo-1555396273-367ea4eb4db5?auto=format&fit=crop&w=800&q=80,"Gariahat, Kolkata"
638,Desi Kitchen,Nagpur,Maharashtra,Punjabi / Dhaba,4.3 ★,900,https://images.unsplash.com/photo-1555396273-367ea4eb4db5?auto=format&fit=crop&w=800&q=80,"Lake Road, Nagpur"
639,Shiv Kitchen & Bar,Mumbai,Maharashtra,Parsi / Irani Cafe,4.4 ★,750,https://images.unsplash.com/photo-1555396273-367ea4eb4db5?auto=format&fit=crop&w=800&q=80,"Juhu, Mumbai"
640,Kolkata Noodle House,Kolkata,West Bengal,Indo-Chinese / Kolkata,4.7 ★,750,https://images.unsplash.com/photo-1504674900247-0877df9cc836?auto=format&fit=crop&w=800&q=80,"New Market, Kolkata"
641,Sri Krishna Bowl,Jalandhar,Punjab,Chinese / Indo-Chinese,4.3 ★,1100,https://images.unsplash.com/photo-1504674900247-0877df9cc836?auto=format&fit=crop&w=800&q=80,"Old City, Jalandhar"
642,Margao Prawn House,Margao,Goa,Goan / Portuguese,4.6 ★,1450,https://images.unsplash.com/photo-1555396273-367ea4eb4db5?auto=format&fit=crop&w=800&q=80,"City Centre, Margao"
643,Green Kitchen,Mumbai,Maharashtra,Maharashtrian / Thali,4.8 ★,750,https://images.unsplash.com/photo-1610192244261-3f33de3b55e4?auto=format&fit=crop&w=800&q=80,"Worli, Mumbai"
644,Famous Thela,Gandhinagar,Gujarat,Street Food / Snacks,4.8 ★,150,https://images.unsplash.com/photo-1565299624946-b28f40a0ae38?auto=format&fit=crop&w=800&q=80,"Bazaar Street, Gandhinagar"
645,Chotu's Wok,Mumbai,Maharashtra,Chinese / Indo-Chinese,4.5 ★,750,https://images.unsplash.com/photo-1504674900247-0877df9cc836?auto=format&fit=crop&w=800&q=80,"Chembur, Mumbai"
646,Kochi Prawn House,Kochi,Kerala,Coastal / Seafood,4.4 ★,1150,https://images.unsplash.com/photo-1504674900247-0877df9cc836?auto=format&fit=crop&w=800&q=80,"Civil Lines, Kochi"
647,Bengaluru Biryani Kitchen,Bengaluru,Karnataka,Biryani & Kebabs,4.3 ★,500,https://images.unsplash.com/photo-1606474530462-8d76926720b7?auto=format&fit=crop&w=800&q=80,"Basavanagudi, Bengaluru"
648,Sri Krishna Filter Coffee House,Chennai,Tamil Nadu,Filter Coffee & Tiffin,4.3 ★,350,https://images.unsplash.com/photo-1589301760014-d929f3979dbc?auto=format&fit=crop&w=800&q=80,"T Nagar, Chennai"
649,Masala Bistro,Dehradun,Uttarakhand,Cafe / Continental,4.5 ★,1600,https://images.unsplash.com/photo-1555396273-367ea4eb4db5?auto=format&fit=crop&w=800&q=80,"Bus Stand Road, Dehradun"
650,Sharma's Tide,Chennai,Tamil Nadu,Coastal / Seafood,4.8 ★,1100,https://images.unsplash.com/photo-1504674900247-0877df9cc836?auto=format&fit=crop&w=800&q=80,"Alwarpet, Chennai"
651,Raipur Table,Raipur,Chhattisgarh,Cafe / Continental,4.6 ★,1550,https://images.unsplash.com/photo-1555396273-367ea4eb4db5?auto=format&fit=crop&w=800&q=80,"Gandhi Road, Raipur"
652,Annapurna Kitchen & Bar,Leh,Ladakh,Cafe / Continental,4.5 ★,1300,https://images.unsplash.com/photo-1555396273-367ea4eb4db5?auto=format&fit=crop&w=800&q=80,"Ring Road, Leh"
653,Shiv Signature,Amritsar,Punjab,Multi-cuisine / Family,4.0 ★,850,https://images.unsplash.com/photo-1555396273-367ea4eb4db5?auto=format&fit=crop&w=800&q=80,"Gandhi Road, Amritsar"
654,Nawab Handi,Kanpur,Uttar Pradesh,Biryani & Kebabs,4.6 ★,450,https://images.unsplash.com/photo-1606474530462-8d76926720b7?auto=format&fit=crop&w=800&q=80,"Civil Lines, Kanpur"
655,Amritsar Pizzeria,Amritsar,Punjab,Italian / Pizza,4.7 ★,1600,https://images.unsplash.com/photo-1555396273-367ea4eb4db5?auto=format&fit=crop&w=800&q=80,"Bus Stand Road, Amritsar"
656,Grand Nukkad,Aurangabad,Maharashtra,Street Food / Vada Pav,4.4 ★,200,https://images.unsplash.com/photo-1565299624946-b28f40a0ae38?auto=format&fit=crop&w=800&q=80,"Main Market, Aurangabad"
657,Mayur Kitchen,Vadodara,Gujarat,Gujarati / Farsan,4.5 ★,400,https://images.unsplash.com/photo-1610192244261-3f33de3b55e4?auto=format&fit=crop&w=800&q=80,"Ring Road, Vadodara"
658,Cuttack Catch of the Day,Cuttack,Odisha,Odisha Seafood,4.6 ★,950,https://images.unsplash.com/photo-1504674900247-0877df9cc836?auto=format&fit=crop&w=800&q=80,"Civil Lines, Cuttack"
659,Original Snack Point,Ludhiana,Punjab,Street Food / Chaat,4.3 ★,350,https://images.unsplash.com/photo-1565299624946-b28f40a0ae38?auto=format&fit=crop&w=800&q=80,"Station Road, Ludhiana"
660,Jodhpur Sweet House,Jodhpur,Rajasthan,Mithai & Snacks,4.2 ★,500,https://images.unsplash.com/photo-1565299624946-b28f40a0ae38?auto=format&fit=crop&w=800&q=80,"Old City, Jodhpur"
661,Madurai Udupi Kitchen,Madurai,Tamil Nadu,South Indian / Traditional,4.7 ★,350,https://images.unsplash.com/photo-1589301760014-d929f3979dbc?auto=format&fit=crop&w=800&q=80,"Temple Road, Madurai"
662,Nair's Mandarin,Patna,Bihar,Pan-Asian,4.9 ★,2000,https://images.unsplash.com/photo-1555396273-367ea4eb4db5?auto=format&fit=crop&w=800&q=80,"Nehru Chowk, Patna"
663,Bengaluru Tiffin Room,Bengaluru,Karnataka,South Indian / Traditional,4.9 ★,350,https://images.unsplash.com/photo-1589301760014-d929f3979dbc?auto=format&fit=crop&w=800&q=80,"Brigade Road, Bengaluru"
664,Swad Chaat Bhandar,Kolkata,West Bengal,Kolkata Street Food / Rolls,4.3 ★,200,https://images.unsplash.com/photo-1565299624946-b28f40a0ae38?auto=format&fit=crop&w=800&q=80,"Park Street, Kolkata"
665,Famous Dining Hall,Alleppey,Kerala,Kerala Meals / Sadya,4.7 ★,650,https://images.unsplash.com/photo-1610192244261-3f33de3b55e4?auto=format&fit=crop&w=800&q=80,"City Centre, Alleppey"
666,Mumbai Chat Corner,Mumbai,Maharashtra,Maharashtrian / Misal & Snacks,4.4 ★,250,https://images.unsplash.com/photo-1565299624946-b28f40a0ae38?auto=format&fit=crop&w=800&q=80,"Colaba, Mumbai"
667,Annapurna Nawabi Kitchen,New Delhi,Delhi,Kebabs & Biryani,4.0 ★,700,https://images.unsplash.com/photo-1606474530462-8d76926720b7?auto=format&fit=crop&w=800&q=80,"Paharganj, New Delhi"
668,Green Idli House,Madurai,Tamil Nadu,Filter Coffee & Tiffin,4.1 ★,300,https://images.unsplash.com/photo-1589301760014-d929f3979dbc?auto=format&fit=crop&w=800&q=80,"Lake Road, Madurai"
669,Coimbatore Meals,Coimbatore,Tamil Nadu,Filter Coffee & Tiffin,4.4 ★,300,https://images.unsplash.com/photo-1589301760014-d929f3979dbc?auto=format&fit=crop&w=800&q=80,"Main Market, Coimbatore"
670,Rustic Mughal Kitchen,Noida,Uttar Pradesh,Kebabs & Biryani,4.3 ★,750,https://images.unsplash.com/photo-1606474530462-8d76926720b7?auto=format&fit=crop&w=800&q=80,"MG Road, Noida"
671,Hyderabad Grand Dining,Hyderabad,Telangana,Fine Dining / Multi-cuisine,4.5 ★,3050,https://images.unsplash.com/photo-1555396273-367ea4eb4db5?auto=format&fit=crop&w=800&q=80,"Abids, Hyderabad"
672,Classic Dining Hall,Vadodara,Gujarat,Gujarati / Farsan,4.2 ★,600,https://images.unsplash.com/photo-1610192244261-3f33de3b55e4?auto=format&fit=crop&w=800&q=80,"Temple Road, Vadodara"
673,Kolkata Chat Corner,Kolkata,West Bengal,Kolkata Street Food / Rolls,4.4 ★,250,https://images.unsplash.com/photo-1565299624946-b28f40a0ae38?auto=format&fit=crop&w=800&q=80,"Camac Street, Kolkata"
674,Jabalpur Snack Point,Jabalpur,Madhya Pradesh,Malwa / Poha-Jalebi,4.8 ★,250,https://images.unsplash.com/photo-1565299624946-b28f40a0ae38?auto=format&fit=crop&w=800&q=80,"Gandhi Road, Jabalpur"
675,Maharaja Idli House,Madurai,Tamil Nadu,South Indian / Tiffin,4.1 ★,300,https://images.unsplash.com/photo-1589301760014-d929f3979dbc?auto=format&fit=crop&w=800&q=80,"Sadar Bazaar, Madurai"
676,Rustic Snack Point,Kolkata,West Bengal,Kolkata Street Food / Rolls,4.6 ★,200,https://images.unsplash.com/photo-1565299624946-b28f40a0ae38?auto=format&fit=crop&w=800&q=80,"Gariahat, Kolkata"
677,Nawab Street Bites,Noida,Uttar Pradesh,Street Food / Chaat,4.3 ★,200,https://images.unsplash.com/photo-1565299624946-b28f40a0ae38?auto=format&fit=crop&w=800&q=80,"Nehru Chowk, Noida"
678,Khan's Kitchen & Bar,Thane,Maharashtra,Multi-cuisine / Family,4.3 ★,1450,https://images.unsplash.com/photo-1555396273-367ea4eb4db5?auto=format&fit=crop&w=800&q=80,"Ghodbunder Road, Thane"
679,Manali Coffee Roasters,Manali,Himachal Pradesh,Cafe / Continental,4.6 ★,1150,https://images.unsplash.com/photo-1555396273-367ea4eb4db5?auto=format&fit=crop&w=800&q=80,"Bus Stand Road, Manali"
680,Jodhpur Fine Dining,Jodhpur,Rajasthan,Multi-cuisine / Family,4.7 ★,900,https://images.unsplash.com/photo-1555396273-367ea4eb4db5?auto=format&fit=crop&w=800&q=80,"Old City, Jodhpur"
681,Kesar Dining Hall,Jodhpur,Rajasthan,Laal Maas / Rajasthani Non-Veg,4.5 ★,600,https://images.unsplash.com/photo-1504674900247-0877df9cc836?auto=format&fit=crop&w=800&q=80,"City Centre, Jodhpur"
682,Khan's Dining,Vadodara,Gujarat,Multi-cuisine / Family,4.9 ★,1300,https://images.unsplash.com/photo-1555396273-367ea4eb4db5?auto=format&fit=crop&w=800&q=80,"Civil Lines, Vadodara"
683,Nawab Dawat,Faridabad,Haryana,Biryani & Kebabs,4.5 ★,700,https://images.unsplash.com/photo-1606474530462-8d76926720b7?auto=format&fit=crop&w=800&q=80,"Civil Lines, Faridabad"
684,Swad Mughal Kitchen,Srinagar,Jammu and Kashmir,Mughlai / North Indian,4.6 ★,1150,https://images.unsplash.com/photo-1555396273-367ea4eb4db5?auto=format&fit=crop&w=800&q=80,"Civil Lines, Srinagar"
685,Zaika Restaurant,Delhi,Delhi,Fine Dining / Multi-cuisine,4.9 ★,2800,https://images.unsplash.com/photo-1555396273-367ea4eb4db5?auto=format&fit=crop&w=800&q=80,"Paharganj, Delhi"
686,Gokul Bakehouse,Raipur,Chhattisgarh,Cafe / Continental,4.4 ★,1250,https://images.unsplash.com/photo-1555396273-367ea4eb4db5?auto=format&fit=crop&w=800&q=80,"Sadar Bazaar, Raipur"
687,Gupta's Nawabi Kitchen,Delhi,Delhi,Kebabs & Biryani,4.3 ★,800,https://images.unsplash.com/photo-1606474530462-8d76926720b7?auto=format&fit=crop&w=800&q=80,"Chandni Chowk, Delhi"
688,Lazeez Handi,Vijayawada,Andhra Pradesh,Biryani & Kebabs,4.2 ★,950,https://images.unsplash.com/photo-1606474530462-8d76926720b7?auto=format&fit=crop&w=800&q=80,"City Centre, Vijayawada"
689,Baba's Biryani House,Nashik,Maharashtra,Mughlai / North Indian,4.8 ★,950,https://images.unsplash.com/photo-1555396273-367ea4eb4db5?auto=format&fit=crop&w=800&q=80,"Station Road, Nashik"
690,Grand Chaat House,Bilaspur,Chhattisgarh,Street Food / Snacks,4.7 ★,250,https://images.unsplash.com/photo-1565299624946-b28f40a0ae38?auto=format&fit=crop&w=800&q=80,"Old City, Bilaspur"
691,Aroma Bowl,Mysuru,Karnataka,Chinese / Indo-Chinese,4.4 ★,700,https://images.unsplash.com/photo-1504674900247-0877df9cc836?auto=format&fit=crop&w=800&q=80,"Temple Road, Mysuru"
692,Desi Meals,Chennai,Tamil Nadu,South Indian / Traditional,4.3 ★,250,https://images.unsplash.com/photo-1589301760014-d929f3979dbc?auto=format&fit=crop&w=800&q=80,"Adyar, Chennai"
693,Gandhinagar Snack Point,Gandhinagar,Gujarat,Street Food / Snacks,4.6 ★,250,https://images.unsplash.com/photo-1565299624946-b28f40a0ae38?auto=format&fit=crop&w=800&q=80,"Ring Road, Gandhinagar"
694,Jabalpur Chaat House,Jabalpur,Madhya Pradesh,Malwa / Poha-Jalebi,4.6 ★,300,https://images.unsplash.com/photo-1565299624946-b28f40a0ae38?auto=format&fit=crop&w=800&q=80,"Temple Road, Jabalpur"
695,Maharaja Tandoor House,Rishikesh,Uttarakhand,Punjabi / Dhaba,4.4 ★,950,https://images.unsplash.com/photo-1555396273-367ea4eb4db5?auto=format&fit=crop&w=800&q=80,"Ring Road, Rishikesh"
696,Mumbai Chaat Bhandar,Mumbai,Maharashtra,Street Food / Vada Pav,4.8 ★,300,https://images.unsplash.com/photo-1565299624946-b28f40a0ae38?auto=format&fit=crop&w=800&q=80,"Andheri West, Mumbai"
697,Spice Bhavan,Udupi,Karnataka,South Indian / Traditional,4.6 ★,400,https://images.unsplash.com/photo-1589301760014-d929f3979dbc?auto=format&fit=crop&w=800&q=80,"Old City, Udupi"
698,Jodhpur Rasoi,Jodhpur,Rajasthan,Rajasthani Thali,4.3 ★,1500,https://images.unsplash.com/photo-1610192244261-3f33de3b55e4?auto=format&fit=crop&w=800&q=80,"Bus Stand Road, Jodhpur"
699,Shree Chowk,Bhubaneswar,Odisha,Street Food / Snacks,4.3 ★,200,https://images.unsplash.com/photo-1565299624946-b28f40a0ae38?auto=format&fit=crop&w=800&q=80,"Nehru Chowk, Bhubaneswar"
700,Urban Kitchen,Kota,Rajasthan,Rajasthani Thali,4.4 ★,750,https://images.unsplash.com/photo-1610192244261-3f33de3b55e4?auto=format&fit=crop&w=800&q=80,"Civil Lines, Kota"
701,Mathura Tadka,Mathura,Uttar Pradesh,North Indian / Tandoor,4.5 ★,1400,https://images.unsplash.com/photo-1555396273-367ea4eb4db5?auto=format&fit=crop&w=800&q=80,"City Centre, Mathura"
702,Kesar Kitchen & Bar,Chennai,Tamil Nadu,Cafe / Continental,4.9 ★,950,https://images.unsplash.com/photo-1555396273-367ea4eb4db5?auto=format&fit=crop&w=800&q=80,"Nungambakkam, Chennai"
703,Solapur Snack Point,Solapur,Maharashtra,Maharashtrian / Misal & Snacks,4.5 ★,500,https://images.unsplash.com/photo-1565299624946-b28f40a0ae38?auto=format&fit=crop&w=800&q=80,"City Centre, Solapur"
704,Maharaja Rasoi,Gurugram,Haryana,Punjabi / Dhaba,4.8 ★,600,https://images.unsplash.com/photo-1555396273-367ea4eb4db5?auto=format&fit=crop&w=800&q=80,"Nehru Chowk, Gurugram"
705,Jai Pan Asia,Hyderabad,Telangana,Pan-Asian,4.6 ★,1100,https://images.unsplash.com/photo-1555396273-367ea4eb4db5?auto=format&fit=crop&w=800&q=80,"Madhapur, Hyderabad"
706,Jai Idli House,Salem,Tamil Nadu,South Indian / Tiffin,4.8 ★,350,https://images.unsplash.com/photo-1589301760014-d929f3979dbc?auto=format&fit=crop&w=800&q=80,"Civil Lines, Salem"
707,Masala Coffee Roasters,Ahmedabad,Gujarat,Bakery & Cafe,4.4 ★,550,https://images.unsplash.com/photo-1555396273-367ea4eb4db5?auto=format&fit=crop&w=800&q=80,"Navrangpura, Ahmedabad"
708,Ganga Kitchen,Ayodhya,Uttar Pradesh,North Indian / Tandoor,4.5 ★,1300,https://images.unsplash.com/photo-1555396273-367ea4eb4db5?auto=format&fit=crop&w=800&q=80,"Bazaar Street, Ayodhya"
709,Singh's Kitchen,Ludhiana,Punjab,North Indian / Tandoor,4.5 ★,700,https://images.unsplash.com/photo-1555396273-367ea4eb4db5?auto=format&fit=crop&w=800&q=80,"Sadar Bazaar, Ludhiana"
710,Gokul Dairy & Sweets,Gurugram,Haryana,Mithai & Snacks,4.6 ★,200,https://images.unsplash.com/photo-1565299624946-b28f40a0ae38?auto=format&fit=crop&w=800&q=80,"Bazaar Street, Gurugram"
711,Mumbai Fish Corner,Mumbai,Maharashtra,Malvani / Seafood,4.8 ★,1400,https://images.unsplash.com/photo-1504674900247-0877df9cc836?auto=format&fit=crop&w=800&q=80,"Chembur, Mumbai"
712,Kochi Fish Corner,Kochi,Kerala,Coastal / Seafood,4.7 ★,1400,https://images.unsplash.com/photo-1504674900247-0877df9cc836?auto=format&fit=crop&w=800&q=80,"City Centre, Kochi"
713,Kochi Courtyard,Kochi,Kerala,Multi-cuisine / Family,4.6 ★,1500,https://images.unsplash.com/photo-1555396273-367ea4eb4db5?auto=format&fit=crop&w=800&q=80,"Gandhi Road, Kochi"
714,Jalandhar Sweets & Snacks,Jalandhar,Punjab,Mithai & Snacks,4.7 ★,350,https://images.unsplash.com/photo-1565299624946-b28f40a0ae38?auto=format&fit=crop&w=800&q=80,"Lake Road, Jalandhar"
715,Raipur Kitchen,Raipur,Chhattisgarh,Punjabi / Dhaba,4.7 ★,1000,https://images.unsplash.com/photo-1555396273-367ea4eb4db5?auto=format&fit=crop&w=800&q=80,"MG Road, Raipur"
716,Khan's Mughal Kitchen,Thane,Maharashtra,Mughlai / North Indian,4.4 ★,900,https://images.unsplash.com/photo-1555396273-367ea4eb4db5?auto=format&fit=crop&w=800&q=80,"Kopri, Thane"
717,Famous Biryani Point,Bengaluru,Karnataka,Biryani & Kebabs,4.5 ★,500,https://images.unsplash.com/photo-1606474530462-8d76926720b7?auto=format&fit=crop&w=800&q=80,"Jayanagar, Bengaluru"
718,Original Kitchen,Cuttack,Odisha,Odia Thali,4.2 ★,650,https://images.unsplash.com/photo-1610192244261-3f33de3b55e4?auto=format&fit=crop&w=800&q=80,"Lake Road, Cuttack"
719,Spice Table,Bengaluru,Karnataka,Bakery & Cafe,4.8 ★,450,https://images.unsplash.com/photo-1555396273-367ea4eb4db5?auto=format&fit=crop&w=800&q=80,"Indiranagar, Bengaluru"
720,Masala Kitchen,Vadodara,Gujarat,Gujarati / Farsan,4.5 ★,250,https://images.unsplash.com/photo-1610192244261-3f33de3b55e4?auto=format&fit=crop&w=800&q=80,"Old City, Vadodara"
721,Shiv Handi,Hyderabad,Telangana,Hyderabadi Biryani,4.5 ★,1200,https://images.unsplash.com/photo-1606474530462-8d76926720b7?auto=format&fit=crop&w=800&q=80,"Gachibowli, Hyderabad"
722,Maharaja Signature,Nagpur,Maharashtra,Fine Dining / Multi-cuisine,4.5 ★,3350,https://images.unsplash.com/photo-1555396273-367ea4eb4db5?auto=format&fit=crop&w=800&q=80,"Bus Stand Road, Nagpur"
723,Jai Chat Corner,Varanasi,Uttar Pradesh,Street Food / Chaat,4.5 ★,300,https://images.unsplash.com/photo-1565299624946-b28f40a0ae38?auto=format&fit=crop&w=800&q=80,"Nehru Chowk, Varanasi"
724,Thiruvananthapuram Cafe & Kitchen,Thiruvananthapuram,Kerala,Bakery & Cafe,4.1 ★,500,https://images.unsplash.com/photo-1555396273-367ea4eb4db5?auto=format&fit=crop&w=800&q=80,"Temple Road, Thiruvananthapuram"
725,Moti Sea Catch,Thiruvananthapuram,Kerala,Malabar / Kerala Seafood,4.3 ★,1050,https://images.unsplash.com/photo-1504674900247-0877df9cc836?auto=format&fit=crop&w=800&q=80,"Old City, Thiruvananthapuram"
726,Dilli Fish Corner,Pune,Maharashtra,Malvani / Seafood,4.3 ★,1500,https://images.unsplash.com/photo-1504674900247-0877df9cc836?auto=format&fit=crop&w=800&q=80,"Deccan Gymkhana, Pune"
727,Bombay Bowl,Bengaluru,Karnataka,Chinese / Indo-Chinese,4.3 ★,1000,https://images.unsplash.com/photo-1504674900247-0877df9cc836?auto=format&fit=crop&w=800&q=80,"Church Street, Bengaluru"
728,Masala Thali House,Cuttack,Odisha,Odia Thali,4.3 ★,400,https://images.unsplash.com/photo-1610192244261-3f33de3b55e4?auto=format&fit=crop&w=800&q=80,"Temple Road, Cuttack"
729,Iyer's Mandarin,New Delhi,Delhi,Chinese / Indo-Chinese,4.0 ★,800,https://images.unsplash.com/photo-1504674900247-0877df9cc836?auto=format&fit=crop&w=800&q=80,"Nizamuddin, New Delhi"
730,Patna Da Dhaba,Patna,Bihar,Punjabi / Dhaba,4.2 ★,650,https://images.unsplash.com/photo-1555396273-367ea4eb4db5?auto=format&fit=crop&w=800&q=80,"Main Market, Patna"
731,Gwalior Chowk,Gwalior,Madhya Pradesh,Street Food / Chaat,4.0 ★,250,https://images.unsplash.com/photo-1565299624946-b28f40a0ae38?auto=format&fit=crop&w=800&q=80,"Bazaar Street, Gwalior"
732,Iyer's Fine Dining,New Delhi,Delhi,Fine Dining / Multi-cuisine,4.5 ★,4100,https://images.unsplash.com/photo-1555396273-367ea4eb4db5?auto=format&fit=crop&w=800&q=80,"Saket, New Delhi"
733,New Chat Corner,Lucknow,Uttar Pradesh,Banarasi / Chaat,4.4 ★,250,https://images.unsplash.com/photo-1565299624946-b28f40a0ae38?auto=format&fit=crop&w=800&q=80,"Chowk, Lucknow"
734,Royal Darbar,Bhopal,Madhya Pradesh,Bhopali / Non-Veg,4.5 ★,1000,https://images.unsplash.com/photo-1606474530462-8d76926720b7?auto=format&fit=crop&w=800&q=80,"Sadar Bazaar, Bhopal"
735,Sunrise Bakehouse,Dehradun,Uttarakhand,Cafe / Continental,4.4 ★,1300,https://images.unsplash.com/photo-1555396273-367ea4eb4db5?auto=format&fit=crop&w=800&q=80,"City Centre, Dehradun"
736,Lazeez Chopsticks,New Delhi,Delhi,Pan-Asian,4.3 ★,2150,https://images.unsplash.com/photo-1555396273-367ea4eb4db5?auto=format&fit=crop&w=800&q=80,"Chandni Chowk, New Delhi"
737,Shree Sea Catch,Thrissur,Kerala,Malabar / Kerala Seafood,4.6 ★,850,https://images.unsplash.com/photo-1504674900247-0877df9cc836?auto=format&fit=crop&w=800&q=80,"Civil Lines, Thrissur"
738,Varanasi Fine Dining,Varanasi,Uttar Pradesh,Fine Dining / Multi-cuisine,4.1 ★,3500,https://images.unsplash.com/photo-1555396273-367ea4eb4db5?auto=format&fit=crop&w=800&q=80,"Station Road, Varanasi"
739,Jai Kebab Corner,Kanpur,Uttar Pradesh,Awadhi / Non-Veg,4.5 ★,550,https://images.unsplash.com/photo-1606474530462-8d76926720b7?auto=format&fit=crop&w=800&q=80,"Main Market, Kanpur"
740,Amritsar Dawat,Amritsar,Punjab,Biryani & Kebabs,4.8 ★,650,https://images.unsplash.com/photo-1606474530462-8d76926720b7?auto=format&fit=crop&w=800&q=80,"Lake Road, Amritsar"
741,Kanpur Thela,Kanpur,Uttar Pradesh,Banarasi / Chaat,4.5 ★,300,https://images.unsplash.com/photo-1565299624946-b28f40a0ae38?auto=format&fit=crop&w=800&q=80,"Old City, Kanpur"
742,Bombay Rasoi,Bhavnagar,Gujarat,Gujarati / Farsan,4.6 ★,600,https://images.unsplash.com/photo-1610192244261-3f33de3b55e4?auto=format&fit=crop&w=800&q=80,"Station Road, Bhavnagar"
743,Jai Fine Dining,Bengaluru,Karnataka,Fine Dining / Multi-cuisine,4.1 ★,3000,https://images.unsplash.com/photo-1555396273-367ea4eb4db5?auto=format&fit=crop&w=800&q=80,"Jayanagar, Bengaluru"
744,Tasty Bhojanalaya,New Delhi,Delhi,Punjabi / Dhaba,4.5 ★,850,https://images.unsplash.com/photo-1555396273-367ea4eb4db5?auto=format&fit=crop&w=800&q=80,"Rajouri Garden, New Delhi"
745,Sunrise Chowk,Aurangabad,Maharashtra,Street Food / Vada Pav,4.3 ★,200,https://images.unsplash.com/photo-1565299624946-b28f40a0ae38?auto=format&fit=crop&w=800&q=80,"City Centre, Aurangabad"
746,Dehradun Kitchen & Bar,Dehradun,Uttarakhand,Bakery & Cafe,4.6 ★,400,https://images.unsplash.com/photo-1555396273-367ea4eb4db5?auto=format&fit=crop&w=800&q=80,"Temple Road, Dehradun"
747,Urban Grand Dining,Udupi,Karnataka,Multi-cuisine / Family,4.7 ★,1000,https://images.unsplash.com/photo-1555396273-367ea4eb4db5?auto=format&fit=crop&w=800&q=80,"Sadar Bazaar, Udupi"
748,Mumbai Brew House,Mumbai,Maharashtra,Bakery & Cafe,4.3 ★,500,https://images.unsplash.com/photo-1555396273-367ea4eb4db5?auto=format&fit=crop&w=800&q=80,"Fort, Mumbai"
749,Kesar Pan Asia,Ahmedabad,Gujarat,Chinese / Indo-Chinese,4.4 ★,900,https://images.unsplash.com/photo-1504674900247-0877df9cc836?auto=format&fit=crop&w=800&q=80,"Satellite, Ahmedabad"
750,Gokul Rasoi,Varanasi,Uttar Pradesh,North Indian / Tandoor,4.6 ★,1150,https://images.unsplash.com/photo-1555396273-367ea4eb4db5?auto=format&fit=crop&w=800&q=80,"Civil Lines, Varanasi"
751,Manali Kitchen,Manali,Himachal Pradesh,Punjabi / Dhaba,4.5 ★,650,https://images.unsplash.com/photo-1555396273-367ea4eb4db5?auto=format&fit=crop&w=800&q=80,"Ring Road, Manali"
752,Golden Biryani Kitchen,Hubballi,Karnataka,Biryani & Kebabs,4.4 ★,400,https://images.unsplash.com/photo-1606474530462-8d76926720b7?auto=format&fit=crop&w=800&q=80,"Old City, Hubballi"
753,Sri Krishna Sweets & Snacks,Patna,Bihar,Mithai & Snacks,4.5 ★,350,https://images.unsplash.com/photo-1565299624946-b28f40a0ae38?auto=format&fit=crop&w=800&q=80,"MG Road, Patna"
754,Green Grand Dining,Gurugram,Haryana,Fine Dining / Multi-cuisine,4.4 ★,2750,https://images.unsplash.com/photo-1555396273-367ea4eb4db5?auto=format&fit=crop&w=800&q=80,"Temple Road, Gurugram"
755,Rajkot Bakehouse,Rajkot,Gujarat,Cafe / Continental,4.6 ★,650,https://images.unsplash.com/photo-1555396273-367ea4eb4db5?auto=format&fit=crop&w=800&q=80,"Main Market, Rajkot"
756,Singh's Pan Asia,Kolkata,West Bengal,Indo-Chinese / Kolkata,4.3 ★,850,https://images.unsplash.com/photo-1504674900247-0877df9cc836?auto=format&fit=crop&w=800&q=80,"College Street, Kolkata"
757,Pune Brew House,Pune,Maharashtra,Parsi / Irani Cafe,4.3 ★,900,https://images.unsplash.com/photo-1555396273-367ea4eb4db5?auto=format&fit=crop&w=800&q=80,"FC Road, Pune"
758,Shiv Kitchen,Alleppey,Kerala,Kerala Meals / Sadya,4.4 ★,650,https://images.unsplash.com/photo-1610192244261-3f33de3b55e4?auto=format&fit=crop&w=800&q=80,"Old City, Alleppey"
759,Hubballi Filter Coffee House,Hubballi,Karnataka,South Indian / Tiffin,4.5 ★,300,https://images.unsplash.com/photo-1589301760014-d929f3979dbc?auto=format&fit=crop&w=800&q=80,"Gandhi Road, Hubballi"
760,Shree Thela,Bhopal,Madhya Pradesh,Malwa / Poha-Jalebi,4.2 ★,350,https://images.unsplash.com/photo-1565299624946-b28f40a0ae38?auto=format&fit=crop&w=800&q=80,"Temple Road, Bhopal"
761,Zaika Bowl,Gangtok,Sikkim,Tibetan / Momos,4.7 ★,550,https://images.unsplash.com/photo-1565299624946-b28f40a0ae38?auto=format&fit=crop&w=800&q=80,"Ring Road, Gangtok"
762,Ludhiana Bakehouse,Ludhiana,Punjab,Cafe / Continental,4.5 ★,1000,https://images.unsplash.com/photo-1555396273-367ea4eb4db5?auto=format&fit=crop&w=800&q=80,"Temple Road, Ludhiana"
763,Sagar Chaat House,Dibrugarh,Assam,Street Food / Snacks,4.7 ★,400,https://images.unsplash.com/photo-1565299624946-b28f40a0ae38?auto=format&fit=crop&w=800&q=80,"Bus Stand Road, Dibrugarh"
764,Original Bakehouse,Raipur,Chhattisgarh,Cafe / Continental,4.9 ★,1150,https://images.unsplash.com/photo-1555396273-367ea4eb4db5?auto=format&fit=crop&w=800&q=80,"Main Market, Raipur"
765,Kesar Kitchen,Vadodara,Gujarat,Italian / Pizza,4.5 ★,900,https://images.unsplash.com/photo-1555396273-367ea4eb4db5?auto=format&fit=crop&w=800&q=80,"Bazaar Street, Vadodara"
766,Salem Handi,Salem,Tamil Nadu,Biryani & Kebabs,4.2 ★,400,https://images.unsplash.com/photo-1606474530462-8d76926720b7?auto=format&fit=crop&w=800&q=80,"City Centre, Salem"
767,Patna Chowk,Patna,Bihar,Bihari / Litti Chokha,4.5 ★,400,https://images.unsplash.com/photo-1565299624946-b28f40a0ae38?auto=format&fit=crop&w=800&q=80,"Main Market, Patna"
768,Mathura Bowl,Mathura,Uttar Pradesh,Chinese / Indo-Chinese,4.6 ★,700,https://images.unsplash.com/photo-1504674900247-0877df9cc836?auto=format&fit=crop&w=800&q=80,"Nehru Chowk, Mathura"
769,Sunrise Nawabi Kitchen,Agra,Uttar Pradesh,Awadhi / Non-Veg,4.4 ★,750,https://images.unsplash.com/photo-1606474530462-8d76926720b7?auto=format&fit=crop&w=800&q=80,"Old City, Agra"
770,Masala Cafe,Nainital,Uttarakhand,Pahadi / Uttarakhandi,4.4 ★,450,https://images.unsplash.com/photo-1610192244261-3f33de3b55e4?auto=format&fit=crop&w=800&q=80,"Nehru Chowk, Nainital"
771,Rangoli Meals,Guntur,Andhra Pradesh,South Indian / Tiffin,4.5 ★,300,https://images.unsplash.com/photo-1589301760014-d929f3979dbc?auto=format&fit=crop&w=800&q=80,"MG Road, Guntur"
772,Gokul Sweets & Snacks,Udaipur,Rajasthan,Mithai & Snacks,4.4 ★,250,https://images.unsplash.com/photo-1565299624946-b28f40a0ae38?auto=format&fit=crop&w=800&q=80,"Gandhi Road, Udaipur"
773,Hyderabad Kitchen,Hyderabad,Telangana,Andhra Meals,4.7 ★,500,https://images.unsplash.com/photo-1610192244261-3f33de3b55e4?auto=format&fit=crop&w=800&q=80,"Abids, Hyderabad"
774,Patna Biryani Point,Patna,Bihar,Biryani & Kebabs,4.6 ★,750,https://images.unsplash.com/photo-1606474530462-8d76926720b7?auto=format&fit=crop&w=800&q=80,"Lake Road, Patna"
775,Tasty Biryani House,Ujjain,Madhya Pradesh,Bhopali / Non-Veg,4.6 ★,850,https://images.unsplash.com/photo-1606474530462-8d76926720b7?auto=format&fit=crop&w=800&q=80,"Station Road, Ujjain"
776,Hyderabad Dastarkhwan,Hyderabad,Telangana,Hyderabadi / Mughlai,4.8 ★,1150,https://images.unsplash.com/photo-1606474530462-8d76926720b7?auto=format&fit=crop&w=800&q=80,"Abids, Hyderabad"
777,Bengaluru Meals,Bengaluru,Karnataka,Filter Coffee & Tiffin,4.4 ★,450,https://images.unsplash.com/photo-1589301760014-d929f3979dbc?auto=format&fit=crop&w=800&q=80,"Malleshwaram, Bengaluru"
778,Gupta's Fish Corner,Margao,Goa,Goan Seafood,4.3 ★,1600,https://images.unsplash.com/photo-1504674900247-0877df9cc836?auto=format&fit=crop&w=800&q=80,"Bus Stand Road, Margao"
779,Sai Fish Thali House,Kolhapur,Maharashtra,Malvani / Seafood,4.7 ★,1300,https://images.unsplash.com/photo-1504674900247-0877df9cc836?auto=format&fit=crop&w=800&q=80,"Old City, Kolhapur"
780,Classic Meals,Tiruchirappalli,Tamil Nadu,South Indian / Tiffin,4.4 ★,250,https://images.unsplash.com/photo-1589301760014-d929f3979dbc?auto=format&fit=crop&w=800&q=80,"Civil Lines, Tiruchirappalli"
781,Sunrise Table,New Delhi,Delhi,Bakery & Cafe,4.2 ★,900,https://images.unsplash.com/photo-1555396273-367ea4eb4db5?auto=format&fit=crop&w=800&q=80,"Karol Bagh, New Delhi"
782,Gupta's Thali House,Bhavnagar,Gujarat,Gujarati Thali,4.9 ★,750,https://images.unsplash.com/photo-1610192244261-3f33de3b55e4?auto=format&fit=crop&w=800&q=80,"Ring Road, Bhavnagar"
783,Sunrise Pan Asia,Bhubaneswar,Odisha,Chinese / Indo-Chinese,4.5 ★,700,https://images.unsplash.com/photo-1504674900247-0877df9cc836?auto=format&fit=crop&w=800&q=80,"Old City, Bhubaneswar"
784,Rustic Bakehouse,Bengaluru,Karnataka,Cafe / Continental,4.7 ★,850,https://images.unsplash.com/photo-1555396273-367ea4eb4db5?auto=format&fit=crop&w=800&q=80,"Basavanagudi, Bengaluru"
785,Noida Dastarkhwan,Noida,Uttar Pradesh,Kebabs & Biryani,4.9 ★,550,https://images.unsplash.com/photo-1606474530462-8d76926720b7?auto=format&fit=crop&w=800&q=80,"Main Market, Noida"
786,Heritage Tiffin Room,Mysuru,Karnataka,Filter Coffee & Tiffin,4.6 ★,450,https://images.unsplash.com/photo-1589301760014-d929f3979dbc?auto=format&fit=crop&w=800&q=80,"City Centre, Mysuru"
787,Grand Filter Coffee House,Madurai,Tamil Nadu,South Indian / Traditional,4.0 ★,400,https://images.unsplash.com/photo-1589301760014-d929f3979dbc?auto=format&fit=crop&w=800&q=80,"Temple Road, Madurai"
788,Urban Pan Asia,Kochi,Kerala,Chinese / Indo-Chinese,4.4 ★,900,https://images.unsplash.com/photo-1504674900247-0877df9cc836?auto=format&fit=crop&w=800&q=80,"Bus Stand Road, Kochi"
789,Crown Cafe & Kitchen,Pune,Maharashtra,Cafe / Continental,4.3 ★,1250,https://images.unsplash.com/photo-1555396273-367ea4eb4db5?auto=format&fit=crop&w=800&q=80,"Camp, Pune"
790,Famous Fine Dining,Panaji,Goa,Multi-cuisine / Family,4.6 ★,1400,https://images.unsplash.com/photo-1555396273-367ea4eb4db5?auto=format&fit=crop&w=800&q=80,"City Centre, Panaji"
791,Golden Street Bites,Mumbai,Maharashtra,Street Food / Vada Pav,4.5 ★,100,https://images.unsplash.com/photo-1565299624946-b28f40a0ae38?auto=format&fit=crop&w=800&q=80,"Girgaon, Mumbai"
792,Patel's Seafood Kitchen,Bhubaneswar,Odisha,Odisha Seafood,4.7 ★,500,https://images.unsplash.com/photo-1504674900247-0877df9cc836?auto=format&fit=crop&w=800&q=80,"Station Road, Bhubaneswar"
793,Spice Mughal Kitchen,Kanpur,Uttar Pradesh,Awadhi / Non-Veg,4.2 ★,800,https://images.unsplash.com/photo-1606474530462-8d76926720b7?auto=format&fit=crop&w=800&q=80,"Temple Road, Kanpur"
794,Royal Table,Shimla,Himachal Pradesh,Tibetan / Momos,4.3 ★,300,https://images.unsplash.com/photo-1565299624946-b28f40a0ae38?auto=format&fit=crop&w=800&q=80,"City Centre, Shimla"
795,Jodhpur Nukkad,Jodhpur,Rajasthan,Street Food / Snacks,4.1 ★,250,https://images.unsplash.com/photo-1565299624946-b28f40a0ae38?auto=format&fit=crop&w=800&q=80,"Station Road, Jodhpur"
796,Aroma Mithai Wala,Delhi,Delhi,Mithai & Snacks,4.6 ★,500,https://images.unsplash.com/photo-1565299624946-b28f40a0ae38?auto=format&fit=crop&w=800&q=80,"Hauz Khas Village, Delhi"
797,Aroma Dining Hall,Jodhpur,Rajasthan,Laal Maas / Rajasthani Non-Veg,4.7 ★,650,https://images.unsplash.com/photo-1504674900247-0877df9cc836?auto=format&fit=crop&w=800&q=80,"Main Market, Jodhpur"
798,Chotu's Tandoor,New Delhi,Delhi,Kebabs & Biryani,4.3 ★,700,https://images.unsplash.com/photo-1606474530462-8d76926720b7?auto=format&fit=crop&w=800&q=80,"Paharganj, New Delhi"
799,Heritage Curry House,Patna,Bihar,Punjabi / Dhaba,4.6 ★,550,https://images.unsplash.com/photo-1555396273-367ea4eb4db5?auto=format&fit=crop&w=800&q=80,"Nehru Chowk, Patna"
800,Rangoli Pan Asia,Lucknow,Uttar Pradesh,Chinese / Indo-Chinese,4.6 ★,600,https://images.unsplash.com/photo-1504674900247-0877df9cc836?auto=format&fit=crop&w=800&q=80,"Hazratganj, Lucknow"
801,Imphal Kitchen,Imphal,Manipur,Assamese Thali,4.7 ★,850,https://images.unsplash.com/photo-1610192244261-3f33de3b55e4?auto=format&fit=crop&w=800&q=80,"Temple Road, Imphal"
802,Lazeez Oven,Indore,Madhya Pradesh,Italian / Pizza,4.9 ★,1400,https://images.unsplash.com/photo-1555396273-367ea4eb4db5?auto=format&fit=crop&w=800&q=80,"Main Market, Indore"
803,Delhi Cafe & Kitchen,Delhi,Delhi,Bakery & Cafe,4.7 ★,800,https://images.unsplash.com/photo-1555396273-367ea4eb4db5?auto=format&fit=crop&w=800&q=80,"Chandni Chowk, Delhi"
804,Sagar Halwai,Faridabad,Haryana,Mithai & Snacks,4.6 ★,300,https://images.unsplash.com/photo-1565299624946-b28f40a0ae38?auto=format&fit=crop&w=800&q=80,"Bazaar Street, Faridabad"
805,Kanpur Snack Point,Kanpur,Uttar Pradesh,Street Food / Chaat,4.5 ★,350,https://images.unsplash.com/photo-1565299624946-b28f40a0ae38?auto=format&fit=crop&w=800&q=80,"Bus Stand Road, Kanpur"
806,Tasty Bhandar,Bhopal,Madhya Pradesh,Mithai & Snacks,4.8 ★,400,https://images.unsplash.com/photo-1565299624946-b28f40a0ae38?auto=format&fit=crop&w=800&q=80,"MG Road, Bhopal"
807,Star Chowk,Ujjain,Madhya Pradesh,Malwa / Poha-Jalebi,4.6 ★,300,https://images.unsplash.com/photo-1565299624946-b28f40a0ae38?auto=format&fit=crop&w=800&q=80,"Lake Road, Ujjain"
808,Ranchi Dhaba,Ranchi,Jharkhand,Punjabi / Dhaba,4.6 ★,850,https://images.unsplash.com/photo-1555396273-367ea4eb4db5?auto=format&fit=crop&w=800&q=80,"Station Road, Ranchi"
809,Masala Coastal Kitchen,Kozhikode,Kerala,Coastal / Seafood,4.3 ★,1200,https://images.unsplash.com/photo-1504674900247-0877df9cc836?auto=format&fit=crop&w=800&q=80,"Sadar Bazaar, Kozhikode"
810,Chennai Filter Coffee House,Chennai,Tamil Nadu,South Indian / Traditional,4.3 ★,350,https://images.unsplash.com/photo-1589301760014-d929f3979dbc?auto=format&fit=crop&w=800&q=80,"Alwarpet, Chennai"
811,New Seafood Kitchen,Lonavala,Maharashtra,Malvani / Seafood,4.8 ★,1500,https://images.unsplash.com/photo-1504674900247-0877df9cc836?auto=format&fit=crop&w=800&q=80,"Sadar Bazaar, Lonavala"
812,Heritage Pan Asia,Indore,Madhya Pradesh,Chinese / Indo-Chinese,4.7 ★,500,https://images.unsplash.com/photo-1504674900247-0877df9cc836?auto=format&fit=crop&w=800&q=80,"Temple Road, Indore"
813,New Delhi Jalebi House,New Delhi,Delhi,Mithai & Snacks,4.4 ★,300,https://images.unsplash.com/photo-1565299624946-b28f40a0ae38?auto=format&fit=crop&w=800&q=80,"Paharganj, New Delhi"
814,Singh's Coffee Roasters,Ahmedabad,Gujarat,Bakery & Cafe,4.6 ★,450,https://images.unsplash.com/photo-1555396273-367ea4eb4db5?auto=format&fit=crop&w=800&q=80,"Law Garden, Ahmedabad"
815,Nawab Coffee Roasters,Lucknow,Uttar Pradesh,Bakery & Cafe,4.5 ★,350,https://images.unsplash.com/photo-1555396273-367ea4eb4db5?auto=format&fit=crop&w=800&q=80,"Alambagh, Lucknow"
816,Amritsar Signature,Amritsar,Punjab,Multi-cuisine / Family,4.6 ★,750,https://images.unsplash.com/photo-1555396273-367ea4eb4db5?auto=format&fit=crop&w=800&q=80,"Bazaar Street, Amritsar"
817,Lucky Kebab Corner,Srinagar,Jammu and Kashmir,Kashmiri / Wazwan,4.3 ★,800,https://images.unsplash.com/photo-1555396273-367ea4eb4db5?auto=format&fit=crop&w=800&q=80,"Old City, Srinagar"
818,Sharma's Rasoi,Nainital,Uttarakhand,Pahadi / Uttarakhandi,4.8 ★,550,https://images.unsplash.com/photo-1610192244261-3f33de3b55e4?auto=format&fit=crop&w=800&q=80,"Temple Road, Nainital"
819,Star Bistro,Varanasi,Uttar Pradesh,Italian / Pizza,4.4 ★,1300,https://images.unsplash.com/photo-1555396273-367ea4eb4db5?auto=format&fit=crop&w=800&q=80,"Nehru Chowk, Varanasi"
820,Nawab Pasta House,Ranchi,Jharkhand,Italian / Pizza,4.9 ★,750,https://images.unsplash.com/photo-1555396273-367ea4eb4db5?auto=format&fit=crop&w=800&q=80,"Ring Road, Ranchi"
821,Dehradun Brew House,Dehradun,Uttarakhand,Cafe / Continental,4.5 ★,750,https://images.unsplash.com/photo-1555396273-367ea4eb4db5?auto=format&fit=crop&w=800&q=80,"Bazaar Street, Dehradun"
822,Nair's Idli House,Chennai,Tamil Nadu,South Indian / Tiffin,4.4 ★,500,https://images.unsplash.com/photo-1589301760014-d929f3979dbc?auto=format&fit=crop&w=800&q=80,"Alwarpet, Chennai"
823,New Mandarin,Jamshedpur,Jharkhand,Chinese / Indo-Chinese,4.7 ★,900,https://images.unsplash.com/photo-1504674900247-0877df9cc836?auto=format&fit=crop&w=800&q=80,"Ring Road, Jamshedpur"
824,Ananda Cafe,Bengaluru,Karnataka,Bakery & Cafe,4.3 ★,800,https://images.unsplash.com/photo-1555396273-367ea4eb4db5?auto=format&fit=crop&w=800&q=80,"HSR Layout, Bengaluru"
825,Jai Biryani Kitchen,Madurai,Tamil Nadu,Biryani & Kebabs,4.8 ★,950,https://images.unsplash.com/photo-1606474530462-8d76926720b7?auto=format&fit=crop&w=800&q=80,"Bus Stand Road, Madurai"
826,Pune Chaat House,Pune,Maharashtra,Maharashtrian / Misal & Snacks,4.5 ★,200,https://images.unsplash.com/photo-1565299624946-b28f40a0ae38?auto=format&fit=crop&w=800&q=80,"FC Road, Pune"
827,Swad Bistro,Bengaluru,Karnataka,Italian / Pizza,4.9 ★,1600,https://images.unsplash.com/photo-1555396273-367ea4eb4db5?auto=format&fit=crop&w=800&q=80,"HSR Layout, Bengaluru"
828,Sai Street Bites,Kolkata,West Bengal,Kolkata Street Food / Rolls,4.4 ★,300,https://images.unsplash.com/photo-1565299624946-b28f40a0ae38?auto=format&fit=crop&w=800&q=80,"Ballygunge, Kolkata"
829,Noida Cafe & Kitchen,Noida,Uttar Pradesh,Cafe / Continental,4.8 ★,1050,https://images.unsplash.com/photo-1555396273-367ea4eb4db5?auto=format&fit=crop&w=800&q=80,"Old City, Noida"
830,Heritage Bowl,Ahmedabad,Gujarat,Chinese / Indo-Chinese,4.3 ★,950,https://images.unsplash.com/photo-1504674900247-0877df9cc836?auto=format&fit=crop&w=800&q=80,"SG Highway, Ahmedabad"
831,Bombay Filter Coffee House,Bengaluru,Karnataka,South Indian / Traditional,4.3 ★,350,https://images.unsplash.com/photo-1589301760014-d929f3979dbc?auto=format&fit=crop&w=800&q=80,"MG Road, Bengaluru"
832,Mumbai Grand Dining,Mumbai,Maharashtra,Fine Dining / Multi-cuisine,4.3 ★,2700,https://images.unsplash.com/photo-1555396273-367ea4eb4db5?auto=format&fit=crop&w=800&q=80,"Malad West, Mumbai"
833,Moti Biryani Point,Kozhikode,Kerala,Biryani & Kebabs,4.6 ★,650,https://images.unsplash.com/photo-1606474530462-8d76926720b7?auto=format&fit=crop&w=800&q=80,"Sadar Bazaar, Kozhikode"
834,Shree Dragon,Kolkata,West Bengal,Indo-Chinese / Kolkata,4.4 ★,500,https://images.unsplash.com/photo-1504674900247-0877df9cc836?auto=format&fit=crop&w=800&q=80,"Camac Street, Kolkata"
835,Sri Krishna Udupi Kitchen,Coimbatore,Tamil Nadu,South Indian / Traditional,4.5 ★,250,https://images.unsplash.com/photo-1589301760014-d929f3979dbc?auto=format&fit=crop&w=800&q=80,"City Centre, Coimbatore"
836,Dilli Bhojanalaya,Srinagar,Jammu and Kashmir,Punjabi / Dhaba,4.6 ★,900,https://images.unsplash.com/photo-1555396273-367ea4eb4db5?auto=format&fit=crop&w=800&q=80,"Sadar Bazaar, Srinagar"
837,Sagar Village Dining,Kochi,Kerala,Kerala Meals / Sadya,4.3 ★,550,https://images.unsplash.com/photo-1610192244261-3f33de3b55e4?auto=format&fit=crop&w=800&q=80,"MG Road, Kochi"
838,Jaipur Mandarin,Jaipur,Rajasthan,Chinese / Indo-Chinese,4.7 ★,750,https://images.unsplash.com/photo-1504674900247-0877df9cc836?auto=format&fit=crop&w=800&q=80,"MI Road, Jaipur"
839,Masala Table,Coimbatore,Tamil Nadu,Multi-cuisine / Family,4.3 ★,1300,https://images.unsplash.com/photo-1555396273-367ea4eb4db5?auto=format&fit=crop&w=800&q=80,"Lake Road, Coimbatore"
840,Chennai Wok,Chennai,Tamil Nadu,Chinese / Indo-Chinese,4.5 ★,750,https://images.unsplash.com/photo-1504674900247-0877df9cc836?auto=format&fit=crop&w=800&q=80,"T Nagar, Chennai"
841,New Delhi Pan Asia,New Delhi,Delhi,Pan-Asian,4.5 ★,2350,https://images.unsplash.com/photo-1555396273-367ea4eb4db5?auto=format&fit=crop&w=800&q=80,"Nizamuddin, New Delhi"
842,Guntur Dum Biryani,Guntur,Andhra Pradesh,Biryani & Kebabs,4.6 ★,500,https://images.unsplash.com/photo-1606474530462-8d76926720b7?auto=format&fit=crop&w=800&q=80,"Lake Road, Guntur"
843,Mumbai Oven,Mumbai,Maharashtra,Italian / Pizza,4.7 ★,1450,https://images.unsplash.com/photo-1555396273-367ea4eb4db5?auto=format&fit=crop&w=800&q=80,"Chembur, Mumbai"
844,Mussoorie Coffee Roasters,Mussoorie,Uttarakhand,Cafe / Continental,4.6 ★,750,https://images.unsplash.com/photo-1555396273-367ea4eb4db5?auto=format&fit=crop&w=800&q=80,"Ring Road, Mussoorie"
845,Heritage Dawat,Kochi,Kerala,Biryani & Kebabs,4.4 ★,650,https://images.unsplash.com/photo-1606474530462-8d76926720b7?auto=format&fit=crop&w=800&q=80,"Nehru Chowk, Kochi"
846,Ranchi Restaurant,Ranchi,Jharkhand,Multi-cuisine / Family,4.3 ★,1300,https://images.unsplash.com/photo-1555396273-367ea4eb4db5?auto=format&fit=crop&w=800&q=80,"Temple Road, Ranchi"
847,Moti Chopsticks,Ranchi,Jharkhand,Pan-Asian,4.7 ★,2500,https://images.unsplash.com/photo-1555396273-367ea4eb4db5?auto=format&fit=crop&w=800&q=80,"Bus Stand Road, Ranchi"
848,Zaika Cafe,Mussoorie,Uttarakhand,Pahadi / Uttarakhandi,4.3 ★,750,https://images.unsplash.com/photo-1610192244261-3f33de3b55e4?auto=format&fit=crop&w=800&q=80,"Old City, Mussoorie"
849,Urban Bhojanalaya,Gorakhpur,Uttar Pradesh,North Indian / Tandoor,4.2 ★,950,https://images.unsplash.com/photo-1555396273-367ea4eb4db5?auto=format&fit=crop&w=800&q=80,"Gandhi Road, Gorakhpur"
850,Gurugram Coffee Roasters,Gurugram,Haryana,Cafe / Continental,4.1 ★,750,https://images.unsplash.com/photo-1555396273-367ea4eb4db5?auto=format&fit=crop&w=800&q=80,"Bus Stand Road, Gurugram"
851,Sunrise Dining Hall,Mumbai,Maharashtra,Maharashtrian / Thali,4.0 ★,850,https://images.unsplash.com/photo-1610192244261-3f33de3b55e4?auto=format&fit=crop&w=800&q=80,"Lower Parel, Mumbai"
852,Ayodhya Mithai Wala,Ayodhya,Uttar Pradesh,Mithai & Snacks,4.8 ★,300,https://images.unsplash.com/photo-1565299624946-b28f40a0ae38?auto=format&fit=crop&w=800&q=80,"Civil Lines, Ayodhya"
853,Leh Kitchen & Bar,Leh,Ladakh,Cafe / Continental,4.2 ★,650,https://images.unsplash.com/photo-1555396273-367ea4eb4db5?auto=format&fit=crop&w=800&q=80,"Mall Road, Leh"
854,Thane Cafe,Thane,Maharashtra,Cafe / Continental,4.2 ★,1150,https://images.unsplash.com/photo-1555396273-367ea4eb4db5?auto=format&fit=crop&w=800&q=80,"Ghodbunder Road, Thane"
855,Nawab Chaat House,Indore,Madhya Pradesh,Street Food / Chaat,4.4 ★,450,https://images.unsplash.com/photo-1565299624946-b28f40a0ae38?auto=format&fit=crop&w=800&q=80,"MG Road, Indore"
856,Royal Thela,Mumbai,Maharashtra,Maharashtrian / Misal & Snacks,4.9 ★,400,https://images.unsplash.com/photo-1565299624946-b28f40a0ae38?auto=format&fit=crop&w=800&q=80,"Bandra West, Mumbai"
857,Gaya Thela,Gaya,Bihar,Bihari / Litti Chokha,4.7 ★,250,https://images.unsplash.com/photo-1565299624946-b28f40a0ae38?auto=format&fit=crop&w=800&q=80,"Station Road, Gaya"
858,Hyderabad Mandarin,Hyderabad,Telangana,Pan-Asian,4.3 ★,1700,https://images.unsplash.com/photo-1555396273-367ea4eb4db5?auto=format&fit=crop&w=800&q=80,"Banjara Hills, Hyderabad"
859,Bhubaneswar Cafe,Bhubaneswar,Odisha,Cafe / Continental,4.6 ★,1500,https://images.unsplash.com/photo-1555396273-367ea4eb4db5?auto=format&fit=crop&w=800&q=80,"Station Road, Bhubaneswar"
860,Urban Restaurant,Delhi,Delhi,Fine Dining / Multi-cuisine,4.6 ★,2250,https://images.unsplash.com/photo-1555396273-367ea4eb4db5?auto=format&fit=crop&w=800&q=80,"Greater Kailash, Delhi"
861,Baba's Curry House,Agra,Uttar Pradesh,North Indian / Tandoor,4.7 ★,900,https://images.unsplash.com/photo-1555396273-367ea4eb4db5?auto=format&fit=crop&w=800&q=80,"Old City, Agra"
862,Ahmedabad Dragon,Ahmedabad,Gujarat,Chinese / Indo-Chinese,4.6 ★,700,https://images.unsplash.com/photo-1504674900247-0877df9cc836?auto=format&fit=crop&w=800&q=80,"CG Road, Ahmedabad"
863,Sri Krishna Signature,Varanasi,Uttar Pradesh,Multi-cuisine / Family,4.5 ★,650,https://images.unsplash.com/photo-1555396273-367ea4eb4db5?auto=format&fit=crop&w=800&q=80,"Civil Lines, Varanasi"
864,Chandigarh Chaat House,Chandigarh,Chandigarh,Street Food / Chaat,4.6 ★,300,https://images.unsplash.com/photo-1565299624946-b28f40a0ae38?auto=format&fit=crop&w=800&q=80,"MG Road, Chandigarh"
865,Dilli Grand Dining,Chandigarh,Chandigarh,Fine Dining / Multi-cuisine,4.9 ★,3300,https://images.unsplash.com/photo-1555396273-367ea4eb4db5?auto=format&fit=crop&w=800&q=80,"Temple Road, Chandigarh"
866,Gokul Snack Point,Gaya,Bihar,Bihari / Litti Chokha,4.5 ★,350,https://images.unsplash.com/photo-1565299624946-b28f40a0ae38?auto=format&fit=crop&w=800&q=80,"Sadar Bazaar, Gaya"
867,Mumbai Annapurna,Mumbai,Maharashtra,Maharashtrian / Thali,4.1 ★,850,https://images.unsplash.com/photo-1610192244261-3f33de3b55e4?auto=format&fit=crop&w=800&q=80,"Juhu, Mumbai"
868,Urban Chaat Bhandar,Bhubaneswar,Odisha,Street Food / Snacks,4.5 ★,250,https://images.unsplash.com/photo-1565299624946-b28f40a0ae38?auto=format&fit=crop&w=800&q=80,"Temple Road, Bhubaneswar"
869,Jaipur Slice,Jaipur,Rajasthan,Italian / Pizza,4.7 ★,1750,https://images.unsplash.com/photo-1555396273-367ea4eb4db5?auto=format&fit=crop&w=800&q=80,"Bani Park, Jaipur"
870,Chotu's Brew House,Salem,Tamil Nadu,Cafe / Continental,4.7 ★,850,https://images.unsplash.com/photo-1555396273-367ea4eb4db5?auto=format&fit=crop&w=800&q=80,"Temple Road, Salem"
871,Ganga Fine Dining,Kozhikode,Kerala,Multi-cuisine / Family,4.7 ★,900,https://images.unsplash.com/photo-1555396273-367ea4eb4db5?auto=format&fit=crop&w=800&q=80,"Bazaar Street, Kozhikode"
872,Grand Catch of the Day,Aurangabad,Maharashtra,Malvani / Seafood,4.7 ★,1000,https://images.unsplash.com/photo-1504674900247-0877df9cc836?auto=format&fit=crop&w=800&q=80,"Civil Lines, Aurangabad"
873,Jodhpur Halwai,Jodhpur,Rajasthan,Mithai & Snacks,4.3 ★,250,https://images.unsplash.com/photo-1565299624946-b28f40a0ae38?auto=format&fit=crop&w=800&q=80,"Main Market, Jodhpur"
874,Heritage Meals,Chennai,Tamil Nadu,Filter Coffee & Tiffin,4.3 ★,350,https://images.unsplash.com/photo-1589301760014-d929f3979dbc?auto=format&fit=crop&w=800&q=80,"Nungambakkam, Chennai"
875,Aroma Dragon,Delhi,Delhi,Pan-Asian,4.9 ★,2400,https://images.unsplash.com/photo-1555396273-367ea4eb4db5?auto=format&fit=crop&w=800&q=80,"Khan Market, Delhi"
876,Nair's Pizzeria,Mumbai,Maharashtra,Italian / Pizza,4.7 ★,1850,https://images.unsplash.com/photo-1555396273-367ea4eb4db5?auto=format&fit=crop&w=800&q=80,"Bandra West, Mumbai"
877,Crown Annapurna,Imphal,Manipur,Assamese Thali,4.3 ★,750,https://images.unsplash.com/photo-1610192244261-3f33de3b55e4?auto=format&fit=crop&w=800&q=80,"Bus Stand Road, Imphal"
878,New Tadka,Jabalpur,Madhya Pradesh,Punjabi / Dhaba,4.6 ★,950,https://images.unsplash.com/photo-1555396273-367ea4eb4db5?auto=format&fit=crop&w=800&q=80,"Bazaar Street, Jabalpur"
879,Saffron Tandoor House,Gurugram,Haryana,North Indian / Tandoor,4.6 ★,1250,https://images.unsplash.com/photo-1555396273-367ea4eb4db5?auto=format&fit=crop&w=800&q=80,"Nehru Chowk, Gurugram"
880,New Bhojan,Udaipur,Rajasthan,Laal Maas / Rajasthani Non-Veg,4.3 ★,1350,https://images.unsplash.com/photo-1504674900247-0877df9cc836?auto=format&fit=crop&w=800&q=80,"Nehru Chowk, Udaipur"
881,Ganga Biryani Darbar,Ayodhya,Uttar Pradesh,Biryani & Kebabs,4.4 ★,500,https://images.unsplash.com/photo-1606474530462-8d76926720b7?auto=format&fit=crop&w=800&q=80,"Station Road, Ayodhya"
882,Ludhiana Nukkad,Ludhiana,Punjab,Street Food / Chaat,4.5 ★,350,https://images.unsplash.com/photo-1565299624946-b28f40a0ae38?auto=format&fit=crop&w=800&q=80,"Ring Road, Ludhiana"
883,Sagar Dum Biryani,Alleppey,Kerala,Biryani & Kebabs,4.5 ★,450,https://images.unsplash.com/photo-1606474530462-8d76926720b7?auto=format&fit=crop&w=800&q=80,"City Centre, Alleppey"
884,Vadodara Kitchen,Vadodara,Gujarat,Gujarati / Farsan,4.3 ★,500,https://images.unsplash.com/photo-1610192244261-3f33de3b55e4?auto=format&fit=crop&w=800&q=80,"Ring Road, Vadodara"
885,New Nawabi Kitchen,Solapur,Maharashtra,Mughlai / North Indian,4.4 ★,1400,https://images.unsplash.com/photo-1555396273-367ea4eb4db5?auto=format&fit=crop&w=800&q=80,"City Centre, Solapur"
886,Ganga Bistro,New Delhi,Delhi,Cafe / Continental,4.2 ★,800,https://images.unsplash.com/photo-1555396273-367ea4eb4db5?auto=format&fit=crop&w=800&q=80,"Karol Bagh, New Delhi"
887,Hyderabad Brew House,Hyderabad,Telangana,Cafe / Continental,4.4 ★,1150,https://images.unsplash.com/photo-1555396273-367ea4eb4db5?auto=format&fit=crop&w=800&q=80,"Gachibowli, Hyderabad"
888,Spice Thela,Siliguri,West Bengal,Kolkata Street Food / Rolls,4.5 ★,300,https://images.unsplash.com/photo-1565299624946-b28f40a0ae38?auto=format&fit=crop&w=800&q=80,"Gandhi Road, Siliguri"
889,Saffron Chaat House,Patna,Bihar,Bihari / Litti Chokha,4.7 ★,250,https://images.unsplash.com/photo-1565299624946-b28f40a0ae38?auto=format&fit=crop&w=800&q=80,"Station Road, Patna"
890,Original Table,Jodhpur,Rajasthan,Cafe / Continental,4.3 ★,850,https://images.unsplash.com/photo-1555396273-367ea4eb4db5?auto=format&fit=crop&w=800&q=80,"Sadar Bazaar, Jodhpur"
891,Gupta's Dining Hall,Kozhikode,Kerala,Kerala Meals / Sadya,4.6 ★,350,https://images.unsplash.com/photo-1610192244261-3f33de3b55e4?auto=format&fit=crop&w=800&q=80,"Gandhi Road, Kozhikode"
892,Thane Nawabi Kitchen,Thane,Maharashtra,Mughlai / North Indian,4.4 ★,1500,https://images.unsplash.com/photo-1555396273-367ea4eb4db5?auto=format&fit=crop&w=800&q=80,"Ghodbunder Road, Thane"
893,Green Prawn House,Thrissur,Kerala,Coastal / Seafood,4.5 ★,900,https://images.unsplash.com/photo-1504674900247-0877df9cc836?auto=format&fit=crop&w=800&q=80,"Lake Road, Thrissur"
894,Spice Dining Hall,Jaisalmer,Rajasthan,Rajasthani Thali,4.3 ★,1100,https://images.unsplash.com/photo-1610192244261-3f33de3b55e4?auto=format&fit=crop&w=800&q=80,"Ring Road, Jaisalmer"
895,Jodhpur Oven,Jodhpur,Rajasthan,Italian / Pizza,4.4 ★,850,https://images.unsplash.com/photo-1555396273-367ea4eb4db5?auto=format&fit=crop&w=800&q=80,"Sadar Bazaar, Jodhpur"
896,Bengaluru Idli House,Bengaluru,Karnataka,Udupi / Vegetarian,4.5 ★,400,https://images.unsplash.com/photo-1589301760014-d929f3979dbc?auto=format&fit=crop&w=800&q=80,"Indiranagar, Bengaluru"
897,Maharaja Bowl,Imphal,Manipur,Northeast / Momos,4.6 ★,300,https://images.unsplash.com/photo-1565299624946-b28f40a0ae38?auto=format&fit=crop&w=800&q=80,"Civil Lines, Imphal"
898,Nashik Rasoi,Nashik,Maharashtra,Maharashtrian / Thali,4.5 ★,750,https://images.unsplash.com/photo-1610192244261-3f33de3b55e4?auto=format&fit=crop&w=800&q=80,"Nehru Chowk, Nashik"
899,Baba's Fine Dining,Kochi,Kerala,Fine Dining / Multi-cuisine,4.3 ★,2050,https://images.unsplash.com/photo-1555396273-367ea4eb4db5?auto=format&fit=crop&w=800&q=80,"Station Road, Kochi"
900,Jaipur Brew House,Jaipur,Rajasthan,Cafe / Continental,4.6 ★,650,https://images.unsplash.com/photo-1555396273-367ea4eb4db5?auto=format&fit=crop&w=800&q=80,"Tonk Road, Jaipur"
901,Spice Biryani House,Kolhapur,Maharashtra,Mughlai / North Indian,4.4 ★,500,https://images.unsplash.com/photo-1555396273-367ea4eb4db5?auto=format&fit=crop&w=800&q=80,"Old City, Kolhapur"
902,Rishikesh Brew House,Rishikesh,Uttarakhand,Cafe / Continental,4.4 ★,950,https://images.unsplash.com/photo-1555396273-367ea4eb4db5?auto=format&fit=crop&w=800&q=80,"Bus Stand Road, Rishikesh"
903,Rajkot Dining,Rajkot,Gujarat,Multi-cuisine / Family,4.5 ★,950,https://images.unsplash.com/photo-1555396273-367ea4eb4db5?auto=format&fit=crop&w=800&q=80,"Station Road, Rajkot"
904,New Restaurant,Kolkata,West Bengal,Fine Dining / Multi-cuisine,4.3 ★,2900,https://images.unsplash.com/photo-1555396273-367ea4eb4db5?auto=format&fit=crop&w=800&q=80,"Esplanade, Kolkata"
905,Dilli Idli House,Tiruchirappalli,Tamil Nadu,South Indian / Tiffin,4.4 ★,450,https://images.unsplash.com/photo-1589301760014-d929f3979dbc?auto=format&fit=crop&w=800&q=80,"Bus Stand Road, Tiruchirappalli"
906,Shree Kitchen,Kochi,Kerala,Italian / Pizza,4.4 ★,700,https://images.unsplash.com/photo-1555396273-367ea4eb4db5?auto=format&fit=crop&w=800&q=80,"City Centre, Kochi"
907,Coimbatore Bhavan,Coimbatore,Tamil Nadu,South Indian / Traditional,4.9 ★,450,https://images.unsplash.com/photo-1589301760014-d929f3979dbc?auto=format&fit=crop&w=800&q=80,"Gandhi Road, Coimbatore"
908,Sunrise Halwai,Ahmedabad,Gujarat,Mithai & Snacks,4.6 ★,300,https://images.unsplash.com/photo-1565299624946-b28f40a0ae38?auto=format&fit=crop&w=800&q=80,"Navrangpura, Ahmedabad"
909,Chotu's Mess,Manali,Himachal Pradesh,Himachali / Pahadi,4.4 ★,750,https://images.unsplash.com/photo-1610192244261-3f33de3b55e4?auto=format&fit=crop&w=800&q=80,"Old City, Manali"
910,Patel's Chat Corner,Agra,Uttar Pradesh,Street Food / Chaat,4.4 ★,400,https://images.unsplash.com/photo-1565299624946-b28f40a0ae38?auto=format&fit=crop&w=800&q=80,"Station Road, Agra"
911,Noida Bistro,Noida,Uttar Pradesh,Italian / Pizza,4.6 ★,1450,https://images.unsplash.com/photo-1555396273-367ea4eb4db5?auto=format&fit=crop&w=800&q=80,"Old City, Noida"
912,Annapurna Darbar,Srinagar,Jammu and Kashmir,Mughlai / North Indian,4.5 ★,1050,https://images.unsplash.com/photo-1555396273-367ea4eb4db5?auto=format&fit=crop&w=800&q=80,"Nehru Chowk, Srinagar"
913,Madurai Idli House,Madurai,Tamil Nadu,South Indian / Traditional,4.7 ★,550,https://images.unsplash.com/photo-1589301760014-d929f3979dbc?auto=format&fit=crop&w=800&q=80,"Bus Stand Road, Madurai"
914,Pune Dragon,Pune,Maharashtra,Pan-Asian,4.7 ★,1050,https://images.unsplash.com/photo-1555396273-367ea4eb4db5?auto=format&fit=crop&w=800&q=80,"Kalyani Nagar, Pune"
915,Famous Kitchen,Patna,Bihar,Punjabi / Dhaba,4.9 ★,650,https://images.unsplash.com/photo-1555396273-367ea4eb4db5?auto=format&fit=crop&w=800&q=80,"MG Road, Patna"
916,Aroma Jalebi House,Gwalior,Madhya Pradesh,Mithai & Snacks,4.8 ★,200,https://images.unsplash.com/photo-1565299624946-b28f40a0ae38?auto=format&fit=crop&w=800&q=80,"Bazaar Street, Gwalior"
917,Khan's Fine Dining,Lucknow,Uttar Pradesh,Fine Dining / Multi-cuisine,4.6 ★,1900,https://images.unsplash.com/photo-1555396273-367ea4eb4db5?auto=format&fit=crop&w=800&q=80,"Aminabad, Lucknow"
918,Famous Bhojanalay,Ahmedabad,Gujarat,Gujarati / Farsan,4.2 ★,500,https://images.unsplash.com/photo-1610192244261-3f33de3b55e4?auto=format&fit=crop&w=800&q=80,"SG Highway, Ahmedabad"
919,Coimbatore Pan Asia,Coimbatore,Tamil Nadu,Chinese / Indo-Chinese,4.5 ★,850,https://images.unsplash.com/photo-1504674900247-0877df9cc836?auto=format&fit=crop&w=800&q=80,"Old City, Coimbatore"
920,New Delhi Coffee Roasters,New Delhi,Delhi,Bakery & Cafe,4.3 ★,700,https://images.unsplash.com/photo-1555396273-367ea4eb4db5?auto=format&fit=crop&w=800&q=80,"Paharganj, New Delhi"
921,Bombay Dairy & Sweets,New Delhi,Delhi,Mithai & Snacks,4.5 ★,250,https://images.unsplash.com/photo-1565299624946-b28f40a0ae38?auto=format&fit=crop&w=800&q=80,"Paharganj, New Delhi"
922,Rustic Biryani Bazaar,Kochi,Kerala,Biryani & Kebabs,4.4 ★,500,https://images.unsplash.com/photo-1606474530462-8d76926720b7?auto=format&fit=crop&w=800&q=80,"Nehru Chowk, Kochi"
923,Kolhapur Coffee Roasters,Kolhapur,Maharashtra,Parsi / Irani Cafe,4.3 ★,400,https://images.unsplash.com/photo-1555396273-367ea4eb4db5?auto=format&fit=crop&w=800&q=80,"Temple Road, Kolhapur"
924,Iyer's Village Dining,Jaipur,Rajasthan,Dal Baati Churma / Rajasthani,4.7 ★,650,https://images.unsplash.com/photo-1610192244261-3f33de3b55e4?auto=format&fit=crop&w=800&q=80,"C-Scheme, Jaipur"
925,Spice Halwai,Indore,Madhya Pradesh,Mithai & Snacks,4.3 ★,300,https://images.unsplash.com/photo-1565299624946-b28f40a0ae38?auto=format&fit=crop&w=800&q=80,"Nehru Chowk, Indore"
926,Urban Kitchen & Bar,Bengaluru,Karnataka,Multi-cuisine / Family,4.6 ★,900,https://images.unsplash.com/photo-1555396273-367ea4eb4db5?auto=format&fit=crop&w=800&q=80,"Jayanagar, Bengaluru"
927,Original Coffee Roasters,Ranchi,Jharkhand,Cafe / Continental,4.4 ★,1000,https://images.unsplash.com/photo-1555396273-367ea4eb4db5?auto=format&fit=crop&w=800&q=80,"Station Road, Ranchi"
928,Golden Meals,Udupi,Karnataka,South Indian / Tiffin,4.6 ★,300,https://images.unsplash.com/photo-1589301760014-d929f3979dbc?auto=format&fit=crop&w=800&q=80,"Station Road, Udupi"
929,Ganga Biryani Kitchen,Guntur,Andhra Pradesh,Biryani & Kebabs,4.5 ★,700,https://images.unsplash.com/photo-1606474530462-8d76926720b7?auto=format&fit=crop&w=800&q=80,"Gandhi Road, Guntur"
930,Madurai Filter Coffee House,Madurai,Tamil Nadu,South Indian / Traditional,4.3 ★,600,https://images.unsplash.com/photo-1589301760014-d929f3979dbc?auto=format&fit=crop&w=800&q=80,"Gandhi Road, Madurai"
931,Golden Seafood Kitchen,Bengaluru,Karnataka,Mangalorean Seafood,4.2 ★,1700,https://images.unsplash.com/photo-1504674900247-0877df9cc836?auto=format&fit=crop&w=800&q=80,"Basavanagudi, Bengaluru"
932,Sharma's Street Bites,Kolhapur,Maharashtra,Street Food / Vada Pav,4.5 ★,150,https://images.unsplash.com/photo-1565299624946-b28f40a0ae38?auto=format&fit=crop&w=800&q=80,"Gandhi Road, Kolhapur"
933,Iyer's Brew House,Bengaluru,Karnataka,Bakery & Cafe,4.2 ★,900,https://images.unsplash.com/photo-1555396273-367ea4eb4db5?auto=format&fit=crop&w=800&q=80,"Church Street, Bengaluru"
934,Famous Bistro,Pune,Maharashtra,Bakery & Cafe,4.5 ★,350,https://images.unsplash.com/photo-1555396273-367ea4eb4db5?auto=format&fit=crop&w=800&q=80,"Deccan Gymkhana, Pune"
935,Zaika Hakka Kitchen,Mathura,Uttar Pradesh,Chinese / Indo-Chinese,4.3 ★,900,https://images.unsplash.com/photo-1504674900247-0877df9cc836?auto=format&fit=crop&w=800&q=80,"Temple Road, Mathura"
936,Shiv Trattoria,New Delhi,Delhi,Italian / Pizza,4.5 ★,900,https://images.unsplash.com/photo-1555396273-367ea4eb4db5?auto=format&fit=crop&w=800&q=80,"Connaught Place, New Delhi"
937,Rustic Pan Asia,Vadodara,Gujarat,Pan-Asian,4.5 ★,1450,https://images.unsplash.com/photo-1555396273-367ea4eb4db5?auto=format&fit=crop&w=800&q=80,"Station Road, Vadodara"
938,Vadodara Bhojanalay,Vadodara,Gujarat,Gujarati Thali,4.3 ★,800,https://images.unsplash.com/photo-1610192244261-3f33de3b55e4?auto=format&fit=crop&w=800&q=80,"Bazaar Street, Vadodara"
939,Crown Bhavan,Madurai,Tamil Nadu,Chettinad / South Indian,4.6 ★,1050,https://images.unsplash.com/photo-1555396273-367ea4eb4db5?auto=format&fit=crop&w=800&q=80,"Old City, Madurai"
940,Coimbatore Bistro,Coimbatore,Tamil Nadu,Italian / Pizza,4.4 ★,1350,https://images.unsplash.com/photo-1555396273-367ea4eb4db5?auto=format&fit=crop&w=800&q=80,"Lake Road, Coimbatore"
941,Thrissur Tide,Thrissur,Kerala,Coastal / Seafood,4.3 ★,800,https://images.unsplash.com/photo-1504674900247-0877df9cc836?auto=format&fit=crop&w=800&q=80,"Main Market, Thrissur"
942,Kesar Rasoi,Ludhiana,Punjab,North Indian / Tandoor,4.7 ★,950,https://images.unsplash.com/photo-1555396273-367ea4eb4db5?auto=format&fit=crop&w=800&q=80,"Lake Road, Ludhiana"
943,Chotu's Tide,Guntur,Andhra Pradesh,Coastal / Seafood,4.8 ★,800,https://images.unsplash.com/photo-1504674900247-0877df9cc836?auto=format&fit=crop&w=800&q=80,"Ring Road, Guntur"
944,Coimbatore Fine Dining,Coimbatore,Tamil Nadu,Fine Dining / Multi-cuisine,4.2 ★,2950,https://images.unsplash.com/photo-1555396273-367ea4eb4db5?auto=format&fit=crop&w=800&q=80,"Station Road, Coimbatore"
945,Surat Table,Surat,Gujarat,Fine Dining / Multi-cuisine,4.4 ★,2600,https://images.unsplash.com/photo-1555396273-367ea4eb4db5?auto=format&fit=crop&w=800&q=80,"Station Road, Surat"
946,Leh Thukpa Corner,Leh,Ladakh,Tibetan / Momos,4.3 ★,350,https://images.unsplash.com/photo-1565299624946-b28f40a0ae38?auto=format&fit=crop&w=800&q=80,"Bazaar Street, Leh"
947,Jaisalmer Bhojanalay,Jaisalmer,Rajasthan,Laal Maas / Rajasthani Non-Veg,4.3 ★,1250,https://images.unsplash.com/photo-1504674900247-0877df9cc836?auto=format&fit=crop&w=800&q=80,"Temple Road, Jaisalmer"
948,Aurangabad Biryani House,Aurangabad,Maharashtra,Mughlai / North Indian,4.4 ★,1400,https://images.unsplash.com/photo-1555396273-367ea4eb4db5?auto=format&fit=crop&w=800&q=80,"Gandhi Road, Aurangabad"
949,Nair's Noodle House,Gangtok,Sikkim,Chinese / Indo-Chinese,4.6 ★,750,https://images.unsplash.com/photo-1504674900247-0877df9cc836?auto=format&fit=crop&w=800&q=80,"City Centre, Gangtok"
950,Ranchi Bhojan,Ranchi,Jharkhand,Jharkhandi / Regional,4.7 ★,650,https://images.unsplash.com/photo-1610192244261-3f33de3b55e4?auto=format&fit=crop&w=800&q=80,"City Centre, Ranchi"
951,Sri Krishna Dhaba,Aurangabad,Maharashtra,Punjabi / Dhaba,4.7 ★,950,https://images.unsplash.com/photo-1555396273-367ea4eb4db5?auto=format&fit=crop&w=800&q=80,"Ring Road, Aurangabad"
952,Kanpur Curry House,Kanpur,Uttar Pradesh,North Indian / Tandoor,4.3 ★,1550,https://images.unsplash.com/photo-1555396273-367ea4eb4db5?auto=format&fit=crop&w=800&q=80,"Gandhi Road, Kanpur"
953,Moti Chaat Bhandar,Mumbai,Maharashtra,Street Food / Vada Pav,4.6 ★,350,https://images.unsplash.com/photo-1565299624946-b28f40a0ae38?auto=format&fit=crop&w=800&q=80,"Andheri West, Mumbai"
954,Urban Thali House,Aurangabad,Maharashtra,Maharashtrian / Thali,4.9 ★,650,https://images.unsplash.com/photo-1610192244261-3f33de3b55e4?auto=format&fit=crop&w=800&q=80,"Civil Lines, Aurangabad"
955,Indore Bhandar,Indore,Madhya Pradesh,Mithai & Snacks,4.7 ★,500,https://images.unsplash.com/photo-1565299624946-b28f40a0ae38?auto=format&fit=crop&w=800&q=80,"Civil Lines, Indore"
956,Sagar Bhojan,Ahmedabad,Gujarat,Gujarati / Farsan,4.6 ★,550,https://images.unsplash.com/photo-1610192244261-3f33de3b55e4?auto=format&fit=crop&w=800&q=80,"Navrangpura, Ahmedabad"
957,Pune Wok,Pune,Maharashtra,Pan-Asian,4.7 ★,1750,https://images.unsplash.com/photo-1555396273-367ea4eb4db5?auto=format&fit=crop&w=800&q=80,"FC Road, Pune"
958,Ananda Brew House,Bhopal,Madhya Pradesh,Cafe / Continental,4.4 ★,1500,https://images.unsplash.com/photo-1555396273-367ea4eb4db5?auto=format&fit=crop&w=800&q=80,"MG Road, Bhopal"
959,Sunrise Pizzeria,Margao,Goa,Italian / Pizza,4.6 ★,850,https://images.unsplash.com/photo-1555396273-367ea4eb4db5?auto=format&fit=crop&w=800&q=80,"MG Road, Margao"
960,Shree Bistro,Solapur,Maharashtra,Parsi / Irani Cafe,4.4 ★,700,https://images.unsplash.com/photo-1555396273-367ea4eb4db5?auto=format&fit=crop&w=800&q=80,"Lake Road, Solapur"
961,Mayur Dragon,Chennai,Tamil Nadu,Pan-Asian,4.4 ★,1550,https://images.unsplash.com/photo-1555396273-367ea4eb4db5?auto=format&fit=crop&w=800&q=80,"Alwarpet, Chennai"
962,Nagpur Brew House,Nagpur,Maharashtra,Bakery & Cafe,4.6 ★,450,https://images.unsplash.com/photo-1555396273-367ea4eb4db5?auto=format&fit=crop&w=800&q=80,"Nehru Chowk, Nagpur"
963,Shiv Biryani Bazaar,Vadodara,Gujarat,Biryani & Kebabs,4.7 ★,550,https://images.unsplash.com/photo-1606474530462-8d76926720b7?auto=format&fit=crop&w=800&q=80,"City Centre, Vadodara"
964,Sagar Bhojanalay,Imphal,Manipur,Assamese Thali,4.2 ★,550,https://images.unsplash.com/photo-1610192244261-3f33de3b55e4?auto=format&fit=crop&w=800&q=80,"Civil Lines, Imphal"
965,Annapurna Bakehouse,Mussoorie,Uttarakhand,Cafe / Continental,4.3 ★,800,https://images.unsplash.com/photo-1555396273-367ea4eb4db5?auto=format&fit=crop&w=800&q=80,"Mall Road, Mussoorie"
966,Lazeez Kebab Corner,Lucknow,Uttar Pradesh,Mughlai / North Indian,4.1 ★,1200,https://images.unsplash.com/photo-1555396273-367ea4eb4db5?auto=format&fit=crop&w=800&q=80,"Aminabad, Lucknow"
967,Lazeez Table,Vijayawada,Andhra Pradesh,Multi-cuisine / Family,4.6 ★,1450,https://images.unsplash.com/photo-1555396273-367ea4eb4db5?auto=format&fit=crop&w=800&q=80,"Ring Road, Vijayawada"
968,Jamshedpur Biryani Bazaar,Jamshedpur,Jharkhand,Biryani & Kebabs,4.8 ★,400,https://images.unsplash.com/photo-1606474530462-8d76926720b7?auto=format&fit=crop&w=800&q=80,"Bazaar Street, Jamshedpur"
969,Moti Halwai,Amritsar,Punjab,Mithai & Snacks,4.8 ★,200,https://images.unsplash.com/photo-1565299624946-b28f40a0ae38?auto=format&fit=crop&w=800&q=80,"Nehru Chowk, Amritsar"
970,Gupta's Nukkad,New Delhi,Delhi,Street Food / Chaat,4.7 ★,150,https://images.unsplash.com/photo-1565299624946-b28f40a0ae38?auto=format&fit=crop&w=800&q=80,"Defence Colony, New Delhi"
971,Mumbai Fish Thali House,Mumbai,Maharashtra,Malvani / Seafood,4.5 ★,800,https://images.unsplash.com/photo-1504674900247-0877df9cc836?auto=format&fit=crop&w=800&q=80,"Colaba, Mumbai"
972,Rustic Coffee Roasters,Varanasi,Uttar Pradesh,Bakery & Cafe,4.4 ★,350,https://images.unsplash.com/photo-1555396273-367ea4eb4db5?auto=format&fit=crop&w=800&q=80,"Main Market, Varanasi"
973,Heritage Chopsticks,Mangaluru,Karnataka,Chinese / Indo-Chinese,4.4 ★,850,https://images.unsplash.com/photo-1504674900247-0877df9cc836?auto=format&fit=crop&w=800&q=80,"Civil Lines, Mangaluru"
974,Crown Chat Corner,Gurugram,Haryana,Street Food / Chaat,4.6 ★,350,https://images.unsplash.com/photo-1565299624946-b28f40a0ae38?auto=format&fit=crop&w=800&q=80,"City Centre, Gurugram"
975,Jai Tandoor,Ujjain,Madhya Pradesh,Bhopali / Non-Veg,4.6 ★,1100,https://images.unsplash.com/photo-1606474530462-8d76926720b7?auto=format&fit=crop&w=800&q=80,"Main Market, Ujjain"
976,Indore Chaat House,Indore,Madhya Pradesh,Malwa / Poha-Jalebi,4.9 ★,250,https://images.unsplash.com/photo-1565299624946-b28f40a0ae38?auto=format&fit=crop&w=800&q=80,"Gandhi Road, Indore"
977,Guwahati Cafe,Guwahati,Assam,Bakery & Cafe,4.4 ★,500,https://images.unsplash.com/photo-1555396273-367ea4eb4db5?auto=format&fit=crop&w=800&q=80,"Lake Road, Guwahati"
978,Chennai Table,Chennai,Tamil Nadu,Bakery & Cafe,4.4 ★,500,https://images.unsplash.com/photo-1555396273-367ea4eb4db5?auto=format&fit=crop&w=800&q=80,"Adyar, Chennai"
979,Desi Nawabi Kitchen,Agra,Uttar Pradesh,Awadhi / Non-Veg,4.6 ★,550,https://images.unsplash.com/photo-1606474530462-8d76926720b7?auto=format&fit=crop&w=800&q=80,"MG Road, Agra"
980,Bengaluru Dawat,Bengaluru,Karnataka,Biryani & Kebabs,4.2 ★,1000,https://images.unsplash.com/photo-1606474530462-8d76926720b7?auto=format&fit=crop&w=800&q=80,"Brigade Road, Bengaluru"
981,Baba's Dosa Corner,Hubballi,Karnataka,South Indian / Tiffin,4.4 ★,300,https://images.unsplash.com/photo-1589301760014-d929f3979dbc?auto=format&fit=crop&w=800&q=80,"Gandhi Road, Hubballi"
982,Chennai Tide,Chennai,Tamil Nadu,Coastal / Seafood,4.4 ★,1350,https://images.unsplash.com/photo-1504674900247-0877df9cc836?auto=format&fit=crop&w=800&q=80,"T Nagar, Chennai"
983,Singh's Annapurna,Nashik,Maharashtra,Maharashtrian / Thali,4.7 ★,550,https://images.unsplash.com/photo-1610192244261-3f33de3b55e4?auto=format&fit=crop&w=800&q=80,"Sadar Bazaar, Nashik"
984,Bhavnagar Chat Corner,Bhavnagar,Gujarat,Street Food / Snacks,4.7 ★,400,https://images.unsplash.com/photo-1565299624946-b28f40a0ae38?auto=format&fit=crop&w=800&q=80,"MG Road, Bhavnagar"
985,Zaika Street Bites,Kolkata,West Bengal,Kolkata Street Food / Rolls,4.7 ★,450,https://images.unsplash.com/photo-1565299624946-b28f40a0ae38?auto=format&fit=crop&w=800&q=80,"Gariahat, Kolkata"
986,Kolkata Grand Dining,Kolkata,West Bengal,Multi-cuisine / Family,4.1 ★,1500,https://images.unsplash.com/photo-1555396273-367ea4eb4db5?auto=format&fit=crop&w=800&q=80,"Ballygunge, Kolkata"
987,Sunrise Coffee Roasters,Kolhapur,Maharashtra,Parsi / Irani Cafe,4.6 ★,750,https://images.unsplash.com/photo-1555396273-367ea4eb4db5?auto=format&fit=crop&w=800&q=80,"Civil Lines, Kolhapur"
988,Iyer's Seafood Kitchen,Madurai,Tamil Nadu,Coastal / Seafood,4.5 ★,900,https://images.unsplash.com/photo-1504674900247-0877df9cc836?auto=format&fit=crop&w=800&q=80,"Bazaar Street, Madurai"
989,Coimbatore Sea Catch,Coimbatore,Tamil Nadu,Coastal / Seafood,4.2 ★,1150,https://images.unsplash.com/photo-1504674900247-0877df9cc836?auto=format&fit=crop&w=800&q=80,"Old City, Coimbatore"
990,Jai Bistro,Patna,Bihar,Cafe / Continental,4.3 ★,1500,https://images.unsplash.com/photo-1555396273-367ea4eb4db5?auto=format&fit=crop&w=800&q=80,"Nehru Chowk, Patna"
991,Solapur Kitchen & Bar,Solapur,Maharashtra,Parsi / Irani Cafe,4.3 ★,750,https://images.unsplash.com/photo-1555396273-367ea4eb4db5?auto=format&fit=crop&w=800&q=80,"Main Market, Solapur"
992,Mumbai Cafe,Mumbai,Maharashtra,Bakery & Cafe,4.3 ★,650,https://images.unsplash.com/photo-1555396273-367ea4eb4db5?auto=format&fit=crop&w=800&q=80,"Chembur, Mumbai"
993,Lazeez Thali House,Jodhpur,Rajasthan,Dal Baati Churma / Rajasthani,4.6 ★,550,https://images.unsplash.com/photo-1610192244261-3f33de3b55e4?auto=format&fit=crop&w=800&q=80,"Bus Stand Road, Jodhpur"
994,Grand Mandarin,Hyderabad,Telangana,Pan-Asian,4.1 ★,1250,https://images.unsplash.com/photo-1555396273-367ea4eb4db5?auto=format&fit=crop&w=800&q=80,"Gachibowli, Hyderabad"
995,Shiv Bakehouse,Kolhapur,Maharashtra,Parsi / Irani Cafe,4.3 ★,400,https://images.unsplash.com/photo-1555396273-367ea4eb4db5?auto=format&fit=crop&w=800&q=80,"Bazaar Street, Kolhapur"
996,Jaipur Street Bites,Jaipur,Rajasthan,Street Food / Snacks,4.2 ★,300,https://images.unsplash.com/photo-1565299624946-b28f40a0ae38?auto=format&fit=crop&w=800&q=80,"Malviya Nagar, Jaipur"
997,Classic Kitchen,Thiruvananthapuram,Kerala,South Indian / Tiffin,4.2 ★,250,https://images.unsplash.com/photo-1589301760014-d929f3979dbc?auto=format&fit=crop&w=800&q=80,"MG Road, Thiruvananthapuram"
998,Rustic Bowl,Bhopal,Madhya Pradesh,Pan-Asian,4.7 ★,1150,https://images.unsplash.com/photo-1555396273-367ea4eb4db5?auto=format&fit=crop&w=800&q=80,"MG Road, Bhopal"
999,Chennai Kitchen & Bar,Chennai,Tamil Nadu,Bakery & Cafe,4.4 ★,600,https://images.unsplash.com/photo-1555396273-367ea4eb4db5?auto=format&fit=crop&w=800&q=80,"Egmore, Chennai"
1000,Nawab Filter Coffee House,Mangaluru,Karnataka,South Indian / Tiffin,4.7 ★,450,https://images.unsplash.com/photo-1589301760014-d929f3979dbc?auto=format&fit=crop&w=800&q=80,"Main Market, Mangaluru"